Workbook

Sheet 說明
A1: 項目 | B1: 內容
A2: 已完成配準資料集數 | B2: 1
A3: 已完成配準資料集 | B3: ETH-Trees
A4: 跨資料集配準狀態 | B4: 尚未完成：其他原始站點與配準真值待取得
A5: 外部樹木提取驗證 | B5: Liang2018 / TreeTool處理後六樣區、三設定、seed11–20；見外部提取工作表
A6: 本輪ETH的seed | B6: 11–20；篩選使用舊seed1–5，6–10另列
A7: 成功定義 | B7: 旋轉誤差 < 2° 且平移誤差 < 0.5 m
A8: 兩站方法 | B8: 每次只用兩站；控制組5 cm＋SVD，候選為固定10 cm＋配準RANSAC
A9: 多站方法 | B9: 最大生成樹使用同場景全部站；與獨立兩站任務分開解讀
A10: e_p定義 | B10: source全部點的平均變換差；表內中位數只對成功案例
A11: 新資料策略 | B11: 使用ETH固定參數直接套用，不先針對新資料重調
A12: ETH建議 | B12: 獨立兩站優先10cm＋配準RANSAC：142/150 (94.7%)；control SVD為118/150 (78.7%)
A13: 多站路徑建議 | B13: 六站最大生成樹150/150；需取得全部站點，不與獨立兩站作相同條件宣稱
A14: 資料缺漏 | B14: 未下載／未執行列明確標示；不是0%成功率
... A18: 後續優先順序 | B18: 取得原始分站資料與配準真值，驗證固定10cm＋配準RANSAC；提取先檢查漏樹原因、感測器原點與標註範圍。

Sheet 逐對結果
A1: 資料集 | B1: 場景 | C1: 任務 | D1: 方法代碼 | E1: solver | F1: seed | G1: pair | H1: 官方配對 | I1: 求得變換 | J1: 成功 | K1: 旋轉誤差° | L1: 平移誤差m | M1: e_p m | N1: CN匹配數 | O1: GT正確匹配數(僅評分) | P1: RANSAC inliers | Q1: 多站路徑 | R1: 匹配＋求解ms | S1: 擷取設定 | T1: 結果來源
A2: ETH-Trees | B2: Trees | C2: 兩站 | D2: fresh_control | E2: svd | F2: 11 | G2: s1-s2 | H2: 1 | I2: 1 | J2: 1 | K2: 0.54773544 | L2: 0.080279404 | M2: 0.087026289 | N2: 6 | O2: 6 | P2: 0 | R2: 1.713854 | S2: control | T2: results/eth_trees/tuning_20261025/runs/fresh_rows.csv
A3: ETH-Trees | B3: Trees | C3: 兩站 | D3: fresh_control | E3: svd+ransac | F3: 11 | G3: s1-s2 | H3: 1 | I3: 1 | J3: 1 | K3: 0.54773544 | L3: 0.080279404 | M3: 0.087026289 | N3: 6 | O3: 6 | P3: 6 | R3: 6.131956 | S3: control | T3: results/eth_trees/tuning_20261025/runs/fresh_rows.csv
A4: ETH-Trees | B4: Trees | C4: 兩站 | D4: fresh_control | E4: svd | F4: 11 | G4: s1-s3 | H4: 1 | I4: 1 | J4: 1 | K4: 1.7622011 | L4: 0.27435017 | M4: 0.28907962 | N4: 9 | O4: 9 | P4: 0 | R4: 1.415102 | S4: control | T4: results/eth_trees/tuning_20261025/runs/fresh_rows.csv
A5: ETH-Trees | B5: Trees | C5: 兩站 | D5: fresh_control | E5: svd+ransac | F5: 11 | G5: s1-s3 | H5: 1 | I5: 1 | J5: 1 | K5: 1.2683517 | L5: 0.10658032 | M5: 0.1281766 | N5: 9 | O5: 9 | P5: 8 | R5: 1.925898 | S5: control | T5: results/eth_trees/tuning_20261025/runs/fresh_rows.csv
A6: ETH-Trees | B6: Trees | C6: 兩站 | D6: fresh_control | E6: svd | F6: 11 | G6: s1-s4 | H6: 0 | I6: 1 | J6: 1 | K6: 0.99967114 | L6: 0.20461008 | M6: 0.21323552 | N6: 6 | O6: 6 | P6: 0 | R6: 5.426543 | S6: control | T6: results/eth_trees/tuning_20261025/runs/fresh_rows.csv
A7: ETH-Trees | B7: Trees | C7: 兩站 | D7: fresh_control | E7: svd+ransac | F7: 11 | G7: s1-s4 | H7: 0 | I7: 1 | J7: 1 | K7: 0.99967114 | L7: 0.20461008 | M7: 0.21323552 | N7: 6 | O7: 6 | P7: 6 | R7: 5.859021 | S7: control | T7: results/eth_trees/tuning_20261025/runs/fresh_rows.csv
A8: ETH-Trees | B8: Trees | C8: 兩站 | D8: fresh_control | E8: svd | F8: 11 | G8: s1-s5 | H8: 0 | I8: 1 | J8: 0 | K8: 2.0161573 | L8: 0.5794676 | M8: 0.58740625 | N8: 6 | O8: 6 | P8: 0 | R8: 2.41501 | S8: control | T8: results/eth_trees/tuning_20261025/runs/fresh_rows.csv
A9: ETH-Trees | B9: Trees | C9: 兩站 | D9: fresh_control | E9: svd+ransac | F9: 11 | G9: s1-s5 | H9: 0 | I9: 1 | J9: 1 | K9: 0.52907802 | L9: 0.10110078 | M9: 0.10449931 | N9: 6 | O9: 6 | P9: 5 | R9: 6.990876 | S9: control | T9: results/eth_trees/tuning_20261025/runs/fresh_rows.csv
A10: ETH-Trees | B10: Trees | C10: 兩站 | D10: fresh_control | E10: svd | F10: 11 | G10: s1-s6 | H10: 0 | I10: 1 | J10: 0 | K10: 8.5544613 | L10: 3.6936636 | M10: 3.6760071 | N10: 3 | O10: 3 | P10: 0 | R10: 2.437844 | S10: control | T10: results/eth_trees/tuning_20261025/runs/fresh_rows.csv
A11: ETH-Trees | B11: Trees | C11: 兩站 | D11: fresh_control | E11: svd+ransac | F11: 11 | G11: s1-s6 | H11: 0 | I11: 1 | J11: 0 | K11: 8.5544613 | L11: 3.6936636 | M11: 3.6760071 | N11: 3 | O11: 3 | P11: 3 | R11: 2.618301 | S11: control | T11: results/eth_trees/tuning_20261025/runs/fresh_rows.csv
A12: ETH-Trees | B12: Trees | C12: 兩站 | D12: fresh_control | E12: svd | F12: 12 | G12: s1-s2 | H12: 1 | I12: 1 | J12: 1 | K12: 0.43836989 | L12: 0.062225384 | M12: 0.067612733 | N12: 6 | O12: 6 | P12: 0 | R12: 1.57599 | S12: control | T12: results/eth_trees/tuning_20261025/runs/fresh_rows.csv
A13: ETH-Trees | B13: Trees | C13: 兩站 | D13: fresh_control | E13: svd+ransac | F13: 12 | G13: s1-s2 | H13: 1 | I13: 1 | J13: 1 | K13: 0.43836989 | L13: 0.062225384 | M13: 0.067612733 | N13: 6 | O13: 6 | P13: 6 | R13: 1.952296 | S13: control | T13: results/eth_trees/tuning_20261025/runs/fresh_rows.csv
... A29: ETH-Trees | B29: Trees | C29: 兩站 | D29: fresh_control | E29: svd+ransac | F29: 13 | G29: s1-s5 | H29: 0 | I29: 1 | J29: 1 | K29: 0.48208598 | L29: 0.10782001 | M29: 0.11181077 | N29: 5 | O29: 5 | P29: 5 | R29: 6.569632 | S29: control | T29: results/eth_trees/tuning_20261025/runs/fresh_rows.csv
A30: ETH-Trees | B30: Trees | C30: 兩站 | D30: fresh_control | E30: svd | F30: 13 | G30: s1-s6 | H30: 0 | I30: 0 | J30: 0 | N30: 0 | O30: 0 | P30: 0 | R30: 2.129048 | S30: control | T30: results/eth_trees/tuning_20261025/runs/fresh_rows.csv
A31: ETH-Trees | B31: Trees | C31: 兩站 | D31: fresh_control | E31: svd+ransac | F31: 13 | G31: s1-s6 | H31: 0 | I31: 0 | J31: 0 | N31: 0 | O31: 0 | P31: 0 | R31: 2.128918 | S31: control | T31: results/eth_trees/tuning_20261025/runs/fresh_rows.csv
A32: ETH-Trees | B32: Trees | C32: 兩站 | D32: fresh_control | E32: svd | F32: 14 | G32: s1-s2 | H32: 1 | I32: 0 | J32: 0 | N32: 2 | O32: 2 | P32: 0 | R32: 5.402709 | S32: control | T32: results/eth_trees/tuning_20261025/runs/fresh_rows.csv
A33: ETH-Trees | B33: Trees | C33: 兩站 | D33: fresh_control | E33: svd+ransac | F33: 14 | G33: s1-s2 | H33: 1 | I33: 0 | J33: 0 | N33: 2 | O33: 2 | P33: 0 | R33: 5.402749 | S33: control | T33: results/eth_trees/tuning_20261025/runs/fresh_rows.csv
A34: ETH-Trees | B34: Trees | C34: 兩站 | D34: fresh_control | E34: svd | F34: 14 | G34: s1-s3 | H34: 1 | I34: 1 | J34: 1 | K34: 1.1381519 | L34: 0.12730976 | M34: 0.14290071 | N34: 9 | O34: 9 | P34: 0 | R34: 1.25142 | S34: control | T34: results/eth_trees/tuning_20261025/runs/fresh_rows.csv
A35: ETH-Trees | B35: Trees | C35: 兩站 | D35: fresh_control | E35: svd+ransac | F35: 14 | G35: s1-s3 | H35: 1 | I35: 1 | J35: 1 | K35: 1.1381519 | L35: 0.12730976 | M35: 0.14290071 | N35: 9 | O35: 9 | P35: 9 | R35: 1.789976 | S35: control | T35: results/eth_trees/tuning_20261025/runs/fresh_rows.csv
A36: ETH-Trees | B36: Trees | C36: 兩站 | D36: fresh_control | E36: svd | F36: 14 | G36: s1-s4 | H36: 0 | I36: 0 | J36: 0 | N36: 2 | O36: 2 | P36: 0 | R36: 1.52806 | S36: control | T36: results/eth_trees/tuning_20261025/runs/fresh_rows.csv
A37: ETH-Trees | B37: Trees | C37: 兩站 | D37: fresh_control | E37: svd+ransac | F37: 14 | G37: s1-s4 | H37: 0 | I37: 0 | J37: 0 | N37: 2 | O37: 2 | P37: 0 | R37: 1.527999 | S37: control | T37: results/eth_trees/tuning_20261025/runs/fresh_rows.csv
A38: ETH-Trees | B38: Trees | C38: 兩站 | D38: fresh_control | E38: svd | F38: 14 | G38: s1-s5 | H38: 0 | I38: 1 | J38: 1 | K38: 0.82723443 | L38: 0.23565572 | M38: 0.24105911 | N38: 3 | O38: 3 | P38: 0 | R38: 6.3309 | S38: control | T38: results/eth_trees/tuning_20261025/runs/fresh_rows.csv
A39: ETH-Trees | B39: Trees | C39: 兩站 | D39: fresh_control | E39: svd+ransac | F39: 14 | G39: s1-s5 | H39: 0 | I39: 1 | J39: 1 | K39: 0.82723443 | L39: 0.23565572 | M39: 0.24105911 | N39: 3 | O39: 3 | P39: 3 | R39: 6.50681 | S39: control | T39: results/eth_trees/tuning_20261025/runs/fresh_rows.csv
A40: ETH-Trees | B40: Trees | C40: 兩站 | D40: fresh_control | E40: svd | F40: 14 | G40: s1-s6 | H40: 0 | I40: 1 | J40: 0 | K40: 3.9642737 | L40: 0.21201757 | M40: 0.31424586 | N40: 4 | O40: 4 | P40: 0 | R40: 2.591262 | S40: control | T40: results/eth_trees/tuning_20261025/runs/fresh_rows.csv
A41: ETH-Trees | B41: Trees | C41: 兩站 | D41: fresh_control | E41: svd+ransac | F41: 14 | G41: s1-s6 | H41: 0 | I41: 1 | J41: 1 | K41: 1.8186896 | L41: 0.13551499 | M41: 0.17730392 | N41: 4 | O41: 4 | P41: 3 | R41: 2.896703 | S41: control | T41: results/eth_trees/tuning_20261025/runs/fresh_rows.csv
A42: ETH-Trees | B42: Trees | C42: 兩站 | D42: fresh_control | E42: svd | F42: 15 | G42: s1-s2 | H42: 1 | I42: 1 | J42: 1 | K42: 0.47692242 | L42: 0.10941369 | M42: 0.1185239 | N42: 5 | O42: 5 | P42: 0 | R42: 5.481524 | S42: control | T42: results/eth_trees/tuning_20261025/runs/fresh_rows.csv
A43: ETH-Trees | B43: Trees | C43: 兩站 | D43: fresh_control | E43: svd+ransac | F43: 15 | G43: s1-s2 | H43: 1 | I43: 1 | J43: 1 | K43: 0.47692242 | L43: 0.10941369 | M43: 0.1185239 | N43: 5 | O43: 5 | P43: 5 | R43: 5.847985 | S43: control | T43: results/eth_trees/tuning_20261025/runs/fresh_rows.csv
A44: ETH-Trees | B44: Trees | C44: 兩站 | D44: fresh_control | E44: svd | F44: 15 | G44: s1-s3 | H44: 1 | I44: 1 | J44: 1 | K44: 0.36357182 | L44: 0.03498049 | M44: 0.040713536 | N44: 10 | O44: 10 | P44: 0 | R44: 1.435792 | S44: control | T44: results/eth_trees/tuning_20261025/runs/fresh_rows.csv
A45: ETH-Trees | B45: Trees | C45: 兩站 | D45: fresh_control | E45: svd+ransac | F45: 15 | G45: s1-s3 | H45: 1 | I45: 1 | J45: 1 | K45: 0.36357182 | L45: 0.03498049 | M45: 0.040713536 | N45: 10 | O45: 10 | P45: 10 | R45: 2.022249 | S45: control | T45: results/eth_trees/tuning_20261025/runs/fresh_rows.csv
A46: ETH-Trees | B46: Trees | C46: 兩站 | D46: fresh_control | E46: svd | F46: 15 | G46: s1-s4 | H46: 0 | I46: 0 | J46: 0 | N46: 1 | O46: 1 | P46: 0 | R46: 1.260484 | S46: control | T46: results/eth_trees/tuning_20261025/runs/fresh_rows.csv
A47: ETH-Trees | B47: Trees | C47: 兩站 | D47: fresh_control | E47: svd+ransac | F47: 15 | G47: s1-s4 | H47: 0 | I47: 0 | J47: 0 | N47: 1 | O47: 1 | P47: 0 | R47: 1.260634 | S47: control | T47: results/eth_trees/tuning_20261025/runs/fresh_rows.csv
A48: ETH-Trees | B48: Trees | C48: 兩站 | D48: fresh_control | E48: svd | F48: 15 | G48: s1-s5 | H48: 0 | I48: 1 | J48: 1 | K48: 0.85802265 | L48: 0.31298172 | M48: 0.3151043 | N48: 5 | O48: 5 | P48: 0 | R48: 2.165771 | S48: control | T48: results/eth_trees/tuning_20261025/runs/fresh_rows.csv
A49: ETH-Trees | B49: Trees | C49: 兩站 | D49: fresh_control | E49: svd+ransac | F49: 15 | G49: s1-s5 | H49: 0 | I49: 1 | J49: 1 | K49: 0.85802265 | L49: 0.31298172 | M49: 0.3151043 | N49: 5 | O49: 5 | P49: 5 | R49: 2.560925 | S49: control | T49: results/eth_trees/tuning_20261025/runs/fresh_rows.csv
A50: ETH-Trees | B50: Trees | C50: 兩站 | D50: fresh_control | E50: svd | F50: 15 | G50: s1-s6 | H50: 0 | I50: 1 | J50: 1 | K50: 1.3779078 | L50: 0.091204314 | M50: 0.1241737 | N50: 6 | O50: 6 | P50: 0 | R50: 2.235886 | S50: control | T50: results/eth_trees/tuning_20261025/runs/fresh_rows.csv
A51: ETH-Trees | B51: Trees | C51: 兩站 | D51: fresh_control | E51: svd+ransac | F51: 15 | G51: s1-s6 | H51: 0 | I51: 1 | J51: 1 | K51: 1.3779078 | L51: 0.091204314 | M51: 0.1241737 | N51: 6 | O51: 6 | P51: 6 | R51: 2.663769 | S51: control | T51: results/eth_trees/tuning_20261025/runs/fresh_rows.csv
A52: ETH-Trees | B52: Trees | C52: 兩站 | D52: fresh_control | E52: svd | F52: 16 | G52: s1-s2 | H52: 1 | I52: 1 | J52: 1 | K52: 0.36539857 | L52: 0.062431004 | M52: 0.065425177 | N52: 8 | O52: 8 | P52: 0 | R52: 1.471125 | S52: control | T52: results/eth_trees/tuning_20261025/runs/fresh_rows.csv
A53: ETH-Trees | B53: Trees | C53: 兩站 | D53: fresh_control | E53: svd+ransac | F53: 16 | G53: s1-s2 | H53: 1 | I53: 1 | J53: 1 | K53: 0.36539857 | L53: 0.062431004 | M53: 0.065425177 | N53: 8 | O53: 8 | P53: 8 | R53: 27.193963 | S53: control | T53: results/eth_trees/tuning_20261025/runs/fresh_rows.csv
A54: ETH-Trees | B54: Trees | C54: 兩站 | D54: fresh_control | E54: svd | F54: 16 | G54: s1-s3 | H54: 1 | I54: 1 | J54: 1 | K54: 0.71665337 | L54: 0.051892073 | M54: 0.065147149 | N54: 10 | O54: 10 | P54: 0 | R54: 1.220675 | S54: control | T54: results/eth_trees/tuning_20261025/runs/fresh_rows.csv
A55: ETH-Trees | B55: Trees | C55: 兩站 | D55: fresh_control | E55: svd+ransac | F55: 16 | G55: s1-s3 | H55: 1 | I55: 1 | J55: 1 | K55: 0.71665337 | L55: 0.051892073 | M55: 0.065147149 | N55: 10 | O55: 10 | P55: 10 | R55: 1.818559 | S55: control | T55: results/eth_trees/tuning_20261025/runs/fresh_rows.csv
A56: ETH-Trees | B56: Trees | C56: 兩站 | D56: fresh_control | E56: svd | F56: 16 | G56: s1-s4 | H56: 0 | I56: 1 | J56: 1 | K56: 0.84587349 | L56: 0.032086616 | M56: 0.067722014 | N56: 5 | O56: 5 | P56: 0 | R56: 1.426449 | S56: control | T56: results/eth_trees/tuning_20261025/runs/fresh_rows.csv
A57: ETH-Trees | B57: Trees | C57: 兩站 | D57: fresh_control | E57: svd+ransac | F57: 16 | G57: s1-s4 | H57: 0 | I57: 1 | J57: 1 | K57: 0.84587349 | L57: 0.032086616 | M57: 0.067722014 | N57: 5 | O57: 5 | P57: 5 | R57: 1.735746 | S57: control | T57: results/eth_trees/tuning_20261025/runs/fresh_rows.csv
A58: ETH-Trees | B58: Trees | C58: 兩站 | D58: fresh_control | E58: svd | F58: 16 | G58: s1-s5 | H58: 0 | I58: 1 | J58: 1 | K58: 0.52826649 | L58: 0.096083161 | M58: 0.10197871 | N58: 9 | O58: 9 | P58: 0 | R58: 6.261687 | S58: control | T58: results/eth_trees/tuning_20261025/runs/fresh_rows.csv
A59: ETH-Trees | B59: Trees | C59: 兩站 | D59: fresh_control | E59: svd+ransac | F59: 16 | G59: s1-s5 | H59: 0 | I59: 1 | J59: 1 | K59: 0.52826649 | L59: 0.096083161 | M59: 0.10197871 | N59: 9 | O59: 9 | P59: 9 | R59: 6.802136 | S59: control | T59: results/eth_trees/tuning_20261025/runs/fresh_rows.csv
A60: ETH-Trees | B60: Trees | C60: 兩站 | D60: fresh_control | E60: svd | F60: 16 | G60: s1-s6 | H60: 0 | I60: 0 | J60: 0 | N60: 0 | O60: 0 | P60: 0 | R60: 6.489945 | S60: control | T60: results/eth_trees/tuning_20261025/runs/fresh_rows.csv
A61: ETH-Trees | B61: Trees | C61: 兩站 | D61: fresh_control | E61: svd+ransac | F61: 16 | G61: s1-s6 | H61: 0 | I61: 0 | J61: 0 | N61: 0 | O61: 0 | P61: 0 | R61: 6.489515 | S61: control | T61: results/eth_trees/tuning_20261025/runs/fresh_rows.csv
A62: ETH-Trees | B62: Trees | C62: 兩站 | D62: fresh_control | E62: svd | F62: 17 | G62: s1-s2 | H62: 1 | I62: 1 | J62: 1 | K62: 0.64960826 | L62: 0.15988396 | M62: 0.16625347 | N62: 4 | O62: 4 | P62: 0 | R62: 1.59679 | S62: control | T62: results/eth_trees/tuning_20261025/runs/fresh_rows.csv
A63: ETH-Trees | B63: Trees | C63: 兩站 | D63: fresh_control | E63: svd+ransac | F63: 17 | G63: s1-s2 | H63: 1 | I63: 1 | J63: 1 | K63: 0.64960826 | L63: 0.15988396 | M63: 0.16625347 | N63: 4 | O63: 4 | P63: 4 | R63: 5.935295 | S63: control | T63: results/eth_trees/tuning_20261025/runs/fresh_rows.csv
A64: ETH-Trees | B64: Trees | C64: 兩站 | D64: fresh_control | E64: svd | F64: 17 | G64: s1-s3 | H64: 1 | I64: 1 | J64: 1 | K64: 0.77900289 | L64: 0.047544813 | M64: 0.063577526 | N64: 6 | O64: 6 | P64: 0 | R64: 1.271811 | S64: control | T64: results/eth_trees/tuning_20261025/runs/fresh_rows.csv
A65: ETH-Trees | B65: Trees | C65: 兩站 | D65: fresh_control | E65: svd+ransac | F65: 17 | G65: s1-s3 | H65: 1 | I65: 1 | J65: 1 | K65: 0.77900289 | L65: 0.047544813 | M65: 0.063577526 | N65: 6 | O65: 6 | P65: 6 | R65: 1.706574 | S65: control | T65: results/eth_trees/tuning_20261025/runs/fresh_rows.csv
A66: ETH-Trees | B66: Trees | C66: 兩站 | D66: fresh_control | E66: svd | F66: 17 | G66: s1-s4 | H66: 0 | I66: 1 | J66: 1 | K66: 1.2531121 | L66: 0.29892933 | M66: 0.30505607 | N66: 4 | O66: 4 | P66: 0 | R66: 1.426079 | S66: control | T66: results/eth_trees/tuning_20261025/runs/fresh_rows.csv
A67: ETH-Trees | B67: Trees | C67: 兩站 | D67: fresh_control | E67: svd+ransac | F67: 17 | G67: s1-s4 | H67: 0 | I67: 1 | J67: 1 | K67: 1.2531121 | L67: 0.29892933 | M67: 0.30505607 | N67: 4 | O67: 4 | P67: 4 | R67: 1.694646 | S67: control | T67: results/eth_trees/tuning_20261025/runs/fresh_rows.csv
A68: ETH-Trees | B68: Trees | C68: 兩站 | D68: fresh_control | E68: svd | F68: 17 | G68: s1-s5 | H68: 0 | I68: 0 | J68: 0 | N68: 2 | O68: 2 | P68: 0 | R68: 2.802803 | S68: control | T68: results/eth_trees/tuning_20261025/runs/fresh_rows.csv
A69: ETH-Trees | B69: Trees | C69: 兩站 | D69: fresh_control | E69: svd+ransac | F69: 17 | G69: s1-s5 | H69: 0 | I69: 0 | J69: 0 | N69: 2 | O69: 2 | P69: 0 | R69: 2.802933 | S69: control | T69: results/eth_trees/tuning_20261025/runs/fresh_rows.csv
A70: ETH-Trees | B70: Trees | C70: 兩站 | D70: fresh_control | E70: svd | F70: 17 | G70: s1-s6 | H70: 0 | I70: 1 | J70: 1 | K70: 1.007956 | L70: 0.10296787 | M70: 0.12143408 | N70: 6 | O70: 6 | P70: 0 | R70: 2.476171 | S70: control | T70: results/eth_trees/tuning_20261025/runs/fresh_rows.csv
A71: ETH-Trees | B71: Trees | C71: 兩站 | D71: fresh_control | E71: svd+ransac | F71: 17 | G71: s1-s6 | H71: 0 | I71: 1 | J71: 1 | K71: 1.007956 | L71: 0.10296787 | M71: 0.12143408 | N71: 6 | O71: 6 | P71: 6 | R71: 6.965588 | S71: control | T71: results/eth_trees/tuning_20261025/runs/fresh_rows.csv
A72: ETH-Trees | B72: Trees | C72: 兩站 | D72: fresh_control | E72: svd | F72: 18 | G72: s1-s2 | H72: 1 | I72: 1 | J72: 1 | K72: 0.54679421 | L72: 0.062018948 | M72: 0.069395 | N72: 8 | O72: 8 | P72: 0 | R72: 5.572597 | S72: control | T72: results/eth_trees/tuning_20261025/runs/fresh_rows.csv
A73: ETH-Trees | B73: Trees | C73: 兩站 | D73: fresh_control | E73: svd+ransac | F73: 18 | G73: s1-s2 | H73: 1 | I73: 1 | J73: 1 | K73: 0.54679421 | L73: 0.062018948 | M73: 0.069395 | N73: 8 | O73: 8 | P73: 8 | R73: 6.082261 | S73: control | T73: results/eth_trees/tuning_20261025/runs/fresh_rows.csv
A74: ETH-Trees | B74: Trees | C74: 兩站 | D74: fresh_control | E74: svd | F74: 18 | G74: s1-s3 | H74: 1 | I74: 1 | J74: 1 | K74: 0.65902942 | L74: 0.033441074 | M74: 0.049134109 | N74: 7 | O74: 7 | P74: 0 | R74: 5.570976 | S74: control | T74: results/eth_trees/tuning_20261025/runs/fresh_rows.csv
A75: ETH-Trees | B75: Trees | C75: 兩站 | D75: fresh_control | E75: svd+ransac | F75: 18 | G75: s1-s3 | H75: 1 | I75: 1 | J75: 1 | K75: 0.65902942 | L75: 0.033441074 | M75: 0.049134109 | N75: 7 | O75: 7 | P75: 7 | R75: 6.061902 | S75: control | T75: results/eth_trees/tuning_20261025/runs/fresh_rows.csv
A76: ETH-Trees | B76: Trees | C76: 兩站 | D76: fresh_control | E76: svd | F76: 18 | G76: s1-s4 | H76: 0 | I76: 1 | J76: 1 | K76: 0.80412046 | L76: 0.14082076 | M76: 0.14927738 | N76: 8 | O76: 8 | P76: 0 | R76: 1.404796 | S76: control | T76: results/eth_trees/tuning_20261025/runs/fresh_rows.csv
A77: ETH-Trees | B77: Trees | C77: 兩站 | D77: fresh_control | E77: svd+ransac | F77: 18 | G77: s1-s4 | H77: 0 | I77: 1 | J77: 1 | K77: 0.80412046 | L77: 0.14082076 | M77: 0.14927738 | N77: 8 | O77: 8 | P77: 8 | R77: 1.927799 | S77: control | T77: results/eth_trees/tuning_20261025/runs/fresh_rows.csv
A78: ETH-Trees | B78: Trees | C78: 兩站 | D78: fresh_control | E78: svd | F78: 18 | G78: s1-s5 | H78: 0 | I78: 1 | J78: 1 | K78: 0.6153326 | L78: 0.18103229 | M78: 0.18261746 | N78: 3 | O78: 3 | P78: 0 | R78: 34.715012 | S78: control | T78: results/eth_trees/tuning_20261025/runs/fresh_rows.csv
A79: ETH-Trees | B79: Trees | C79: 兩站 | D79: fresh_control | E79: svd+ransac | F79: 18 | G79: s1-s5 | H79: 0 | I79: 1 | J79: 1 | K79: 0.6153326 | L79: 0.18103229 | M79: 0.18261746 | N79: 3 | O79: 3 | P79: 3 | R79: 34.902169 | S79: control | T79: results/eth_trees/tuning_20261025/runs/fresh_rows.csv
A80: ETH-Trees | B80: Trees | C80: 兩站 | D80: fresh_control | E80: svd | F80: 18 | G80: s1-s6 | H80: 0 | I80: 1 | J80: 1 | K80: 0.32670568 | L80: 0.10327898 | M80: 0.10409469 | N80: 5 | O80: 5 | P80: 0 | R80: 2.398326 | S80: control | T80: results/eth_trees/tuning_20261025/runs/fresh_rows.csv
A81: ETH-Trees | B81: Trees | C81: 兩站 | D81: fresh_control | E81: svd+ransac | F81: 18 | G81: s1-s6 | H81: 0 | I81: 1 | J81: 1 | K81: 0.32670568 | L81: 0.10327898 | M81: 0.10409469 | N81: 5 | O81: 5 | P81: 5 | R81: 2.733141 | S81: control | T81: results/eth_trees/tuning_20261025/runs/fresh_rows.csv
... A89: ETH-Trees | B89: Trees | C89: 兩站 | D89: fresh_control | E89: svd+ransac | F89: 19 | G89: s1-s5 | H89: 0 | I89: 1 | J89: 1 | K89: 0.86457588 | L89: 0.094137532 | M89: 0.11137747 | N89: 8 | O89: 8 | P89: 8 | R89: 6.977096 | S89: control | T89: results/eth_trees/tuning_20261025/runs/fresh_rows.csv
A90: ETH-Trees | B90: Trees | C90: 兩站 | D90: fresh_control | E90: svd | F90: 19 | G90: s1-s6 | H90: 0 | I90: 0 | J90: 0 | N90: 0 | O90: 0 | P90: 0 | R90: 6.406852 | S90: control | T90: results/eth_trees/tuning_20261025/runs/fresh_rows.csv
A91: ETH-Trees | B91: Trees | C91: 兩站 | D91: fresh_control | E91: svd+ransac | F91: 19 | G91: s1-s6 | H91: 0 | I91: 0 | J91: 0 | N91: 0 | O91: 0 | P91: 0 | R91: 6.406993 | S91: control | T91: results/eth_trees/tuning_20261025/runs/fresh_rows.csv
A92: ETH-Trees | B92: Trees | C92: 兩站 | D92: fresh_control | E92: svd | F92: 20 | G92: s1-s2 | H92: 1 | I92: 1 | J92: 1 | K92: 0.39309336 | L92: 0.061127718 | M92: 0.064925012 | N92: 11 | O92: 11 | P92: 0 | R92: 1.309045 | S92: control | T92: results/eth_trees/tuning_20261025/runs/fresh_rows.csv
A93: ETH-Trees | B93: Trees | C93: 兩站 | D93: fresh_control | E93: svd+ransac | F93: 20 | G93: s1-s2 | H93: 1 | I93: 1 | J93: 1 | K93: 0.39309336 | L93: 0.061127718 | M93: 0.064925012 | N93: 11 | O93: 11 | P93: 11 | R93: 1.864987 | S93: control | T93: results/eth_trees/tuning_20261025/runs/fresh_rows.csv
A94: ETH-Trees | B94: Trees | C94: 兩站 | D94: fresh_control | E94: svd | F94: 20 | G94: s1-s3 | H94: 1 | I94: 1 | J94: 1 | K94: 0.2461336 | L94: 0.11468942 | M94: 0.1170023 | N94: 10 | O94: 10 | P94: 0 | R94: 5.237864 | S94: control | T94: results/eth_trees/tuning_20261025/runs/fresh_rows.csv
A95: ETH-Trees | B95: Trees | C95: 兩站 | D95: fresh_control | E95: svd+ransac | F95: 20 | G95: s1-s3 | H95: 1 | I95: 1 | J95: 1 | K95: 0.2461336 | L95: 0.11468942 | M95: 0.1170023 | N95: 10 | O95: 10 | P95: 10 | R95: 5.804992 | S95: control | T95: results/eth_trees/tuning_20261025/runs/fresh_rows.csv
A96: ETH-Trees | B96: Trees | C96: 兩站 | D96: fresh_control | E96: svd | F96: 20 | G96: s1-s4 | H96: 0 | I96: 1 | J96: 1 | K96: 0.66117904 | L96: 0.043953307 | M96: 0.068221355 | N96: 5 | O96: 5 | P96: 0 | R96: 5.333565 | S96: control | T96: results/eth_trees/tuning_20261025/runs/fresh_rows.csv
A97: ETH-Trees | B97: Trees | C97: 兩站 | D97: fresh_control | E97: svd+ransac | F97: 20 | G97: s1-s4 | H97: 0 | I97: 1 | J97: 1 | K97: 0.66117904 | L97: 0.043953307 | M97: 0.068221355 | N97: 5 | O97: 5 | P97: 5 | R97: 5.759525 | S97: control | T97: results/eth_trees/tuning_20261025/runs/fresh_rows.csv
A98: ETH-Trees | B98: Trees | C98: 兩站 | D98: fresh_control | E98: svd | F98: 20 | G98: s1-s5 | H98: 0 | I98: 0 | J98: 0 | N98: 1 | O98: 1 | P98: 0 | R98: 6.489654 | S98: control | T98: results/eth_trees/tuning_20261025/runs/fresh_rows.csv
A99: ETH-Trees | B99: Trees | C99: 兩站 | D99: fresh_control | E99: svd+ransac | F99: 20 | G99: s1-s5 | H99: 0 | I99: 0 | J99: 0 | N99: 1 | O99: 1 | P99: 0 | R99: 6.489153 | S99: control | T99: results/eth_trees/tuning_20261025/runs/fresh_rows.csv
A100: ETH-Trees | B100: Trees | C100: 兩站 | D100: fresh_control | E100: svd | F100: 20 | G100: s1-s6 | H100: 0 | I100: 1 | J100: 1 | K100: 1.1407581 | L100: 0.11348781 | M100: 0.12957915 | N100: 3 | O100: 3 | P100: 0 | R100: 2.174104 | S100: control | T100: results/eth_trees/tuning_20261025/runs/fresh_rows.csv
A101: ETH-Trees | B101: Trees | C101: 兩站 | D101: fresh_control | E101: svd+ransac | F101: 20 | G101: s1-s6 | H101: 0 | I101: 1 | J101: 1 | K101: 1.1407581 | L101: 0.11348781 | M101: 0.12957915 | N101: 3 | O101: 3 | P101: 3 | R101: 2.36748 | S101: control | T101: results/eth_trees/tuning_20261025/runs/fresh_rows.csv
A102: ETH-Trees | B102: Trees | C102: 兩站 | D102: fresh_control | E102: svd | F102: 11 | G102: s2-s3 | H102: 1 | I102: 1 | J102: 0 | K102: 2.5611943 | L102: 0.22244398 | M102: 0.26768059 | N102: 14 | O102: 14 | P102: 0 | R102: 7.34638 | S102: control | T102: results/eth_trees/tuning_20261025/runs/fresh_rows.csv
A103: ETH-Trees | B103: Trees | C103: 兩站 | D103: fresh_control | E103: svd+ransac | F103: 11 | G103: s2-s3 | H103: 1 | I103: 1 | J103: 1 | K103: 0.85508032 | L103: 0.06276263 | M103: 0.080985304 | N103: 14 | O103: 14 | P103: 12 | R103: 12.116673 | S103: control | T103: results/eth_trees/tuning_20261025/runs/fresh_rows.csv
A104: ETH-Trees | B104: Trees | C104: 兩站 | D104: fresh_control | E104: svd | F104: 11 | G104: s2-s4 | H104: 1 | I104: 1 | J104: 1 | K104: 0.57605277 | L104: 0.030814763 | M104: 0.054413551 | N104: 3 | O104: 3 | P104: 0 | R104: 5.419112 | S104: control | T104: results/eth_trees/tuning_20261025/runs/fresh_rows.csv
A105: ETH-Trees | B105: Trees | C105: 兩站 | D105: fresh_control | E105: svd+ransac | F105: 11 | G105: s2-s4 | H105: 1 | I105: 1 | J105: 1 | K105: 0.57605277 | L105: 0.030814763 | M105: 0.054413551 | N105: 3 | O105: 3 | P105: 3 | R105: 5.598888 | S105: control | T105: results/eth_trees/tuning_20261025/runs/fresh_rows.csv
A106: ETH-Trees | B106: Trees | C106: 兩站 | D106: fresh_control | E106: svd | F106: 11 | G106: s2-s5 | H106: 1 | I106: 1 | J106: 1 | K106: 0.34933013 | L106: 0.048897518 | M106: 0.054248088 | N106: 5 | O106: 5 | P106: 0 | R106: 6.372452 | S106: control | T106: results/eth_trees/tuning_20261025/runs/fresh_rows.csv
A107: ETH-Trees | B107: Trees | C107: 兩站 | D107: fresh_control | E107: svd+ransac | F107: 11 | G107: s2-s5 | H107: 1 | I107: 1 | J107: 1 | K107: 0.34933013 | L107: 0.048897518 | M107: 0.054248088 | N107: 5 | O107: 5 | P107: 5 | R107: 6.67591 | S107: control | T107: results/eth_trees/tuning_20261025/runs/fresh_rows.csv
A108: ETH-Trees | B108: Trees | C108: 兩站 | D108: fresh_control | E108: svd | F108: 11 | G108: s2-s6 | H108: 0 | I108: 1 | J108: 1 | K108: 0.99006642 | L108: 0.3823563 | M108: 0.38973429 | N108: 7 | O108: 7 | P108: 0 | R108: 2.316084 | S108: control | T108: results/eth_trees/tuning_20261025/runs/fresh_rows.csv
A109: ETH-Trees | B109: Trees | C109: 兩站 | D109: fresh_control | E109: svd+ransac | F109: 11 | G109: s2-s6 | H109: 0 | I109: 1 | J109: 1 | K109: 0.60348528 | L109: 0.25106514 | M109: 0.25423392 | N109: 7 | O109: 7 | P109: 4 | R109: 2.796544 | S109: control | T109: results/eth_trees/tuning_20261025/runs/fresh_rows.csv
A110: ETH-Trees | B110: Trees | C110: 兩站 | D110: fresh_control | E110: svd | F110: 12 | G110: s2-s3 | H110: 1 | I110: 1 | J110: 1 | K110: 0.51269534 | L110: 0.059457291 | M110: 0.068508293 | N110: 11 | O110: 11 | P110: 0 | R110: 1.320553 | S110: control | T110: results/eth_trees/tuning_20261025/runs/fresh_rows.csv
A111: ETH-Trees | B111: Trees | C111: 兩站 | D111: fresh_control | E111: svd+ransac | F111: 12 | G111: s2-s3 | H111: 1 | I111: 1 | J111: 1 | K111: 0.51269534 | L111: 0.059457291 | M111: 0.068508293 | N111: 11 | O111: 11 | P111: 11 | R111: 5.920873 | S111: control | T111: results/eth_trees/tuning_20261025/runs/fresh_rows.csv
... A115: ETH-Trees | B115: Trees | C115: 兩站 | D115: fresh_control | E115: svd+ransac | F115: 12 | G115: s2-s5 | H115: 1 | I115: 1 | J115: 1 | K115: 0.44961144 | L115: 0.017428921 | M115: 0.038328481 | N115: 8 | O115: 8 | P115: 8 | R115: 3.606983 | S115: control | T115: results/eth_trees/tuning_20261025/runs/fresh_rows.csv
A116: ETH-Trees | B116: Trees | C116: 兩站 | D116: fresh_control | E116: svd | F116: 12 | G116: s2-s6 | H116: 0 | I116: 0 | J116: 0 | N116: 1 | O116: 1 | P116: 0 | R116: 6.47961 | S116: control | T116: results/eth_trees/tuning_20261025/runs/fresh_rows.csv
A117: ETH-Trees | B117: Trees | C117: 兩站 | D117: fresh_control | E117: svd+ransac | F117: 12 | G117: s2-s6 | H117: 0 | I117: 0 | J117: 0 | N117: 1 | O117: 1 | P117: 0 | R117: 6.47946 | S117: control | T117: results/eth_trees/tuning_20261025/runs/fresh_rows.csv
A118: ETH-Trees | B118: Trees | C118: 兩站 | D118: fresh_control | E118: svd | F118: 13 | G118: s2-s3 | H118: 1 | I118: 1 | J118: 1 | K118: 0.21014184 | L118: 0.0060745296 | M118: 0.015881842 | N118: 7 | O118: 7 | P118: 0 | R118: 5.468765 | S118: control | T118: results/eth_trees/tuning_20261025/runs/fresh_rows.csv
A119: ETH-Trees | B119: Trees | C119: 兩站 | D119: fresh_control | E119: svd+ransac | F119: 13 | G119: s2-s3 | H119: 1 | I119: 1 | J119: 1 | K119: 0.21014184 | L119: 0.0060745296 | M119: 0.015881842 | N119: 7 | O119: 7 | P119: 7 | R119: 5.960401 | S119: control | T119: results/eth_trees/tuning_20261025/runs/fresh_rows.csv
A120: ETH-Trees | B120: Trees | C120: 兩站 | D120: fresh_control | E120: svd | F120: 13 | G120: s2-s4 | H120: 1 | I120: 1 | J120: 1 | K120: 0.70515461 | L120: 0.040599628 | M120: 0.061366068 | N120: 8 | O120: 8 | P120: 0 | R120: 1.598543 | S120: control | T120: results/eth_trees/tuning_20261025/runs/fresh_rows.csv
A121: ETH-Trees | B121: Trees | C121: 兩站 | D121: fresh_control | E121: svd+ransac | F121: 13 | G121: s2-s4 | H121: 1 | I121: 1 | J121: 1 | K121: 0.70515461 | L121: 0.040599628 | M121: 0.061366068 | N121: 8 | O121: 8 | P121: 8 | R121: 2.101787 | S121: control | T121: results/eth_trees/tuning_20261025/runs/fresh_rows.csv
A122: ETH-Trees | B122: Trees | C122: 兩站 | D122: fresh_control | E122: svd | F122: 13 | G122: s2-s5 | H122: 1 | I122: 1 | J122: 0 | K122: 2.9454153 | L122: 0.58826279 | M122: 0.62956347 | N122: 3 | O122: 3 | P122: 0 | R122: 2.392467 | S122: control | T122: results/eth_trees/tuning_20261025/runs/fresh_rows.csv
A123: ETH-Trees | B123: Trees | C123: 兩站 | D123: fresh_control | E123: svd+ransac | F123: 13 | G123: s2-s5 | H123: 1 | I123: 1 | J123: 0 | K123: 2.9454153 | L123: 0.58826279 | M123: 0.62956347 | N123: 3 | O123: 3 | P123: 3 | R123: 2.612843 | S123: control | T123: results/eth_trees/tuning_20261025/runs/fresh_rows.csv
A124: ETH-Trees | B124: Trees | C124: 兩站 | D124: fresh_control | E124: svd | F124: 13 | G124: s2-s6 | H124: 0 | I124: 1 | J124: 0 | K124: 1.2266674 | L124: 0.6822901 | M124: 0.6843286 | N124: 4 | O124: 4 | P124: 0 | R124: 2.217117 | S124: control | T124: results/eth_trees/tuning_20261025/runs/fresh_rows.csv
A125: ETH-Trees | B125: Trees | C125: 兩站 | D125: fresh_control | E125: svd+ransac | F125: 13 | G125: s2-s6 | H125: 0 | I125: 1 | J125: 0 | K125: 8.1820082 | L125: 1.7295577 | M125: 1.7623496 | N125: 4 | O125: 4 | P125: 3 | R125: 2.500316 | S125: control | T125: results/eth_trees/tuning_20261025/runs/fresh_rows.csv
...

Sheet 估計變換
A1: 資料集 | B1: 方法代碼 | C1: solver | D1: seed | E1: source | F1: target | G1: 求得變換 | H1: r00 | I1: r01 | J1: r02 | K1: r10 | L1: r11 | M1: r12 | N1: r20 | O1: r21 | P1: r22 | Q1: t0 | R1: t1 | S1: t2
A2: ETH-Trees | B2: fresh_control | C2: svd | D2: 11 | E2: s1 | F2: s2 | G2: 1 | H2: -0.71809643 | I2: -0.69587985 | J2: 0.0094205368 | K2: 0.69585934 | L2: -0.71815434 | M2: -0.0058411735 | N2: 0.010830154 | O2: 0.0023608427 | P2: 0.99993857 | Q2: -11.080821 | R2: -0.86532821 | S2: 0.61850745
A3: ETH-Trees | B3: fresh_control | C3: svd+ransac | D3: 11 | E3: s1 | F3: s2 | G3: 1 | H3: -0.71809643 | I3: -0.69587985 | J3: 0.0094205368 | K3: 0.69585934 | L3: -0.71815434 | M3: -0.0058411735 | N3: 0.010830154 | O3: 0.0023608427 | P3: 0.99993857 | Q3: -11.080821 | R3: -0.86532821 | S3: 0.61850745
A4: ETH-Trees | B4: fresh_control | C4: svd | D4: 11 | E4: s1 | F4: s3 | G4: 1 | H4: 0.93337108 | I4: 0.35801394 | J4: -0.025386019 | K4: -0.35776368 | L4: 0.93370793 | M4: 0.01395171 | N4: 0.028698034 | O4: -0.0039399265 | P4: 0.99958036 | Q4: 8.3258764 | R4: 1.3955839 | S4: 0.92679116
A5: ETH-Trees | B5: fresh_control | C5: svd+ransac | D5: 11 | E5: s1 | F5: s3 | G5: 1 | H5: 0.93355627 | I5: 0.35819461 | J5: -0.01301212 | K5: -0.35799487 | L5: 0.93359611 | M5: 0.015426743 | N5: 0.017673841 | O5: -0.0097434606 | P5: 0.99979633 | Q5: 8.3670479 | R5: 1.3946954 | S5: 0.75988866
A6: ETH-Trees | B6: fresh_control | C6: svd | D6: 11 | E6: s1 | F6: s4 | G6: 1 | H6: 0.90264076 | I6: 0.43014218 | J6: -0.014743613 | K6: -0.43028024 | L6: 0.90266117 | M6: -0.0078571637 | N6: 0.0099287892 | O6: 0.013436081 | P6: 0.99986044 | Q6: 22.822959 | R6: 6.5478754 | S6: 1.6022451
A7: ETH-Trees | B7: fresh_control | C7: svd+ransac | D7: 11 | E7: s1 | F7: s4 | G7: 1 | H7: 0.90264076 | I7: 0.43014218 | J7: -0.014743613 | K7: -0.43028024 | L7: 0.90266117 | M7: -0.0078571637 | N7: 0.0099287892 | O7: 0.013436081 | P7: 0.99986044 | Q7: 22.822959 | R7: 6.5478754 | S7: 1.6022451
A8: ETH-Trees | B8: fresh_control | C8: svd | D8: 11 | E8: s1 | F8: s5 | G8: 1 | H8: 0.22340877 | I8: -0.97460739 | J8: 0.015131158 | K8: 0.97427478 | L8: 0.22280701 | M8: -0.033848102 | N8: 0.029617283 | O8: 0.022303868 | P8: 0.99931244 | Q8: -16.532613 | R8: 20.417667 | S8: 1.5662435
A9: ETH-Trees | B9: fresh_control | C9: svd+ransac | D9: 11 | E9: s1 | F9: s5 | G9: 1 | H9: 0.22574444 | I9: -0.97418654 | J9: -0.0002028874 | K9: 0.97412973 | L9: 0.22573351 | M9: -0.010753751 | N9: 0.010521958 | O9: 0.0022299609 | P9: 0.99994216 | Q9: -16.526495 | R9: 20.514996 | S9: 1.0965589
A10: ETH-Trees | B10: fresh_control | C10: svd | D10: 11 | E10: s1 | F10: s6 | G10: 1 | H10: 0.97485781 | I10: 0.16627193 | J10: 0.14834387 | K10: -0.16669896 | L10: 0.98596073 | M10: -0.0096385291 | N10: -0.14786385 | O10: -0.015332573 | P10: 0.98888887 | Q10: 25.677231 | R10: 19.32466 | S10: -1.5353695
A11: ETH-Trees | B11: fresh_control | C11: svd+ransac | D11: 11 | E11: s1 | F11: s6 | G11: 1 | H11: 0.97485781 | I11: 0.16627193 | J11: 0.14834387 | K11: -0.16669896 | L11: 0.98596073 | M11: -0.0096385291 | N11: -0.14786385 | O11: -0.015332573 | P11: 0.98888887 | Q11: 25.677231 | R11: 19.32466 | S11: -1.5353695
A12: ETH-Trees | B12: fresh_control | C12: svd | D12: 12 | E12: s1 | F12: s2 | G12: 1 | H12: -0.71844562 | I12: -0.69554387 | J12: 0.0073901934 | K12: 0.6955214 | L12: -0.71848286 | M12: -0.0056894167 | N12: 0.0092669662 | O12: 0.0010525012 | P12: 0.99995651 | Q12: -11.087378 | R12: -0.8736621 | S12: 0.60204628
A13: ETH-Trees | B13: fresh_control | C13: svd+ransac | D13: 12 | E13: s1 | F13: s2 | G13: 1 | H13: -0.71844562 | I13: -0.69554387 | J13: 0.0073901934 | K13: 0.6955214 | L13: -0.71848286 | M13: -0.0056894167 | N13: 0.0092669662 | O13: 0.0010525012 | P13: 0.99995651 | Q13: -11.087378 | R13: -0.8736621 | S13: 0.60204628
... A29: ETH-Trees | B29: fresh_control | C29: svd+ransac | D29: 13 | E29: s1 | F29: s5 | G29: 1 | H29: 0.22739118 | I29: -0.97380156 | J29: 0.0019401214 | K29: 0.97375896 | L29: 0.22736127 | M29: -0.010017202 | N29: 0.0093136583 | O29: 0.004167034 | P29: 0.99994794 | Q29: -16.503814 | R29: 20.549695 | S29: 1.1078242
A30: ETH-Trees | B30: fresh_control | C30: svd | D30: 13 | E30: s1 | F30: s6 | G30: 0
A31: ETH-Trees | B31: fresh_control | C31: svd+ransac | D31: 13 | E31: s1 | F31: s6 | G31: 0
A32: ETH-Trees | B32: fresh_control | C32: svd | D32: 14 | E32: s1 | F32: s2 | G32: 0
A33: ETH-Trees | B33: fresh_control | C33: svd+ransac | D33: 14 | E33: s1 | F33: s2 | G33: 0
A34: ETH-Trees | B34: fresh_control | C34: svd | D34: 14 | E34: s1 | F34: s3 | G34: 1 | H34: 0.93339472 | I34: 0.35860254 | J34: -0.013360767 | K34: -0.35846026 | L34: 0.93346879 | M34: 0.011927343 | N34: 0.016749034 | O34: -0.0063436155 | P34: 0.9998396 | Q34: 8.3745377 | R34: 1.381641 | S34: 0.78869758
A35: ETH-Trees | B35: fresh_control | C35: svd+ransac | D35: 14 | E35: s1 | F35: s3 | G35: 1 | H35: 0.93339472 | I35: 0.35860254 | J35: -0.013360767 | K35: -0.35846026 | L35: 0.93346879 | M35: 0.011927343 | N35: 0.016749034 | O35: -0.0063436155 | P35: 0.9998396 | Q35: 8.3745377 | R35: 1.381641 | S35: 0.78869758
A36: ETH-Trees | B36: fresh_control | C36: svd | D36: 14 | E36: s1 | F36: s4 | G36: 0
A37: ETH-Trees | B37: fresh_control | C37: svd+ransac | D37: 14 | E37: s1 | F37: s4 | G37: 0
A38: ETH-Trees | B38: fresh_control | C38: svd | D38: 14 | E38: s1 | F38: s5 | G38: 1 | H38: 0.22629018 | I38: -0.9739546 | J38: 0.014324869 | K38: 0.97404968 | L38: 0.22619584 | M38: -0.0079158845 | N38: 0.0044694862 | O38: 0.015744421 | P38: 0.99986606 | Q38: -16.492219 | R38: 20.502457 | S38: 1.232499
A39: ETH-Trees | B39: fresh_control | C39: svd+ransac | D39: 14 | E39: s1 | F39: s5 | G39: 1 | H39: 0.22629018 | I39: -0.9739546 | J39: 0.014324869 | K39: 0.97404968 | L39: 0.22619584 | M39: -0.0079158845 | N39: 0.0044694862 | O39: 0.015744421 | P39: 0.99986606 | Q39: -16.492219 | R39: 20.502457 | S39: 1.232499
A40: ETH-Trees | B40: fresh_control | C40: svd | D40: 14 | E40: s1 | F40: s6 | G40: 1 | H40: 0.98690711 | I40: 0.15330573 | J40: -0.050116909 | K40: -0.15113655 | L40: 0.98750828 | M40: 0.04455482 | N40: 0.056321372 | O40: -0.036396972 | P40: 0.99774905 | Q40: 25.088068 | R40: 19.888485 | S40: 2.2753003
A41: ETH-Trees | B41: fresh_control | C41: svd+ransac | D41: 14 | E41: s1 | F41: s6 | G41: 1 | H41: 0.98815176 | I41: 0.15240517 | J41: -0.018132019 | K41: -0.15197385 | L41: 0.98811271 | M41: 0.023178002 | N41: 0.021448926 | O41: -0.020147791 | P41: 0.99956691 | Q41: 25.150246 | R41: 19.858751 | S41: 2.2178402
A42: ETH-Trees | B42: fresh_control | C42: svd | D42: 15 | E42: s1 | F42: s2 | G42: 1 | H42: -0.71628813 | I42: -0.69780353 | J42: -0.0012454805 | K42: 0.69778182 | L42: -0.71624913 | M42: -0.0093656958 | N42: 0.0056433413 | O42: -0.0075776104 | P42: 0.99995537 | Q42: -11.101492 | R42: -0.81372992 | S42: 0.45029086
A43: ETH-Trees | B43: fresh_control | C43: svd+ransac | D43: 15 | E43: s1 | F43: s2 | G43: 1 | H43: -0.71628813 | I43: -0.69780353 | J43: -0.0012454805 | K43: 0.69778182 | L43: -0.71624913 | M43: -0.0093656958 | N43: 0.0056433413 | O43: -0.0075776104 | P43: 0.99995537 | Q43: -11.101492 | R43: -0.81372992 | S43: 0.45029086
A44: ETH-Trees | B44: fresh_control | C44: svd | D44: 15 | E44: s1 | F44: s3 | G44: 1 | H44: 0.93455653 | I44: 0.35578446 | J44: -0.0046374427 | K44: -0.35578598 | L44: 0.93456731 | M44: 0.00052059559 | N44: 0.0045192222 | O44: 0.0011634111 | P44: 0.99998911 | Q44: 8.3914071 | R44: 1.3878388 | S44: 0.68365974
A45: ETH-Trees | B45: fresh_control | C45: svd+ransac | D45: 15 | E45: s1 | F45: s3 | G45: 1 | H45: 0.93455653 | I45: 0.35578446 | J45: -0.0046374427 | K45: -0.35578598 | L45: 0.93456731 | M45: 0.00052059559 | N45: 0.0045192222 | O45: 0.0011634111 | P45: 0.99998911 | Q45: 8.3914071 | R45: 1.3878388 | S45: 0.68365974
A46: ETH-Trees | B46: fresh_control | C46: svd | D46: 15 | E46: s1 | F46: s4 | G46: 0
A47: ETH-Trees | B47: fresh_control | C47: svd+ransac | D47: 15 | E47: s1 | F47: s4 | G47: 0
A48: ETH-Trees | B48: fresh_control | C48: svd | D48: 15 | E48: s1 | F48: s5 | G48: 1 | H48: 0.22299296 | I48: -0.97478682 | J48: 0.0080494698 | K48: 0.97474142 | L48: 0.22286249 | M48: -0.014542197 | N48: 0.012381617 | O48: 0.011088959 | P48: 0.99986186 | Q48: -16.563046 | R48: 20.463895 | S48: 1.2989194
A49: ETH-Trees | B49: fresh_control | C49: svd+ransac | D49: 15 | E49: s1 | F49: s5 | G49: 1 | H49: 0.22299296 | I49: -0.97478682 | J49: 0.0080494698 | K49: 0.97474142 | L49: 0.22286249 | M49: -0.014542197 | N49: 0.012381617 | O49: 0.011088959 | P49: 0.99986186 | Q49: -16.563046 | R49: 20.463895 | S49: 1.2989194
A50: ETH-Trees | B50: fresh_control | C50: svd | D50: 15 | E50: s1 | F50: s6 | G50: 1 | H50: 0.98880565 | I50: 0.1478958 | J50: -0.019753873 | K50: -0.14771633 | L50: 0.98897652 | M50: 0.01026311 | N50: 0.021053987 | O50: -0.0072302518 | P50: 0.9997522 | Q50: 25.13007 | R50: 19.822542 | S50: 2.1739949
A51: ETH-Trees | B51: fresh_control | C51: svd+ransac | D51: 15 | E51: s1 | F51: s6 | G51: 1 | H51: 0.98880565 | I51: 0.1478958 | J51: -0.019753873 | K51: -0.14771633 | L51: 0.98897652 | M51: 0.01026311 | N51: 0.021053987 | O51: -0.0072302518 | P51: 0.9997522 | Q51: 25.13007 | R51: 19.822542 | S51: 2.1739949
A52: ETH-Trees | B52: fresh_control | C52: svd | D52: 16 | E52: s1 | F52: s2 | G52: 1 | H52: -0.7181442 | I52: -0.6958688 | J52: 0.0059595791 | K52: 0.69584682 | L52: -0.71816891 | M52: -0.0055340312 | N52: 0.0081309441 | O52: 0.00017272177 | P52: 0.99996693 | Q52: -11.073243 | R52: -0.87428087 | S52: 0.59690736
A53: ETH-Trees | B53: fresh_control | C53: svd+ransac | D53: 16 | E53: s1 | F53: s2 | G53: 1 | H53: -0.7181442 | I53: -0.6958688 | J53: 0.0059595791 | K53: 0.69584682 | L53: -0.71816891 | M53: -0.0055340312 | N53: 0.0081309441 | O53: 0.00017272177 | P53: 0.99996693 | Q53: -11.073243 | R53: -0.87428087 | S53: 0.59690736
A54: ETH-Trees | B54: fresh_control | C54: svd | D54: 16 | E54: s1 | F54: s3 | G54: 1 | H54: 0.93424634 | I54: 0.35651402 | J54: -0.0090296834 | K54: -0.35647507 | L54: 0.93428768 | M54: 0.0056623033 | N54: 0.010455012 | O54: -0.0020711291 | P54: 0.9999432 | Q54: 8.3886131 | R54: 1.3959354 | S54: 0.70248018
A55: ETH-Trees | B55: fresh_control | C55: svd+ransac | D55: 16 | E55: s1 | F55: s3 | G55: 1 | H55: 0.93424634 | I55: 0.35651402 | J55: -0.0090296834 | K55: -0.35647507 | L55: 0.93428768 | M55: 0.0056623033 | N55: 0.010455012 | O55: -0.0020711291 | P55: 0.9999432 | Q55: 8.3886131 | R55: 1.3959354 | S55: 0.70248018
A56: ETH-Trees | B56: fresh_control | C56: svd | D56: 16 | E56: s1 | F56: s4 | G56: 1 | H56: 0.90321037 | I56: 0.42918228 | J56: -0.0036876409 | K56: -0.42918689 | L56: 0.90309127 | M56: -0.014992287 | N56: -0.0031041475 | O56: 0.015123876 | P56: 0.99988081 | Q56: 22.87236 | R56: 6.5296386 | S56: 1.4375364
A57: ETH-Trees | B57: fresh_control | C57: svd+ransac | D57: 16 | E57: s1 | F57: s4 | G57: 1 | H57: 0.90321037 | I57: 0.42918228 | J57: -0.0036876409 | K57: -0.42918689 | L57: 0.90309127 | M57: -0.014992287 | N57: -0.0031041475 | O57: 0.015123876 | P57: 0.99988081 | Q57: 22.87236 | R57: 6.5296386 | S57: 1.4375364
A58: ETH-Trees | B58: fresh_control | C58: svd | D58: 16 | E58: s1 | F58: s5 | G58: 1 | H58: 0.22666702 | I58: -0.97397102 | J58: 0.0015885966 | K58: 0.9739184 | L58: 0.22663701 | M58: -0.010890826 | N58: 0.010247314 | O58: 0.0040157546 | P58: 0.99993943 | Q58: -16.483281 | R58: 20.540972 | S58: 1.0933036
A59: ETH-Trees | B59: fresh_control | C59: svd+ransac | D59: 16 | E59: s1 | F59: s5 | G59: 1 | H59: 0.22666702 | I59: -0.97397102 | J59: 0.0015885966 | K59: 0.9739184 | L59: 0.22663701 | M59: -0.010890826 | N59: 0.010247314 | O59: 0.0040157546 | P59: 0.99993943 | Q59: -16.483281 | R59: 20.540972 | S59: 1.0933036
A60: ETH-Trees | B60: fresh_control | C60: svd | D60: 16 | E60: s1 | F60: s6 | G60: 0
A61: ETH-Trees | B61: fresh_control | C61: svd+ransac | D61: 16 | E61: s1 | F61: s6 | G61: 0
A62: ETH-Trees | B62: fresh_control | C62: svd | D62: 17 | E62: s1 | F62: s2 | G62: 1 | H62: -0.7196838 | I62: -0.69429572 | J62: -0.0029473661 | K62: 0.69427028 | L62: -0.71960391 | M62: -0.012609308 | N62: 0.0066336524 | O62: -0.011120983 | P62: 0.99991616 | Q62: -11.065381 | R62: -0.90317029 | S62: 0.38881459
A63: ETH-Trees | B63: fresh_control | C63: svd+ransac | D63: 17 | E63: s1 | F63: s2 | G63: 1 | H63: -0.7196838 | I63: -0.69429572 | J63: -0.0029473661 | K63: 0.69427028 | L63: -0.71960391 | M63: -0.012609308 | N63: 0.0066336524 | O63: -0.011120983 | P63: 0.99991616 | Q63: -11.065381 | R63: -0.90317029 | S63: 0.38881459
A64: ETH-Trees | B64: fresh_control | C64: svd | D64: 17 | E64: s1 | F64: s3 | G64: 1 | H64: 0.93416568 | I64: 0.35673628 | J64: -0.0085849613 | K64: -0.35667476 | L64: 0.93419508 | M64: 0.0079162176 | N64: 0.010844031 | O64: -0.0043330199 | P64: 0.99993181 | Q64: 8.3877358 | R64: 1.4053847 | S64: 0.66722229
A65: ETH-Trees | B65: fresh_control | C65: svd+ransac | D65: 17 | E65: s1 | F65: s3 | G65: 1 | H65: 0.93416568 | I65: 0.35673628 | J65: -0.0085849613 | K65: -0.35667476 | L65: 0.93419508 | M65: 0.0079162176 | N65: 0.010844031 | O65: -0.0043330199 | P65: 0.99993181 | Q65: 8.3877358 | R65: 1.4053847 | S65: 0.66722229
A66: ETH-Trees | B66: fresh_control | C66: svd | D66: 17 | E66: s1 | F66: s4 | G66: 1 | H66: 0.90288083 | I66: 0.42940902 | J66: -0.020349428 | K66: -0.42950289 | L66: 0.90306544 | M66: -0.00026961498 | N66: 0.01826109 | O66: 0.0089835684 | P66: 0.99979289 | Q66: 22.809519 | R66: 6.5772624 | S66: 1.6927053
A67: ETH-Trees | B67: fresh_control | C67: svd+ransac | D67: 17 | E67: s1 | F67: s4 | G67: 1 | H67: 0.90288083 | I67: 0.42940902 | J67: -0.020349428 | K67: -0.42950289 | L67: 0.90306544 | M67: -0.00026961498 | N67: 0.01826109 | O67: 0.0089835684 | P67: 0.99979289 | Q67: 22.809519 | R67: 6.5772624 | S67: 1.6927053
A68: ETH-Trees | B68: fresh_control | C68: svd | D68: 17 | E68: s1 | F68: s5 | G68: 0
A69: ETH-Trees | B69: fresh_control | C69: svd+ransac | D69: 17 | E69: s1 | F69: s5 | G69: 0
A70: ETH-Trees | B70: fresh_control | C70: svd | D70: 17 | E70: s1 | F70: s6 | G70: 1 | H70: 0.98883572 | I70: 0.14818449 | J70: -0.015661339 | K70: -0.14815151 | L70: 0.98895933 | M70: 0.0032515022 | N70: 0.01597025 | O70: -0.00089495041 | P70: 0.99987207 | Q70: 25.142997 | R70: 19.804163 | S70: 2.1883402
A71: ETH-Trees | B71: fresh_control | C71: svd+ransac | D71: 17 | E71: s1 | F71: s6 | G71: 1 | H71: 0.98883572 | I71: 0.14818449 | J71: -0.015661339 | K71: -0.14815151 | L71: 0.98895933 | M71: 0.0032515022 | N71: 0.01597025 | O71: -0.00089495041 | P71: 0.99987207 | Q71: 25.142997 | R71: 19.804163 | S71: 2.1883402
A72: ETH-Trees | B72: fresh_control | C72: svd | D72: 18 | E72: s1 | F72: s2 | G72: 1 | H72: -0.71908128 | I72: -0.69487744 | J72: 0.0082131706 | K72: 0.69483344 | L72: -0.71912818 | M72: -0.0078196935 | N72: 0.011340051 | O72: 8.3790281e-05 | P72: 0.9999357 | Q72: -11.084303 | R72: -0.89312488 | S72: 0.59781548
A73: ETH-Trees | B73: fresh_control | C73: svd+ransac | D73: 18 | E73: s1 | F73: s2 | G73: 1 | H73: -0.71908128 | I73: -0.69487744 | J73: 0.0082131706 | K73: 0.69483344 | L73: -0.71912818 | M73: -0.0078196935 | N73: 0.011340051 | O73: 8.3790281e-05 | P73: 0.9999357 | Q73: -11.084303 | R73: -0.89312488 | S73: 0.59781548
A74: ETH-Trees | B74: fresh_control | C74: svd | D74: 18 | E74: s1 | F74: s3 | G74: 1 | H74: 0.93396656 | I74: 0.35728127 | J74: -0.0075211055 | K74: -0.35724283 | L74: 0.9339923 | M74: 0.005995152 | N74: 0.0091666101 | O74: -0.0029124104 | P74: 0.99995374 | Q74: 8.3837023 | R74: 1.3793854 | S74: 0.66971021
A75: ETH-Trees | B75: fresh_control | C75: svd+ransac | D75: 18 | E75: s1 | F75: s3 | G75: 1 | H75: 0.93396656 | I75: 0.35728127 | J75: -0.0075211055 | K75: -0.35724283 | L75: 0.9339923 | M75: 0.005995152 | N75: 0.0091666101 | O75: -0.0029124104 | P75: 0.99995374 | Q75: 8.3837023 | R75: 1.3793854 | S75: 0.66971021
A76: ETH-Trees | B76: fresh_control | C76: svd | D76: 18 | E76: s1 | F76: s4 | G76: 1 | H76: 0.90155367 | I76: 0.432519 | J76: -0.011326543 | K76: -0.43260862 | L76: 0.90155357 | M76: -0.0071376138 | N76: 0.0071243314 | O76: 0.011334902 | P76: 0.99991038 | Q76: 22.857568 | R76: 6.5062631 | S76: 1.5461402
A77: ETH-Trees | B77: fresh_control | C77: svd+ransac | D77: 18 | E77: s1 | F77: s4 | G77: 1 | H77: 0.90155367 | I77: 0.432519 | J77: -0.011326543 | K77: -0.43260862 | L77: 0.90155357 | M77: -0.0071376138 | N77: 0.0071243314 | O77: 0.011334902 | P77: 0.99991038 | Q77: 22.857568 | R77: 6.5062631 | S77: 1.5461402
A78: ETH-Trees | B78: fresh_control | C78: svd | D78: 18 | E78: s1 | F78: s5 | G78: 1 | H78: 0.22430769 | I78: -0.97451509 | J78: 0.0025310961 | K78: 0.97445369 | L78: 0.22426212 | M78: -0.012104091 | N78: 0.01122799 | O78: 0.0051814765 | P78: 0.99992354 | Q78: -16.558037 | R78: 20.481943 | S78: 1.1643301
A79: ETH-Trees | B79: fresh_control | C79: svd+ransac | D79: 18 | E79: s1 | F79: s5 | G79: 1 | H79: 0.22430769 | I79: -0.97451509 | J79: 0.0025310961 | K79: 0.97445369 | L79: 0.22426212 | M79: -0.012104091 | N79: 0.01122799 | O79: 0.0051814765 | P79: 0.99992354 | Q79: -16.558037 | R79: 20.481943 | S79: 1.1643301
A80: ETH-Trees | B80: fresh_control | C80: svd | D80: 18 | E80: s1 | F80: s6 | G80: 1 | H80: 0.98898835 | I80: 0.14792971 | J80: -0.0043404276 | K80: -0.14793497 | L80: 0.98899667 | M80: -0.00091517374 | N80: 0.004157287 | O80: 0.0015471972 | P80: 0.99999016 | Q80: 25.163738 | R80: 19.815404 | S80: 2.1914517
A81: ETH-Trees | B81: fresh_control | C81: svd+ransac | D81: 18 | E81: s1 | F81: s6 | G81: 1 | H81: 0.98898835 | I81: 0.14792971 | J81: -0.0043404276 | K81: -0.14793497 | L81: 0.98899667 | M81: -0.00091517374 | N81: 0.004157287 | O81: 0.0015471972 | P81: 0.99999016 | Q81: 25.163738 | R81: 19.815404 | S81: 2.1914517
... A89: ETH-Trees | B89: fresh_control | C89: svd+ransac | D89: 19 | E89: s1 | F89: s5 | G89: 1 | H89: 0.22753911 | I89: -0.97376894 | J89: 3.5817414e-05 | K89: 0.9736337 | L89: 0.2275069 | M89: -0.01667437 | N89: 0.016228835 | O89: 0.0038289445 | P89: 0.99986097 | Q89: -16.501597 | R89: 20.543892 | S89: 1.094333
A90: ETH-Trees | B90: fresh_control | C90: svd | D90: 19 | E90: s1 | F90: s6 | G90: 0
A91: ETH-Trees | B91: fresh_control | C91: svd+ransac | D91: 19 | E91: s1 | F91: s6 | G91: 0
A92: ETH-Trees | B92: fresh_control | C92: svd | D92: 20 | E92: s1 | F92: s2 | G92: 1 | H92: -0.71916082 | I92: -0.69481752 | J92: 0.0060275063 | K92: 0.6947897 | L92: -0.71918602 | M92: -0.0062245306 | N92: 0.0086598112 | O92: -0.00028858916 | P92: 0.99996246 | Q92: -11.079568 | R92: -0.88398261 | S92: 0.59749885
A93: ETH-Trees | B93: fresh_control | C93: svd+ransac | D93: 20 | E93: s1 | F93: s2 | G93: 1 | H93: -0.71916082 | I93: -0.69481752 | J93: 0.0060275063 | K93: 0.6947897 | L93: -0.71918602 | M93: -0.0062245306 | N93: 0.0086598112 | O93: -0.00028858916 | P93: 0.99996246 | Q93: -11.079568 | R93: -0.88398261 | S93: 0.59749885
A94: ETH-Trees | B94: fresh_control | C94: svd | D94: 20 | E94: s1 | F94: s3 | G94: 1 | H94: 0.93362343 | I94: 0.3582559 | J94: -1.9173688e-05 | K94: -0.3582548 | L94: 0.93362069 | M94: 0.0024290429 | N94: 0.00088811991 | O94: -0.0022609423 | P94: 0.99999705 | Q94: 8.4234565 | R94: 1.349386 | S94: 0.55567217
A95: ETH-Trees | B95: fresh_control | C95: svd+ransac | D95: 20 | E95: s1 | F95: s3 | G95: 1 | H95: 0.93362343 | I95: 0.3582559 | J95: -1.9173688e-05 | K95: -0.3582548 | L95: 0.93362069 | M95: 0.0024290429 | N95: 0.00088811991 | O95: -0.0022609423 | P95: 0.99999705 | Q95: 8.4234565 | R95: 1.349386 | S95: 0.55567217
A96: ETH-Trees | B96: fresh_control | C96: svd | D96: 20 | E96: s1 | F96: s4 | G96: 1 | H96: 0.90282506 | I96: 0.42996851 | J96: -0.0058294877 | K96: -0.43000714 | L96: 0.90276773 | M96: -0.010212283 | N96: 0.00087171315 | O96: 0.011726627 | P96: 0.99993086 | Q96: 22.86704 | R96: 6.5507677 | S96: 1.4367606
A97: ETH-Trees | B97: fresh_control | C97: svd+ransac | D97: 20 | E97: s1 | F97: s4 | G97: 1 | H97: 0.90282506 | I97: 0.42996851 | J97: -0.0058294877 | K97: -0.43000714 | L97: 0.90276773 | M97: -0.010212283 | N97: 0.00087171315 | O97: 0.011726627 | P97: 0.99993086 | Q97: 22.86704 | R97: 6.5507677 | S97: 1.4367606
A98: ETH-Trees | B98: fresh_control | C98: svd | D98: 20 | E98: s1 | F98: s5 | G98: 0
A99: ETH-Trees | B99: fresh_control | C99: svd+ransac | D99: 20 | E99: s1 | F99: s5 | G99: 0
A100: ETH-Trees | B100: fresh_control | C100: svd | D100: 20 | E100: s1 | F100: s6 | G100: 1 | H100: 0.98880835 | I100: 0.1476836 | J100: 0.021156503 | K100: -0.14767456 | L100: 0.98903399 | M100: -0.0019977094 | N100: -0.021219529 | O100: -0.0011489255 | P100: 0.99977418 | Q100: 25.236421 | R100: 19.819458 | S100: 2.003277
A101: ETH-Trees | B101: fresh_control | C101: svd+ransac | D101: 20 | E101: s1 | F101: s6 | G101: 1 | H101: 0.98880835 | I101: 0.1476836 | J101: 0.021156503 | K101: -0.14767456 | L101: 0.98903399 | M101: -0.0019977094 | N101: -0.021219529 | O101: -0.0011489255 | P101: 0.99977418 | Q101: 25.236421 | R101: 19.819458 | S101: 2.003277
A102: ETH-Trees | B102: fresh_control | C102: svd | D102: 11 | E102: s2 | F102: s3 | G102: 1 | H102: -0.91776893 | I102: 0.39544705 | J102: -0.036356783 | K102: -0.39626018 | L102: -0.91795092 | M102: 0.018546699 | N102: -0.026039505 | O102: 0.03142833 | P102: 0.99916675 | Q102: -1.5428118 | R102: -3.7143461 | S102: 0.32261145
A103: ETH-Trees | B103: fresh_control | C103: svd+ransac | D103: 11 | E103: s2 | F103: s3 | G103: 1 | H103: -0.91879323 | I103: 0.39463102 | J103: -0.0092390575 | K103: -0.39469036 | L103: -0.91879598 | M103: 0.0057845095 | N103: -0.006206062 | O103: 0.0089613351 | P103: 0.99994059 | Q103: -1.4655622 | R103: -3.76349 | S103: 0.18800365
A104: ETH-Trees | B104: fresh_control | C104: svd | D104: 11 | E104: s2 | F104: s4 | G104: 1 | H104: -0.94800511 | I104: 0.31823335 | J104: 0.0037224304 | K104: -0.31825456 | L104: -0.94791665 | M104: -0.012963764 | N104: -0.00059694812 | O104: -0.013474395 | P104: 0.99990904 | Q104: 12.610732 | R104: 2.185412 | S104: 0.86248637
A105: ETH-Trees | B105: fresh_control | C105: svd+ransac | D105: 11 | E105: s2 | F105: s4 | G105: 1 | H105: -0.94800511 | I105: 0.31823335 | J105: 0.0037224304 | K105: -0.31825456 | L105: -0.94791665 | M105: -0.012963764 | N105: -0.00059694812 | O105: -0.013474395 | P105: 0.99990904 | Q105: 12.610732 | R105: 2.185412 | S105: 0.86248637
A106: ETH-Trees | B106: fresh_control | C106: svd | D106: 11 | E106: s2 | F106: s5 | G106: 1 | H106: 0.51399237 | I106: 0.85778118 | J106: 0.0048260514 | K106: -0.85776301 | L106: 0.51401361 | M106: -0.0057114983 | N106: -0.0073798719 | O106: -0.0012039418 | P106: 0.99997204 | Q106: -10.047409 | R106: 11.450517 | S106: 0.48567847
A107: ETH-Trees | B107: fresh_control | C107: svd+ransac | D107: 11 | E107: s2 | F107: s5 | G107: 1 | H107: 0.51399237 | I107: 0.85778118 | J107: 0.0048260514 | K107: -0.85776301 | L107: 0.51401361 | M107: -0.0057114983 | N107: -0.0073798719 | O107: -0.0012039418 | P107: 0.99997204 | Q107: -10.047409 | R107: 11.450517 | S107: 0.48567847
A108: ETH-Trees | B108: fresh_control | C108: svd | D108: 11 | E108: s2 | F108: s6 | G108: 1 | H108: -0.81344761 | I108: 0.5816331 | J108: 0.0024347335 | K108: -0.58154327 | L108: -0.81338335 | M108: 0.014661345 | N108: 0.010507895 | O108: 0.010510333 | P108: 0.99988955 | Q108: 16.63381 | R108: 12.709827 | S108: 1.1764482
A109: ETH-Trees | B109: fresh_control | C109: svd+ransac | D109: 11 | E109: s2 | F109: s6 | G109: 1 | H109: -0.81326551 | I109: 0.5818436 | J109: 0.007565808 | K109: -0.58180411 | L109: -0.81329982 | M109: 0.0068836242 | N109: 0.010158463 | O109: 0.0011963959 | P109: 0.99994769 | Q109: 16.666123 | R109: 12.673434 | S109: 1.3050563
A110: ETH-Trees | B110: fresh_control | C110: svd | D110: 12 | E110: s2 | F110: s3 | G110: 1 | H110: -0.91975782 | I110: 0.3924863 | J110: -0.00025258627 | K110: -0.39248188 | L110: -0.91974401 | M110: 0.0053784074 | N110: 0.0018786365 | O110: 0.0050459678 | P110: 0.9999855 | Q110: -1.4507342 | R110: -3.7816315 | S110: 0.079443492
A111: ETH-Trees | B111: fresh_control | C111: svd+ransac | D111: 12 | E111: s2 | F111: s3 | G111: 1 | H111: -0.91975782 | I111: 0.3924863 | J111: -0.00025258627 | K111: -0.39248188 | L111: -0.91974401 | M111: 0.0053784074 | N111: 0.0018786365 | O111: 0.0050459678 | P111: 0.9999855 | Q111: -1.4507342 | R111: -3.7816315 | S111: 0.079443492
... A115: ETH-Trees | B115: fresh_control | C115: svd+ransac | D115: 12 | E115: s2 | F115: s5 | G115: 1 | H115: 0.5140418 | I115: 0.85776359 | J115: 0.0016315277 | K115: -0.85773201 | L115: 0.51403773 | M115: -0.0078110997 | N115: -0.0075387437 | O115: 0.0026158182 | P115: 0.99996816 | Q115: -10.030311 | R115: 11.471804 | S115: 0.43636722
A116: ETH-Trees | B116: fresh_control | C116: svd | D116: 12 | E116: s2 | F116: s6 | G116: 0
A117: ETH-Trees | B117: fresh_control | C117: svd+ransac | D117: 12 | E117: s2 | F117: s6 | G117: 0
A118: ETH-Trees | B118: fresh_control | C118: svd | D118: 13 | E118: s2 | F118: s3 | G118: 1 | H118: -0.91927903 | I118: 0.39360539 | J118: -0.00092532027 | K118: -0.39360229 | L118: -0.91927756 | M118: -0.0024493745 | N118: -0.0018147132 | O118: -0.0018874505 | P118: 0.99999657 | Q118: -1.4540571 | R118: -3.7939067 | S118: 0.13183227
A119: ETH-Trees | B119: fresh_control | C119: svd+ransac | D119: 13 | E119: s2 | F119: s3 | G119: 1 | H119: -0.91927903 | I119: 0.39360539 | J119: -0.00092532027 | K119: -0.39360229 | L119: -0.91927756 | M119: -0.0024493745 | N119: -0.0018147132 | O119: -0.0018874505 | P119: 0.99999657 | Q119: -1.4540571 | R119: -3.7939067 | S119: 0.13183227
A120: ETH-Trees | B120: fresh_control | C120: svd | D120: 13 | E120: s2 | F120: s4 | G120: 1 | H120: -0.94810901 | I120: 0.31780174 | J120: -0.0095581299 | K120: -0.31779914 | L120: -0.94815629 | M120: -0.0018297173 | N120: -0.0096440884 | O120: 0.001302794 | P120: 0.99995265 | Q120: 12.617799 | R120: 2.1712999 | S120: 0.84238773
A121: ETH-Trees | B121: fresh_control | C121: svd+ransac | D121: 13 | E121: s2 | F121: s4 | G121: 1 | H121: -0.94810901 | I121: 0.31780174 | J121: -0.0095581299 | K121: -0.31779914 | L121: -0.94815629 | M121: -0.0018297173 | N121: -0.0096440884 | O121: 0.001302794 | P121: 0.99995265 | Q121: 12.617799 | R121: 2.1712999 | S121: 0.84238773
A122: ETH-Trees | B122: fresh_control | C122: svd | D122: 13 | E122: s2 | F122: s5 | G122: 1 | H122: 0.50697952 | I122: 0.86064885 | J122: -0.047490327 | K122: -0.86177924 | L122: 0.50722676 | M122: -0.0075867179 | N122: 0.017558865 | O122: 0.044772489 | P122: 0.99884289 | Q122: -10.053167 | R122: 11.545012 | S122: -0.14232633
A123: ETH-Trees | B123: fresh_control | C123: svd+ransac | D123: 13 | E123: s2 | F123: s5 | G123: 1 | H123: 0.50697952 | I123: 0.86064885 | J123: -0.047490327 | K123: -0.86177924 | L123: 0.50722676 | M123: -0.0075867179 | N123: 0.017558865 | O123: 0.044772489 | P123: 0.99884289 | Q123: -10.053167 | R123: 11.545012 | S123: -0.14232633
A124: ETH-Trees | B124: fresh_control | C124: svd | D124: 13 | E124: s2 | F124: s6 | G124: 1 | H124: -0.81286958 | I124: 0.58215491 | J124: 0.018404005 | K124: -0.58202614 | L124: -0.81307756 | M124: 0.012266017 | N124: 0.022104605 | O124: -0.00074094018 | P124: 0.99975539 | Q124: 16.710981 | R124: 12.713612 | S124: 0.8780439
A125: ETH-Trees | B125: fresh_control | C125: svd+ransac | D125: 13 | E125: s2 | F125: s6 | G125: 1 | H125: -0.82147398 | I125: 0.5679843 | J125: -0.050737904 | K125: -0.56935728 | L125: -0.81197517 | M125: 0.12856363 | N125: 0.031824205 | O125: 0.13449967 | P125: 0.99040247 | Q125: 16.171089 | R125: 13.271745 | S125: 3.0963173
...

Sheet 資料集摘要
A1: 資料集 | B1: 任務 | C1: 方法代碼 | D1: solver | E1: 案例數 | F1: 成功數 | G1: 成功率 | H1: 官方案例數 | I1: 官方成功數 | J1: 官方成功率 | K1: 成功e_p中位數m | L1: 每seed成功對數SD | M1: 狀態 | N1: 匹配＋求解ms中位數
A2: ETH-Trees | B2: 兩站 | C2: fresh_control | D2: svd | E2: =COUNTIFS(逐對結果!$A$2:$A$1951,$A2,逐對結果!$D$2:$D$1951,$C2,逐對結果!$E$2:$E$1951,$D2) -> 150 | F2: =COUNTIFS(逐對結果!$A$2:$A$1951,$A2,逐對結果!$D$2:$D$1951,$C2,逐對結果!$E$2:$E$1951,$D2,逐對結果!$J$2:$J$1951,1) -> 118 | G2: =IF(E2=0,"",F2/E2) -> 0.78666667 | H2: =COUNTIFS(逐對結果!$A$2:$A$1951,$A2,逐對結果!$D$2:$D$1951,$C2,逐對結果!$E$2:$E$1951,$D2,逐對結果!$H$2:$H$1951,1) -> 100 | I2: =COUNTIFS(逐對結果!$A$2:$A$1951,$A2,逐對結果!$D$2:$D$1951,$C2,逐對結果!$E$2:$E$1951,$D2,逐對結果!$H$2:$H$1951,1,逐對結果!$J$2:$J$1951,1) -> 88 | J2: =IF(H2=0,"",I2/H2) -> 0.88 | K2: 0.070338766 | L2: 1.6193277 | M2: 完成 | N2: 2.5001855
A3: ETH-Trees | B3: 兩站 | C3: fresh_control | D3: svd+ransac | E3: =COUNTIFS(逐對結果!$A$2:$A$1951,$A3,逐對結果!$D$2:$D$1951,$C3,逐對結果!$E$2:$E$1951,$D3) -> 150 | F3: =COUNTIFS(逐對結果!$A$2:$A$1951,$A3,逐對結果!$D$2:$D$1951,$C3,逐對結果!$E$2:$E$1951,$D3,逐對結果!$J$2:$J$1951,1) -> 123 | G3: =IF(E3=0,"",F3/E3) -> 0.82 | H3: =COUNTIFS(逐對結果!$A$2:$A$1951,$A3,逐對結果!$D$2:$D$1951,$C3,逐對結果!$E$2:$E$1951,$D3,逐對結果!$H$2:$H$1951,1) -> 100 | I3: =COUNTIFS(逐對結果!$A$2:$A$1951,$A3,逐對結果!$D$2:$D$1951,$C3,逐對結果!$E$2:$E$1951,$D3,逐對結果!$H$2:$H$1951,1,逐對結果!$J$2:$J$1951,1) -> 90 | J3: =IF(H3=0,"",I3/H3) -> 0.9 | K3: 0.072596099 | L3: 1.4944341 | M3: 完成 | N3: 3.641594
A4: ETH-Trees | B4: 兩站 | C4: fresh_matching | D4: svd | E4: =COUNTIFS(逐對結果!$A$2:$A$1951,$A4,逐對結果!$D$2:$D$1951,$C4,逐對結果!$E$2:$E$1951,$D4) -> 150 | F4: =COUNTIFS(逐對結果!$A$2:$A$1951,$A4,逐對結果!$D$2:$D$1951,$C4,逐對結果!$E$2:$E$1951,$D4,逐對結果!$J$2:$J$1951,1) -> 135 | G4: =IF(E4=0,"",F4/E4) -> 0.9 | H4: =COUNTIFS(逐對結果!$A$2:$A$1951,$A4,逐對結果!$D$2:$D$1951,$C4,逐對結果!$E$2:$E$1951,$D4,逐對結果!$H$2:$H$1951,1) -> 100 | I4: =COUNTIFS(逐對結果!$A$2:$A$1951,$A4,逐對結果!$D$2:$D$1951,$C4,逐對結果!$E$2:$E$1951,$D4,逐對結果!$H$2:$H$1951,1,逐對結果!$J$2:$J$1951,1) -> 97 | J4: =IF(H4=0,"",I4/H4) -> 0.97 | K4: 0.078827995 | L4: 1.2692955 | M4: 完成 | N4: 3.153391
A5: ETH-Trees | B5: 兩站 | C5: fresh_matching | D5: svd+ransac | E5: =COUNTIFS(逐對結果!$A$2:$A$1951,$A5,逐對結果!$D$2:$D$1951,$C5,逐對結果!$E$2:$E$1951,$D5) -> 150 | F5: =COUNTIFS(逐對結果!$A$2:$A$1951,$A5,逐對結果!$D$2:$D$1951,$C5,逐對結果!$E$2:$E$1951,$D5,逐對結果!$J$2:$J$1951,1) -> 142 | G5: =IF(E5=0,"",F5/E5) -> 0.94666667 | H5: =COUNTIFS(逐對結果!$A$2:$A$1951,$A5,逐對結果!$D$2:$D$1951,$C5,逐對結果!$E$2:$E$1951,$D5,逐對結果!$H$2:$H$1951,1) -> 100 | I5: =COUNTIFS(逐對結果!$A$2:$A$1951,$A5,逐對結果!$D$2:$D$1951,$C5,逐對結果!$E$2:$E$1951,$D5,逐對結果!$H$2:$H$1951,1,逐對結果!$J$2:$J$1951,1) -> 99 | J5: =IF(H5=0,"",I5/H5) -> 0.99 | K5: 0.070235819 | L5: 0.63245553 | M5: 完成 | N5: 6.11513
A6: ETH-Trees | B6: 兩站 | C6: fresh_vertical085 | D6: svd | E6: =COUNTIFS(逐對結果!$A$2:$A$1951,$A6,逐對結果!$D$2:$D$1951,$C6,逐對結果!$E$2:$E$1951,$D6) -> 150 | F6: =COUNTIFS(逐對結果!$A$2:$A$1951,$A6,逐對結果!$D$2:$D$1951,$C6,逐對結果!$E$2:$E$1951,$D6,逐對結果!$J$2:$J$1951,1) -> 113 | G6: =IF(E6=0,"",F6/E6) -> 0.75333333 | H6: =COUNTIFS(逐對結果!$A$2:$A$1951,$A6,逐對結果!$D$2:$D$1951,$C6,逐對結果!$E$2:$E$1951,$D6,逐對結果!$H$2:$H$1951,1) -> 100 | I6: =COUNTIFS(逐對結果!$A$2:$A$1951,$A6,逐對結果!$D$2:$D$1951,$C6,逐對結果!$E$2:$E$1951,$D6,逐對結果!$H$2:$H$1951,1,逐對結果!$J$2:$J$1951,1) -> 86 | J6: =IF(H6=0,"",I6/H6) -> 0.86 | K6: 0.081795176 | L6: 1.8287822 | M6: 完成 | N6: 2.3491565
A7: ETH-Trees | B7: 兩站 | C7: fresh_vertical085 | D7: svd+ransac | E7: =COUNTIFS(逐對結果!$A$2:$A$1951,$A7,逐對結果!$D$2:$D$1951,$C7,逐對結果!$E$2:$E$1951,$D7) -> 150 | F7: =COUNTIFS(逐對結果!$A$2:$A$1951,$A7,逐對結果!$D$2:$D$1951,$C7,逐對結果!$E$2:$E$1951,$D7,逐對結果!$J$2:$J$1951,1) -> 115 | G7: =IF(E7=0,"",F7/E7) -> 0.76666667 | H7: =COUNTIFS(逐對結果!$A$2:$A$1951,$A7,逐對結果!$D$2:$D$1951,$C7,逐對結果!$E$2:$E$1951,$D7,逐對結果!$H$2:$H$1951,1) -> 100 | I7: =COUNTIFS(逐對結果!$A$2:$A$1951,$A7,逐對結果!$D$2:$D$1951,$C7,逐對結果!$E$2:$E$1951,$D7,逐對結果!$H$2:$H$1951,1,逐對結果!$J$2:$J$1951,1) -> 88 | J7: =IF(H7=0,"",I7/H7) -> 0.88 | K7: 0.077414101 | L7: 1.8408935 | M7: 完成 | N7: 2.569853
A8: ETH-Trees | B8: 兩站 | C8: fresh_vertical085_matching | D8: svd | E8: =COUNTIFS(逐對結果!$A$2:$A$1951,$A8,逐對結果!$D$2:$D$1951,$C8,逐對結果!$E$2:$E$1951,$D8) -> 150 | F8: =COUNTIFS(逐對結果!$A$2:$A$1951,$A8,逐對結果!$D$2:$D$1951,$C8,逐對結果!$E$2:$E$1951,$D8,逐對結果!$J$2:$J$1951,1) -> 131 | G8: =IF(E8=0,"",F8/E8) -> 0.87333333 | H8: =COUNTIFS(逐對結果!$A$2:$A$1951,$A8,逐對結果!$D$2:$D$1951,$C8,逐對結果!$E$2:$E$1951,$D8,逐對結果!$H$2:$H$1951,1) -> 100 | I8: =COUNTIFS(逐對結果!$A$2:$A$1951,$A8,逐對結果!$D$2:$D$1951,$C8,逐對結果!$E$2:$E$1951,$D8,逐對結果!$H$2:$H$1951,1,逐對結果!$J$2:$J$1951,1) -> 96 | J8: =IF(H8=0,"",I8/H8) -> 0.96 | K8: 0.071792605 | L8: 0.99442893 | M8: 完成 | N8: 2.4882075
A9: ETH-Trees | B9: 兩站 | C9: fresh_vertical085_matching | D9: svd+ransac | E9: =COUNTIFS(逐對結果!$A$2:$A$1951,$A9,逐對結果!$D$2:$D$1951,$C9,逐對結果!$E$2:$E$1951,$D9) -> 150 | F9: =COUNTIFS(逐對結果!$A$2:$A$1951,$A9,逐對結果!$D$2:$D$1951,$C9,逐對結果!$E$2:$E$1951,$D9,逐對結果!$J$2:$J$1951,1) -> 130 | G9: =IF(E9=0,"",F9/E9) -> 0.86666667 | H9: =COUNTIFS(逐對結果!$A$2:$A$1951,$A9,逐對結果!$D$2:$D$1951,$C9,逐對結果!$E$2:$E$1951,$D9,逐對結果!$H$2:$H$1951,1) -> 100 | I9: =COUNTIFS(逐對結果!$A$2:$A$1951,$A9,逐對結果!$D$2:$D$1951,$C9,逐對結果!$E$2:$E$1951,$D9,逐對結果!$H$2:$H$1951,1,逐對結果!$J$2:$J$1951,1) -> 95 | J9: =IF(H9=0,"",I9/H9) -> 0.95 | K9: 0.065574284 | L9: 0.94280904 | M9: 完成 | N9: 2.896751
A10: ETH-Trees | B10: 兩站 | C10: fresh_ransac999 | D10: svd | E10: =COUNTIFS(逐對結果!$A$2:$A$1951,$A10,逐對結果!$D$2:$D$1951,$C10,逐對結果!$E$2:$E$1951,$D10) -> 150 | F10: =COUNTIFS(逐對結果!$A$2:$A$1951,$A10,逐對結果!$D$2:$D$1951,$C10,逐對結果!$E$2:$E$1951,$D10,逐對結果!$J$2:$J$1951,1) -> 117 | G10: =IF(E10=0,"",F10/E10) -> 0.78 | H10: =COUNTIFS(逐對結果!$A$2:$A$1951,$A10,逐對結果!$D$2:$D$1951,$C10,逐對結果!$E$2:$E$1951,$D10,逐對結果!$H$2:$H$1951,1) -> 100 | I10: =COUNTIFS(逐對結果!$A$2:$A$1951,$A10,逐對結果!$D$2:$D$1951,$C10,逐對結果!$E$2:$E$1951,$D10,逐對結果!$H$2:$H$1951,1,逐對結果!$J$2:$J$1951,1) -> 89 | J10: =IF(H10=0,"",I10/H10) -> 0.89 | K10: 0.074326748 | L10: 1.2516656 | M10: 完成 | N10: 2.1896205
A11: ETH-Trees | B11: 兩站 | C11: fresh_ransac999 | D11: svd+ransac | E11: =COUNTIFS(逐對結果!$A$2:$A$1951,$A11,逐對結果!$D$2:$D$1951,$C11,逐對結果!$E$2:$E$1951,$D11) -> 150 | F11: =COUNTIFS(逐對結果!$A$2:$A$1951,$A11,逐對結果!$D$2:$D$1951,$C11,逐對結果!$E$2:$E$1951,$D11,逐對結果!$J$2:$J$1951,1) -> 122 | G11: =IF(E11=0,"",F11/E11) -> 0.81333333 | H11: =COUNTIFS(逐對結果!$A$2:$A$1951,$A11,逐對結果!$D$2:$D$1951,$C11,逐對結果!$E$2:$E$1951,$D11,逐對結果!$H$2:$H$1951,1) -> 100 | I11: =COUNTIFS(逐對結果!$A$2:$A$1951,$A11,逐對結果!$D$2:$D$1951,$C11,逐對結果!$E$2:$E$1951,$D11,逐對結果!$H$2:$H$1951,1,逐對結果!$J$2:$J$1951,1) -> 93 | J11: =IF(H11=0,"",I11/H11) -> 0.93 | K11: 0.075780952 | L11: 0.91893658 | M11: 完成 | N11: 2.424939
A12: ETH-Trees | B12: 兩站 | C12: fresh_ransac999_matching | D12: svd | E12: =COUNTIFS(逐對結果!$A$2:$A$1951,$A12,逐對結果!$D$2:$D$1951,$C12,逐對結果!$E$2:$E$1951,$D12) -> 150 | F12: =COUNTIFS(逐對結果!$A$2:$A$1951,$A12,逐對結果!$D$2:$D$1951,$C12,逐對結果!$E$2:$E$1951,$D12,逐對結果!$J$2:$J$1951,1) -> 138 | G12: =IF(E12=0,"",F12/E12) -> 0.92 | H12: =COUNTIFS(逐對結果!$A$2:$A$1951,$A12,逐對結果!$D$2:$D$1951,$C12,逐對結果!$E$2:$E$1951,$D12,逐對結果!$H$2:$H$1951,1) -> 100 | I12: =COUNTIFS(逐對結果!$A$2:$A$1951,$A12,逐對結果!$D$2:$D$1951,$C12,逐對結果!$E$2:$E$1951,$D12,逐對結果!$H$2:$H$1951,1,逐對結果!$J$2:$J$1951,1) -> 97 | J12: =IF(H12=0,"",I12/H12) -> 0.97 | K12: 0.074911237 | L12: 0.78881064 | M12: 完成 | N12: 2.346764
A13: ETH-Trees | B13: 兩站 | C13: fresh_ransac999_matching | D13: svd+ransac | E13: =COUNTIFS(逐對結果!$A$2:$A$1951,$A13,逐對結果!$D$2:$D$1951,$C13,逐對結果!$E$2:$E$1951,$D13) -> 150 | F13: =COUNTIFS(逐對結果!$A$2:$A$1951,$A13,逐對結果!$D$2:$D$1951,$C13,逐對結果!$E$2:$E$1951,$D13,逐對結果!$J$2:$J$1951,1) -> 141 | G13: =IF(E13=0,"",F13/E13) -> 0.94 | H13: =COUNTIFS(逐對結果!$A$2:$A$1951,$A13,逐對結果!$D$2:$D$1951,$C13,逐對結果!$E$2:$E$1951,$D13,逐對結果!$H$2:$H$1951,1) -> 100 | I13: =COUNTIFS(逐對結果!$A$2:$A$1951,$A13,逐對結果!$D$2:$D$1951,$C13,逐對結果!$E$2:$E$1951,$D13,逐對結果!$H$2:$H$1951,1,逐對結果!$J$2:$J$1951,1) -> 98 | J13: =IF(H13=0,"",I13/H13) -> 0.98 | K13: 0.068199223 | L13: 0.56764621 | M13: 完成 | N13: 2.775542
A14: ETH-Trees | B14: 多站 | C14: graph_mst | D14: graph_mst | E14: =COUNTIFS(逐對結果!$A$2:$A$1951,$A14,逐對結果!$D$2:$D$1951,$C14,逐對結果!$E$2:$E$1951,$D14) -> 150 | F14: =COUNTIFS(逐對結果!$A$2:$A$1951,$A14,逐對結果!$D$2:$D$1951,$C14,逐對結果!$E$2:$E$1951,$D14,逐對結果!$J$2:$J$1951,1) -> 150 | G14: =IF(E14=0,"",F14/E14) -> 1 | H14: =COUNTIFS(逐對結果!$A$2:$A$1951,$A14,逐對結果!$D$2:$D$1951,$C14,逐對結果!$E$2:$E$1951,$D14,逐對結果!$H$2:$H$1951,1) -> 100 | I14: =COUNTIFS(逐對結果!$A$2:$A$1951,$A14,逐對結果!$D$2:$D$1951,$C14,逐對結果!$E$2:$E$1951,$D14,逐對結果!$H$2:$H$1951,1,逐對結果!$J$2:$J$1951,1) -> 100 | J14: =IF(H14=0,"",I14/H14) -> 1 | K14: 0.071879095 | L14: 0 | M14: 完成

Sheet 每seed
A1: 資料集 | B1: 方法代碼 | C1: solver | D1: seed | E1: 案例數 | F1: 成功數 | G1: 成功率
A2: ETH-Trees | B2: fresh_control | C2: svd | D2: 11 | E2: 15 | F2: 11 | G2: 0.73333333
A3: ETH-Trees | B3: fresh_control | C3: svd | D3: 12 | E3: 15 | F3: 13 | G3: 0.86666667
A4: ETH-Trees | B4: fresh_control | C4: svd | D4: 13 | E4: 15 | F4: 10 | G4: 0.66666667
A5: ETH-Trees | B5: fresh_control | C5: svd | D5: 14 | E5: 15 | F5: 9 | G5: 0.6
A6: ETH-Trees | B6: fresh_control | C6: svd | D6: 15 | E6: 15 | F6: 14 | G6: 0.93333333
A7: ETH-Trees | B7: fresh_control | C7: svd | D7: 16 | E7: 15 | F7: 13 | G7: 0.86666667
A8: ETH-Trees | B8: fresh_control | C8: svd | D8: 17 | E8: 15 | F8: 11 | G8: 0.73333333
A9: ETH-Trees | B9: fresh_control | C9: svd | D9: 18 | E9: 15 | F9: 13 | G9: 0.86666667
A10: ETH-Trees | B10: fresh_control | C10: svd | D10: 19 | E10: 15 | F10: 13 | G10: 0.86666667
A11: ETH-Trees | B11: fresh_control | C11: svd | D11: 20 | E11: 15 | F11: 11 | G11: 0.73333333
A12: ETH-Trees | B12: fresh_control | C12: svd+ransac | D12: 11 | E12: 15 | F12: 13 | G12: 0.86666667
A13: ETH-Trees | B13: fresh_control | C13: svd+ransac | D13: 12 | E13: 15 | F13: 13 | G13: 0.86666667
... A131: ETH-Trees | B131: graph_mst | C131: graph_mst | D131: 20 | E131: 15 | F131: 15 | G131: 1

Sheet 配對比較
A1: 資料集 | B1: 方法代碼 | C1: solver | D1: Δ成功對數/seed | E1: 勝seed數 | F1: 負seed數 | G1: 相同seed數 | H1: 符號檢定p | I1: Bonferroni p | J1: 共同成功案例 | K1: control共同成功e_p | L1: 此方法共同成功e_p
A2: ETH-Trees | B2: fresh_control | C2: svd | D2: 0 | E2: 0 | F2: 0 | G2: 10 | H2: 1 | I2: 1 | J2: 118 | K2: 0.070338766 | L2: 0.070338766
A3: ETH-Trees | B3: fresh_control | C3: svd+ransac | D3: 0.5 | E3: 4 | F3: 0 | G3: 6 | H3: 0.125 | I3: 1 | J3: 118 | K3: 0.070338766 | L3: 0.071269044
A4: ETH-Trees | B4: fresh_matching | C4: svd | D4: 1.7 | E4: 8 | F4: 0 | G4: 2 | H4: 0.0078125 | I4: 0.09375 | J4: 110 | K4: 0.069631568 | L4: 0.072455075
A5: ETH-Trees | B5: fresh_matching | C5: svd+ransac | D5: 2.4 | E5: 9 | F5: 0 | G5: 1 | H5: 0.00390625 | I5: 0.046875 | J5: 111 | K5: 0.069868137 | L5: 0.066134851
A6: ETH-Trees | B6: fresh_vertical085 | C6: svd | D6: -0.5 | E6: 3 | F6: 5 | G6: 2 | H6: 0.7265625 | I6: 1 | J6: 90 | K6: 0.069162467 | L6: 0.077996585
A7: ETH-Trees | B7: fresh_vertical085 | C7: svd+ransac | D7: -0.3 | E7: 4 | F7: 6 | G7: 0 | H7: 0.75390625 | I7: 1 | J7: 92 | K7: 0.068575644 | L7: 0.071791949
A8: ETH-Trees | B8: fresh_vertical085_matching | C8: svd | D8: 1.3 | E8: 7 | F8: 3 | G8: 0 | H8: 0.34375 | I8: 1 | J8: 104 | K8: 0.070338766 | L8: 0.071813528
A9: ETH-Trees | B9: fresh_vertical085_matching | C9: svd+ransac | D9: 1.2 | E9: 7 | F9: 2 | G9: 1 | H9: 0.1796875 | I9: 1 | J9: 103 | K9: 0.069395 | L9: 0.062918354
A10: ETH-Trees | B10: fresh_ransac999 | C10: svd | D10: -0.1 | E10: 5 | F10: 4 | G10: 1 | H10: 1 | I10: 1 | J10: 101 | K10: 0.069868137 | L10: 0.074326748
A11: ETH-Trees | B11: fresh_ransac999 | C11: svd+ransac | D11: 0.4 | E11: 6 | F11: 4 | G11: 0 | H11: 0.75390625 | I11: 1 | J11: 104 | K11: 0.070338766 | L11: 0.075780952
A12: ETH-Trees | B12: fresh_ransac999_matching | C12: svd | D12: 2 | E12: 10 | F12: 0 | G12: 0 | H12: 0.001953125 | I12: 0.0234375 | J12: 114 | K12: 0.069919953 | L12: 0.071780792
A13: ETH-Trees | B13: fresh_ransac999_matching | C13: svd+ransac | D13: 2.3 | E13: 10 | F13: 0 | G13: 0 | H13: 0.001953125 | I13: 0.0234375 | J13: 114 | K13: 0.069919953 | L13: 0.066048721
A14: ETH-Trees | B14: graph_mst | C14: graph_mst | D14: 3.2 | E14: 10 | F14: 0 | G14: 0 | H14: 0.001953125 | I14: 0.0234375 | J14: 118 | K14: 0.070338766 | L14: 0.069649254

Sheet 跨資料集
A1: 任務 | B1: 方法代碼 | C1: solver | D1: ETH-Trees | E1: Tongji-Trees | F1: WHU-FGI | G1: Liang2018
A2: 兩站 | B2: fresh_control | C2: svd | D2: =資料集摘要!G2 -> 0.78666667 | E2: 未執行／待取得資料 | F2: 未執行／待取得資料 | G2: 未執行／待取得資料
A3: 兩站 | B3: fresh_control | C3: svd+ransac | D3: =資料集摘要!G3 -> 0.82 | E3: 未執行／待取得資料 | F3: 未執行／待取得資料 | G3: 未執行／待取得資料
A4: 兩站 | B4: fresh_matching | C4: svd | D4: =資料集摘要!G4 -> 0.9 | E4: 未執行／待取得資料 | F4: 未執行／待取得資料 | G4: 未執行／待取得資料
A5: 兩站 | B5: fresh_matching | C5: svd+ransac | D5: =資料集摘要!G5 -> 0.94666667 | E5: 未執行／待取得資料 | F5: 未執行／待取得資料 | G5: 未執行／待取得資料
A6: 兩站 | B6: fresh_vertical085 | C6: svd | D6: =資料集摘要!G6 -> 0.75333333 | E6: 未執行／待取得資料 | F6: 未執行／待取得資料 | G6: 未執行／待取得資料
A7: 兩站 | B7: fresh_vertical085 | C7: svd+ransac | D7: =資料集摘要!G7 -> 0.76666667 | E7: 未執行／待取得資料 | F7: 未執行／待取得資料 | G7: 未執行／待取得資料
A8: 兩站 | B8: fresh_vertical085_matching | C8: svd | D8: =資料集摘要!G8 -> 0.87333333 | E8: 未執行／待取得資料 | F8: 未執行／待取得資料 | G8: 未執行／待取得資料
A9: 兩站 | B9: fresh_vertical085_matching | C9: svd+ransac | D9: =資料集摘要!G9 -> 0.86666667 | E9: 未執行／待取得資料 | F9: 未執行／待取得資料 | G9: 未執行／待取得資料
A10: 兩站 | B10: fresh_ransac999 | C10: svd | D10: =資料集摘要!G10 -> 0.78 | E10: 未執行／待取得資料 | F10: 未執行／待取得資料 | G10: 未執行／待取得資料
A11: 兩站 | B11: fresh_ransac999 | C11: svd+ransac | D11: =資料集摘要!G11 -> 0.81333333 | E11: 未執行／待取得資料 | F11: 未執行／待取得資料 | G11: 未執行／待取得資料
A12: 兩站 | B12: fresh_ransac999_matching | C12: svd | D12: =資料集摘要!G12 -> 0.92 | E12: 未執行／待取得資料 | F12: 未執行／待取得資料 | G12: 未執行／待取得資料
A13: 兩站 | B13: fresh_ransac999_matching | C13: svd+ransac | D13: =資料集摘要!G13 -> 0.94 | E13: 未執行／待取得資料 | F13: 未執行／待取得資料 | G13: 未執行／待取得資料
A14: 多站 | B14: graph_mst | C14: graph_mst | D14: =資料集摘要!G14 -> 1 | E14: 未執行／待取得資料 | F14: 未執行／待取得資料 | G14: 未執行／待取得資料

Sheet 方法設定
A1: 方法代碼 | B1: solver | C1: 任務 | D1: 匹配閾值m | E1: N | F1: w | G1: Th_score | H1: min_dc | I1: cluster m | J1: verticality | K1: 圓柱prob | L1: 圓柱迭代上限 | M1: 配準RANSAC inlier m | N1: 補充
A2: fresh_control | B2: svd | C2: 兩站 | D2: 0.05 | E2: 183 | F2: 10 | G2: 40 | H2: 3 | I2: 0.2 | J2: 0.9 | K2: 0.99 | L2: 1000 | N2: 完整6DOF；不做ICP
A3: fresh_control | B3: svd+ransac | C3: 兩站 | D3: 0.05 | E3: 183 | F3: 10 | G3: 40 | H3: 3 | I3: 0.2 | J3: 0.9 | K3: 0.99 | L3: 1000 | M3: 0.3 | N3: 完整6DOF；不做ICP
A4: fresh_matching | B4: svd | C4: 兩站 | D4: 0.1 | E4: 183 | F4: 10 | G4: 40 | H4: 3 | I4: 0.2 | J4: 0.9 | K4: 0.99 | L4: 1000 | N4: 完整6DOF；不做ICP
A5: fresh_matching | B5: svd+ransac | C5: 兩站 | D5: 0.1 | E5: 183 | F5: 10 | G5: 40 | H5: 3 | I5: 0.2 | J5: 0.9 | K5: 0.99 | L5: 1000 | M5: 0.3 | N5: 完整6DOF；不做ICP
A6: fresh_vertical085 | B6: svd | C6: 兩站 | D6: 0.05 | E6: 183 | F6: 10 | G6: 40 | H6: 3 | I6: 0.2 | J6: 0.85 | K6: 0.99 | L6: 1000 | N6: 完整6DOF；不做ICP
A7: fresh_vertical085 | B7: svd+ransac | C7: 兩站 | D7: 0.05 | E7: 183 | F7: 10 | G7: 40 | H7: 3 | I7: 0.2 | J7: 0.85 | K7: 0.99 | L7: 1000 | M7: 0.3 | N7: 完整6DOF；不做ICP
A8: fresh_vertical085_matching | B8: svd | C8: 兩站 | D8: 0.1 | E8: 183 | F8: 10 | G8: 40 | H8: 3 | I8: 0.2 | J8: 0.85 | K8: 0.99 | L8: 1000 | N8: 完整6DOF；不做ICP
A9: fresh_vertical085_matching | B9: svd+ransac | C9: 兩站 | D9: 0.1 | E9: 183 | F9: 10 | G9: 40 | H9: 3 | I9: 0.2 | J9: 0.85 | K9: 0.99 | L9: 1000 | M9: 0.3 | N9: 完整6DOF；不做ICP
A10: fresh_ransac999 | B10: svd | C10: 兩站 | D10: 0.05 | E10: 183 | F10: 10 | G10: 40 | H10: 3 | I10: 0.2 | J10: 0.9 | K10: 0.999 | L10: 3000 | N10: 完整6DOF；不做ICP
A11: fresh_ransac999 | B11: svd+ransac | C11: 兩站 | D11: 0.05 | E11: 183 | F11: 10 | G11: 40 | H11: 3 | I11: 0.2 | J11: 0.9 | K11: 0.999 | L11: 3000 | M11: 0.3 | N11: 完整6DOF；不做ICP
A12: fresh_ransac999_matching | B12: svd | C12: 兩站 | D12: 0.1 | E12: 183 | F12: 10 | G12: 40 | H12: 3 | I12: 0.2 | J12: 0.9 | K12: 0.999 | L12: 3000 | N12: 完整6DOF；不做ICP
A13: fresh_ransac999_matching | B13: svd+ransac | C13: 兩站 | D13: 0.1 | E13: 183 | F13: 10 | G13: 40 | H13: 3 | I13: 0.2 | J13: 0.9 | K13: 0.999 | L13: 3000 | M13: 0.3 | N13: 完整6DOF；不做ICP
A14: graph_mst | B14: graph_mst | C14: 多站 | D14: 0.05 | E14: 183 | F14: 10 | G14: 40 | H14: 3 | I14: 0.2 | J14: 0.9 | K14: 0.99 | L14: 1000 | N14: 至少4個CN配對、6個3D支持；互為最近鄰距離<0.30m，中位殘差<=0.15m；不讀GT選邊

Sheet 資料來源
A1: 資料集 | B1: 項目 | C1: 內容
A2: ETH-Trees | B2: 已可執行配準比較 | C2: =TRUE() -> TRUE
A3: ETH-Trees | B3: 狀態 | C3: 已完成
A4: ETH-Trees | B4: 場景／子集 | C4: Trees
A5: ETH-Trees | B5: 已核驗站數 | C5: 6
A6: ETH-Trees | B6: 已核驗點數 | C6: 121489966
A7: ETH-Trees | B7: 來源頁 | C7: https://ethz.ch/content/dam/ethz/special-interest/baug/igp/photogrammetry-remote-sensing-dam/documents/sourcecode-and-datasets/PascalTheiler/trees.zip
A8: ETH-Trees | B8: 本地核驗SHA256 | C8: ecb3f5e8791804341a3e7837c29f25789987c99fdf575aa3ebfbfd67d3acd37c
A9: ETH-Trees | B9: 引用 | C9: Theiler et al., ISPRS J. 109 (2015); CircularMatch [11]
A10: Tongji-Trees | B10: 已可執行配準比較 | C10: =FALSE() -> FALSE
A11: Tongji-Trees | B11: 狀態 | C11: 未執行：官方要求申請下載連結
A12: Tongji-Trees | B12: 場景／子集
A13: Tongji-Trees | B13: 來源頁 | C13: https://github.com/zexinyang/GlobalMatch
A14: Tongji-Trees | B14: 原始下載候選 | C14: https://forms.gle/c8BXMHYTqd1iULBv8
A15: Tongji-Trees | B15: 引用 | C15: Wang et al., GlobalMatch, ISPRS J. 197 (2023); CircularMatch [9]
A16: WHU-FGI | B16: 已可執行配準比較 | C16: =FALSE() -> FALSE
A17: WHU-FGI | B17: 狀態 | C17: 未執行：公開整理版已下載，但不含FGI-Forest
A18: WHU-FGI | B18: 場景／子集 | C18: FGI-Forest（待核驗）
A19: WHU-FGI | B19: 來源頁 | C19: https://github.com/WHU-USI3DV/WHU-TLS
A20: WHU-FGI | B20: 原始下載候選 | C20: https://drive.google.com/file/d/1QjlxIVMQPinNWt5LKhtaG9TTo2j3TGs_/view
A21: WHU-FGI | B21: 引用 | C21: Dong et al., ISPRS J. 163 (2020); CircularMatch [12]
A22: WHU-FGI | B22: 補充來源 | C22: https://github.com/HpWang-whu/YOHO#-dataset--pretrained-model
A23: WHU-FGI | B23: 注意 | C23: 已取得YOHO公開WHU-TLS.tar.gz，387437741 bytes，SHA256 33a7a29577faa631c2a3bec828f9552182dbcbfd0da67ce572c8c28df60caf0a；gzip CRC已驗證。內容只有Campus/Mountain/Park/RiverBank/Tunnel/UndergroundExcavation，未含FGI-Forest；不能用這些場景代替論文FGI。
A24: Liang2018 | B24: 已可執行配準比較 | C24: =FALSE() -> FALSE
A25: Liang2018 | B25: 已取得森林點雲 | C25: =TRUE() -> TRUE
A26: Liang2018 | B26: 外部提取驗證完成 | C26: =TRUE() -> TRUE
A27: Liang2018 | B27: 狀態 | C27: 固定參數提取驗證180次已完成；配準缺少分站與真值
A28: Liang2018 | B28: 場景／子集 | C28: TreeTool處理後六樣區；原始分站資料待取得
A29: Liang2018 | B29: 已核驗點數 | C29: 37777514
A30: Liang2018 | B30: 來源頁 | C30: https://laserscanning.fi/results-available-for-international-benchmarking-of-terrestrial-laser-scanning-methods/
A31: Liang2018 | B31: 原始下載候選 | C31: https://helsinkifi-my.sharepoint.com/:f:/g/personal/jpyorala_ad_helsinki_fi/EvL7Zbq8VOpCqWMViRlswsIB06GH3HyOAQ1rupwb3fOEXg?e=KdWmd7
A32: Liang2018 | B32: 已取得處理版下載 | C32: https://drive.google.com/drive/folders/1AhYd8pwCrTAJCV4OIc9MWot8tjNgIJSx
A33: Liang2018 | B33: 引用 | C33: Liang et al., ISPRS J. 144 (2018), DOI 10.1016/j.isprsjprs.2018.06.021; CircularMatch [13]
A34: Liang2018 | B34: 補充來源 | C34: https://github.com/porteratzo/TreeTool
A35: Liang2018 | B35: 注意 | C35: 已取得6份處理後PCD及6份LHD參考樹資料。此版本每樣區僅一份點雲，未附原始站點、姿態或配準真值；可做提取驗證，不能當作完整配準資料。原始作者SharePoint分享網頁403、公開API401。

Sheet ETH篩選
A1: 設定 | B1: solver | C1: seed1–5成功 | D1: seed1–5案例 | E1: seed6–10成功 | F1: seed6–10案例 | G1: 參數
A2: control | B2: svd | C2: 63 | D2: 75 | E2: 63 | F2: 75 | G2: {"name": "control", "threshold": 0.05}
A3: control | B3: svd+ransac | C3: 61 | D3: 75 | E3: 65 | F3: 75 | G3: {"name": "control", "threshold": 0.05}
A4: threshold075 | B4: svd | C4: 64 | D4: 75 | E4: 62 | F4: 75 | G4: {"name": "threshold075", "threshold": 0.075}
A5: threshold075 | B5: svd+ransac | C5: 67 | D5: 75 | E5: 65 | F5: 75 | G5: {"name": "threshold075", "threshold": 0.075}
A6: threshold100 | B6: svd | C6: 68 | D6: 75 | E6: 67 | F6: 75 | G6: {"name": "threshold100", "threshold": 0.1}
A7: threshold100 | B7: svd+ransac | C7: 70 | D7: 75 | E7: 69 | F7: 75 | G7: {"name": "threshold100", "threshold": 0.1}
A8: score20 | B8: svd | C8: 62 | D8: 75 | E8: 59 | F8: 75 | G8: {"name": "score20", "threshold": 0.05, "th_score": 20}
A9: score20 | B9: svd+ransac | C9: 63 | D9: 75 | E9: 63 | F9: 75 | G9: {"name": "score20", "threshold": 0.05, "th_score": 20}
A10: score60 | B10: svd | C10: 52 | D10: 75 | E10: 57 | F10: 75 | G10: {"name": "score60", "threshold": 0.05, "th_score": 60}
A11: score60 | B11: svd+ransac | C11: 50 | D11: 75 | E11: 57 | F11: 75 | G11: {"name": "score60", "threshold": 0.05, "th_score": 60}
A12: min_dc4 | B12: svd | C12: 62 | D12: 75 | E12: 64 | F12: 75 | G12: {"name": "min_dc4", "threshold": 0.05, "min_dc": 4}
A13: min_dc4 | B13: svd+ransac | C13: 60 | D13: 75 | E13: 65 | F13: 75 | G13: {"name": "min_dc4", "threshold": 0.05, "min_dc": 4}
... A19: merge030 | B19: svd+ransac | C19: 58 | D19: 75 | E19: 65 | F19: 75 | G19: {"name": "merge030", "threshold": 0.05, "merge_radius": 0.3}

Sheet ETH提取
A1: 設定 | B1: 站點 | C1: seed數 | D1: 平均樹數 | E1: 樹數SD | F1: 10seed批次壁鐘秒 | G1: 計時條件
A2: control | B2: s1 | C2: 10 | D2: 54.6 | E2: 1.8973666 | F2: 165.344 | G2: 共享前處理、同時有其他工作；非獨占主機效能基準
A3: control | B3: s2 | C3: 10 | D3: 58.7 | E3: 1.5670212 | F3: 175.509 | G3: 共享前處理、同時有其他工作；非獨占主機效能基準
A4: control | B4: s3 | C4: 10 | D4: 48.8 | E4: 2.2010099 | F4: 167.032 | G4: 共享前處理、同時有其他工作；非獨占主機效能基準
A5: control | B5: s4 | C5: 10 | D5: 55 | E5: 1.9436506 | F5: 163.289 | G5: 共享前處理、同時有其他工作；非獨占主機效能基準
A6: control | B6: s5 | C6: 10 | D6: 84.8 | E6: 4.5655716 | F6: 191.872 | G6: 共享前處理、同時有其他工作；非獨占主機效能基準
A7: control | B7: s6 | C7: 10 | D7: 86.5 | E7: 3.7785947 | F7: 195.476 | G7: 共享前處理、同時有其他工作；非獨占主機效能基準
A8: vertical085 | B8: s1 | C8: 10 | D8: 58.5 | E8: 2.1213203 | F8: 182.206 | G8: 共享前處理、同時有其他工作；非獨占主機效能基準
A9: vertical085 | B9: s2 | C9: 10 | D9: 64.4 | E9: 2.5473298 | F9: 187.691 | G9: 共享前處理、同時有其他工作；非獨占主機效能基準
A10: vertical085 | B10: s3 | C10: 10 | D10: 52.8 | E10: 2.1499354 | F10: 173.797 | G10: 共享前處理、同時有其他工作；非獨占主機效能基準
A11: vertical085 | B11: s4 | C11: 10 | D11: 59.3 | E11: 2.5407785 | F11: 182.631 | G11: 共享前處理、同時有其他工作；非獨占主機效能基準
A12: vertical085 | B12: s5 | C12: 10 | D12: 83.3 | E12: 2.6267851 | F12: 217.172 | G12: 共享前處理、同時有其他工作；非獨占主機效能基準
A13: vertical085 | B13: s6 | C13: 10 | D13: 95.2 | E13: 2.8205594 | F13: 233.816 | G13: 共享前處理、同時有其他工作；非獨占主機效能基準
... A19: ransac999 | B19: s6 | C19: 10 | D19: 86.6 | E19: 2.836273 | F19: 172.708 | G19: 共享前處理、同時有其他工作；非獨占主機效能基準

Sheet ETH圖選邊
A1: seed | B1: pair | C1: 採用 | D1: 品質score | E1: 3D支持點 | F1: overlap | G1: 中位殘差m
A2: 11 | B2: s1-s2 | C2: 1 | D2: 5.5099745 | E2: 23 | F2: 0.41818182 | G2: 0.074559463
A3: 11 | B3: s1-s3 | C3: 0 | D3: 2.3338915 | E3: 16 | F3: 0.31372549 | G3: 0.1150746
A4: 11 | B4: s1-s4 | C4: 0 | D4: 1.9415417 | E4: 15 | F4: 0.27777778 | G4: 0.11460608
A5: 11 | B5: s1-s5 | C5: 0 | D5: 1.0521209 | E5: 12 | F5: 0.21818182 | G5: 0.14884799
A6: 11 | B6: s1-s6 | C6: 0 | D6: 0 | E6: 0 | F6: 0
A7: 11 | B7: s2-s3 | C7: 0 | D7: 1.3198619 | E7: 12 | F7: 0.23529412 | G7: 0.11392613
A8: 11 | B8: s2-s4 | C8: 0 | D8: 0 | E8: 0 | F8: 0
A9: 11 | B9: s2-s5 | C9: 1 | D9: 4.3664866 | E9: 22 | F9: 0.38596491 | G9: 0.094463625
A10: 11 | B10: s2-s6 | C10: 0 | D10: 0 | E10: 12 | F10: 0.21052632 | G10: 0.23632798
A11: 11 | B11: s3-s4 | C11: 1 | D11: 4.696113 | E11: 21 | F11: 0.41176471 | G11: 0.084132256
A12: 11 | B12: s3-s5 | C12: 0 | D12: 4.0608111 | E12: 20 | F12: 0.39215686 | G12: 0.093142137
A13: 11 | B13: s4-s5 | C13: 1 | D13: 7.2417637 | E13: 29 | F13: 0.53703704 | G13: 0.11505913
A14: 11 | B14: s4-s6 | C14: 1 | D14: 3.6923261 | E14: 21 | F14: 0.38888889 | G14: 0.12117945
A15: 11 | B15: s5-s6 | C15: 0 | D15: 3.4234294 | E15: 26 | F15: 0.325 | G15: 0.14682852
A16: 12 | B16: s1-s2 | C16: 1 | D16: 6.4675643 | E16: 25 | F16: 0.46296296 | G16: 0.078955687
A17: 12 | B17: s1-s3 | C17: 0 | D17: 4.5331375 | E17: 20 | F17: 0.42553191 | G17: 0.087742778
A18: 12 | B18: s1-s4 | C18: 0 | D18: 2.4856191 | E18: 15 | F18: 0.27777778 | G18: 0.067630941
A19: 12 | B19: s1-s5 | C19: 0 | D19: 2.4385316 | E19: 16 | F19: 0.2962963 | G19: 0.094409647
A20: 12 | B20: s1-s6 | C20: 0 | D20: 0.8844324 | E20: 10 | F20: 0.18518519 | G20: 0.10938309
... A34: 13 | B34: s2-s4 | C34: 0 | D34: 2.9408907 | E34: 18 | F34: 0.32142857 | G34: 0.096733402
A35: 13 | B35: s2-s5 | C35: 0 | D35: 0 | E35: 0 | F35: 0
A36: 13 | B36: s2-s6 | C36: 0 | D36: 0.95573261 | E36: 11 | F36: 0.18965517 | G36: 0.11828353
A37: 13 | B37: s3-s4 | C37: 1 | D37: 4.4855505 | E37: 20 | F37: 0.40816327 | G37: 0.081990266
A38: 13 | B38: s4-s5 | C38: 1 | D38: 8.1315027 | E38: 30 | F38: 0.53571429 | G38: 0.097644016
A39: 13 | B39: s4-s6 | C39: 1 | D39: 5.3884241 | E39: 25 | F39: 0.44642857 | G39: 0.1071239
A40: 13 | B40: s5-s6 | C40: 0 | D40: 4.9140038 | E40: 28 | F40: 0.3373494 | G40: 0.092221729
A41: 14 | B41: s1-s3 | C41: 1 | D41: 2.9446656 | E41: 18 | F41: 0.34615385 | G41: 0.11159514
A42: 14 | B42: s1-s5 | C42: 0 | D42: 0 | E42: 0 | F42: 0
A43: 14 | B43: s1-s6 | C43: 0 | D43: 0.4270161 | E43: 7 | F43: 0.13207547 | G43: 0.116509
A44: 14 | B44: s2-s3 | C44: 1 | D44: 5.7605198 | E44: 26 | F44: 0.5 | G44: 0.12567408
A45: 14 | B45: s2-s4 | C45: 0 | D45: 1.5914812 | E45: 13 | F45: 0.22033898 | G45: 0.079983707
A46: 14 | B46: s3-s4 | C46: 0 | D46: 4.9290777 | E46: 22 | F46: 0.42307692 | G46: 0.088832332
A47: 14 | B47: s3-s5 | C47: 1 | D47: 5.660229 | E47: 25 | F47: 0.48076923 | G47: 0.11234531
A48: 14 | B48: s3-s6 | C48: 0 | D48: 2.2583758 | E48: 13 | F48: 0.25 | G48: 0.043908732
A49: 14 | B49: s4-s5 | C49: 1 | D49: 10.16811 | E49: 30 | F49: 0.50847458 | G49: 0.050020384
A50: 14 | B50: s4-s6 | C50: 1 | D50: 6.4198851 | E50: 27 | F50: 0.45762712 | G50: 0.092463448
A51: 14 | B51: s5-s6 | C51: 0 | D51: 3.5138162 | E51: 26 | F51: 0.29213483 | G51: 0.11616115
A52: 15 | B52: s1-s2 | C52: 0 | D52: 4.2582479 | E52: 22 | F52: 0.40740741 | G52: 0.11048476
A53: 15 | B53: s1-s3 | C53: 1 | D53: 7.6193501 | E53: 23 | F53: 0.5 | G53: 0.050931509
A54: 15 | B54: s1-s5 | C54: 0 | D54: 1.4137504 | E54: 12 | F54: 0.22222222 | G54: 0.088623577
... A57: 15 | B57: s2-s4 | C57: 0 | D57: 3.0828907 | E57: 18 | F57: 0.33962264 | G57: 0.098294658
A58: 15 | B58: s2-s5 | C58: 0 | D58: 0 | E58: 0 | F58: 0
A59: 15 | B59: s2-s6 | C59: 0 | D59: 3.1149511 | E59: 20 | F59: 0.32786885 | G59: 0.110513
A60: 15 | B60: s3-s4 | C60: 0 | D60: 4.1399563 | E60: 19 | F60: 0.41304348 | G60: 0.089563016
A61: 15 | B61: s3-s5 | C61: 1 | D61: 4.51923 | E61: 21 | F61: 0.45652174 | G61: 0.11213695
A62: 15 | B62: s3-s6 | C62: 0 | D62: 3.7374934 | E62: 19 | F62: 0.41304348 | G62: 0.10997565
A63: 15 | B63: s4-s5 | C63: 1 | D63: 9.951898 | E63: 31 | F63: 0.58490566 | G63: 0.08219716
A64: 15 | B64: s4-s6 | C64: 0 | D64: 0 | E64: 15 | F64: 0.28301887 | G64: 0.19783692
A65: 15 | B65: s5-s6 | C65: 1 | D65: 6.7460243 | E65: 31 | F65: 0.36470588 | G65: 0.067593263
A66: 16 | B66: s1-s2 | C66: 1 | D66: 6.2348748 | E66: 24 | F66: 0.42857143 | G66: 0.064970662
A67: 16 | B67: s1-s3 | C67: 0 | D67: 4.8442257 | E67: 20 | F67: 0.42553191 | G67: 0.075686246
A68: 16 | B68: s1-s4 | C68: 0 | D68: 1.8179701 | E68: 14 | F68: 0.26415094 | G68: 0.10341991
A69: 16 | B69: s1-s5 | C69: 0 | D69: 2.6294724 | E69: 16 | F69: 0.28571429 | G69: 0.073853456
A70: 16 | B70: s2-s3 | C70: 1 | D70: 6.3431244 | E70: 23 | F70: 0.4893617 | G70: 0.07744125
... A83: 17 | B83: s2-s3 | C83: 1 | D83: 6.0076408 | E83: 23 | F83: 0.5 | G83: 0.091422898
A84: 17 | B84: s2-s4 | C84: 0 | D84: 0 | E84: 0 | F84: 0
A85: 17 | B85: s2-s5 | C85: 0 | D85: 0 | E85: 0 | F85: 0
A86: 17 | B86: s3-s4 | C86: 0 | D86: 3.8054165 | E86: 18 | F86: 0.39130435 | G86: 0.085090865
A87: 17 | B87: s3-s5 | C87: 1 | D87: 4.0425987 | E87: 21 | F87: 0.45652174 | G87: 0.13714836
A88: 17 | B88: s4-s5 | C88: 1 | D88: 11.570526 | E88: 33 | F88: 0.6 | G88: 0.071124459
A89: 17 | B89: s4-s6 | C89: 1 | D89: 6.1826377 | E89: 24 | F89: 0.43636364 | G89: 0.069389308
A90: 17 | B90: s5-s6 | C90: 0 | D90: 3.9184603 | E90: 27 | F90: 0.30337079 | G90: 0.10903647
A91: 18 | B91: s1-s2 | C91: 1 | D91: 6.040405 | E91: 24 | F91: 0.42857143 | G91: 0.070281865
A92: 18 | B92: s1-s3 | C92: 0 | D92: 5.8321035 | E92: 23 | F92: 0.45098039 | G92: 0.077852622
A93: 18 | B93: s1-s4 | C93: 0 | D93: 2.3565459 | E93: 15 | F93: 0.28301887 | G93: 0.080148541
A94: 18 | B94: s1-s5 | C94: 0 | D94: 0 | E94: 0 | F94: 0
A95: 18 | B95: s1-s6 | C95: 0 | D95: 0.92218368 | E95: 10 | F95: 0.17857143 | G95: 0.093639761
A96: 18 | B96: s2-s3 | C96: 1 | D96: 6.1729169 | E96: 24 | F96: 0.47058824 | G96: 0.082962412
A97: 18 | B97: s2-s4 | C97: 0 | D97: 2.6731228 | E97: 18 | F97: 0.33962264 | G97: 0.12869161
A98: 18 | B98: s2-s6 | C98: 1 | D98: 2.6971858 | E98: 18 | F98: 0.3 | G98: 0.10020868
A99: 18 | B99: s3-s5 | C99: 0 | D99: 0 | E99: 22 | F99: 0.43137255 | G99: 0.151356
A100: 18 | B100: s3-s6 | C100: 0 | D100: 0 | E100: 0 | F100: 0
A101: 18 | B101: s4-s5 | C101: 1 | D101: 8.1985525 | E101: 29 | F101: 0.54716981 | G101: 0.093545439
A102: 18 | B102: s4-s6 | C102: 0 | D102: 4.778891 | E102: 23 | F102: 0.43396226 | G102: 0.10885875
A103: 18 | B103: s5-s6 | C103: 1 | D103: 5.1653388 | E103: 28 | F103: 0.35443038 | G103: 0.092127779
A104: 19 | B104: s1-s2 | C104: 1 | D104: 5.9610764 | E104: 25 | F104: 0.45454545 | G104: 0.090630611
A105: 19 | B105: s1-s3 | C105: 1 | D105: 5.1754935 | E105: 21 | F105: 0.42857143 | G105: 0.073896461
A106: 19 | B106: s1-s4 | C106: 0 | D106: 1.9804405 | E106: 15 | F106: 0.27272727 | G106: 0.10656562
A107: 19 | B107: s1-s5 | C107: 0 | D107: 3.0478277 | E107: 18 | F107: 0.32727273 | G107: 0.093282222
A108: 19 | B108: s2-s3 | C108: 0 | D108: 0 | E108: 14 | F108: 0.28571429 | G108: 0.21745684
A109: 19 | B109: s2-s4 | C109: 0 | D109: 3.361437 | E109: 20 | F109: 0.36363636 | G109: 0.11635768
A110: 19 | B110: s2-s5 | C110: 0 | D110: 3.3227317 | E110: 20 | F110: 0.35087719 | G110: 0.11119803
A111: 19 | B111: s2-s6 | C111: 0 | D111: 0.35277951 | E111: 7 | F111: 0.12280702 | G111: 0.14367887
A112: 19 | B112: s3-s4 | C112: 0 | D112: 4.6866394 | E112: 20 | F112: 0.40816327 | G112: 0.074181638
... A120: 20 | B120: s1-s4 | C120: 0 | D120: 1.8300884 | E120: 14 | F120: 0.2745098 | G120: 0.10999736
A121: 20 | B121: s1-s6 | C121: 0 | D121: 0 | E121: 0 | F121: 0
A122: 20 | B122: s2-s3 | C122: 0 | D122: 1.3369411 | E122: 12 | F122: 0.24 | G122: 0.11541712
A123: 20 | B123: s2-s4 | C123: 0 | D123: 2.7243618 | E123: 19 | F123: 0.34545455 | G123: 0.14092382
A124: 20 | B124: s2-s5 | C124: 1 | D124: 3.7286296 | E124: 22 | F124: 0.38596491 | G124: 0.12773054
A125: 20 | B125: s2-s6 | C125: 0 | D125: 0 | E125: 7 | F125: 0.12280702 | G125: 0.16987773
A126: 20 | B126: s3-s4 | C126: 0 | D126: 3.5395178 | E126: 19 | F126: 0.38 | G126: 0.10398259
A127: 20 | B127: s3-s5 | C127: 0 | D127: 2.7244703 | E127: 17 | F127: 0.34 | G127: 0.11215133
A128: 20 | B128: s3-s6 | C128: 0 | D128: 0 | E128: 0 | F128: 0
A129: 20 | B129: s4-s5 | C129: 1 | D129: 9.1416819 | E129: 31 | F129: 0.56363636 | G129: 0.091132524
A130: 20 | B130: s4-s6 | C130: 1 | D130: 3.6893186 | E130: 22 | F130: 0.4 | G130: 0.13852643
A131: 20 | B131: s5-s6 | C131: 0 | D131: 0 | E131: 0 | F131: 0

Sheet 外部提取逐次
A1: 資料版本 | B1: Plot | C1: 論文使用樣區 | D1: 提取設定 | E1: seed | F1: 參考樹數 | G1: 偵測數 | H1: 匹配數 | I1: 參考匹配比例 | J1: 匹配XY RMSE m | K1: 匹配XY中位數m
A2: Liang2018-TreeTool | B2: 1 | C2: =TRUE() -> TRUE | D2: control | E2: 11 | F2: 51 | G2: 44 | H2: 40 | I2: 0.78431373 | J2: 0.035392414 | K2: 0.031352768
A3: Liang2018-TreeTool | B3: 1 | C3: =TRUE() -> TRUE | D3: control | E3: 12 | F3: 51 | G3: 41 | H3: 39 | I3: 0.76470588 | J3: 0.034663829 | K3: 0.030961428
A4: Liang2018-TreeTool | B4: 1 | C4: =TRUE() -> TRUE | D4: control | E4: 13 | F4: 51 | G4: 42 | H4: 39 | I4: 0.76470588 | J4: 0.035296386 | K4: 0.032442719
A5: Liang2018-TreeTool | B5: 1 | C5: =TRUE() -> TRUE | D5: control | E5: 14 | F5: 51 | G5: 43 | H5: 39 | I5: 0.76470588 | J5: 0.038020942 | K5: 0.030961428
A6: Liang2018-TreeTool | B6: 1 | C6: =TRUE() -> TRUE | D6: control | E6: 15 | F6: 51 | G6: 43 | H6: 39 | I6: 0.76470588 | J6: 0.036175516 | K6: 0.031022089
A7: Liang2018-TreeTool | B7: 1 | C7: =TRUE() -> TRUE | D7: control | E7: 16 | F7: 51 | G7: 43 | H7: 40 | I7: 0.78431373 | J7: 0.036042034 | K7: 0.033702172
A8: Liang2018-TreeTool | B8: 1 | C8: =TRUE() -> TRUE | D8: control | E8: 17 | F8: 51 | G8: 44 | H8: 40 | I8: 0.78431373 | J8: 0.034484576 | K8: 0.030725516
A9: Liang2018-TreeTool | B9: 1 | C9: =TRUE() -> TRUE | D9: control | E9: 18 | F9: 51 | G9: 42 | H9: 40 | I9: 0.78431373 | J9: 0.034511683 | K9: 0.031714589
A10: Liang2018-TreeTool | B10: 1 | C10: =TRUE() -> TRUE | D10: control | E10: 19 | F10: 51 | G10: 44 | H10: 39 | I10: 0.76470588 | J10: 0.035682126 | K10: 0.030961428
A11: Liang2018-TreeTool | B11: 1 | C11: =TRUE() -> TRUE | D11: control | E11: 20 | F11: 51 | G11: 44 | H11: 40 | I11: 0.78431373 | J11: 0.035083903 | K11: 0.030181744
A12: Liang2018-TreeTool | B12: 2 | C12: =FALSE() -> FALSE | D12: control | E12: 11 | F12: 84 | G12: 34 | H12: 33 | I12: 0.39285714 | J12: 0.066528643 | K12: 0.05841267
A13: Liang2018-TreeTool | B13: 2 | C13: =FALSE() -> FALSE | D13: control | E13: 12 | F13: 84 | G13: 36 | H13: 35 | I13: 0.41666667 | J13: 0.064141106 | K13: 0.05970134
A14: Liang2018-TreeTool | B14: 2 | C14: =FALSE() -> FALSE | D14: control | E14: 13 | F14: 84 | G14: 37 | H14: 36 | I14: 0.42857143 | J14: 0.06736217 | K14: 0.058401312
A15: Liang2018-TreeTool | B15: 2 | C15: =FALSE() -> FALSE | D15: control | E15: 14 | F15: 84 | G15: 37 | H15: 36 | I15: 0.42857143 | J15: 0.064646429 | K15: 0.057043902
A16: Liang2018-TreeTool | B16: 2 | C16: =FALSE() -> FALSE | D16: control | E16: 15 | F16: 84 | G16: 34 | H16: 34 | I16: 0.4047619 | J16: 0.064876031 | K16: 0.05545338
A17: Liang2018-TreeTool | B17: 2 | C17: =FALSE() -> FALSE | D17: control | E17: 16 | F17: 84 | G17: 37 | H17: 36 | I17: 0.42857143 | J17: 0.064271298 | K17: 0.05415736
A18: Liang2018-TreeTool | B18: 2 | C18: =FALSE() -> FALSE | D18: control | E18: 17 | F18: 84 | G18: 36 | H18: 35 | I18: 0.41666667 | J18: 0.06323269 | K18: 0.056608303
A19: Liang2018-TreeTool | B19: 2 | C19: =FALSE() -> FALSE | D19: control | E19: 18 | F19: 84 | G19: 36 | H19: 36 | I19: 0.42857143 | J19: 0.065965231 | K19: 0.053424049
A20: Liang2018-TreeTool | B20: 2 | C20: =FALSE() -> FALSE | D20: control | E20: 19 | F20: 84 | G20: 36 | H20: 35 | I20: 0.41666667 | J20: 0.064393354 | K20: 0.05492686
A21: Liang2018-TreeTool | B21: 2 | C21: =FALSE() -> FALSE | D21: control | E21: 20 | F21: 84 | G21: 34 | H21: 33 | I21: 0.39285714 | J21: 0.066780888 | K21: 0.062423393
A22: Liang2018-TreeTool | B22: 3 | C22: =TRUE() -> TRUE | D22: control | E22: 11 | F22: 148 | G22: 60 | H22: 60 | I22: 0.40540541 | J22: 0.08476304 | K22: 0.036738895
A23: Liang2018-TreeTool | B23: 3 | C23: =TRUE() -> TRUE | D23: control | E23: 12 | F23: 148 | G23: 59 | H23: 58 | I23: 0.39189189 | J23: 0.082971054 | K23: 0.041943633
A24: Liang2018-TreeTool | B24: 3 | C24: =TRUE() -> TRUE | D24: control | E24: 13 | F24: 148 | G24: 59 | H24: 58 | I24: 0.39189189 | J24: 0.082244255 | K24: 0.039275935
A25: Liang2018-TreeTool | B25: 3 | C25: =TRUE() -> TRUE | D25: control | E25: 14 | F25: 148 | G25: 61 | H25: 59 | I25: 0.39864865 | J25: 0.086996932 | K25: 0.036801223
A26: Liang2018-TreeTool | B26: 3 | C26: =TRUE() -> TRUE | D26: control | E26: 15 | F26: 148 | G26: 63 | H26: 61 | I26: 0.41216216 | J26: 0.080381378 | K26: 0.036632499
A27: Liang2018-TreeTool | B27: 3 | C27: =TRUE() -> TRUE | D27: control | E27: 16 | F27: 148 | G27: 59 | H27: 58 | I27: 0.39189189 | J27: 0.079930822 | K27: 0.0307699
A28: Liang2018-TreeTool | B28: 3 | C28: =TRUE() -> TRUE | D28: control | E28: 17 | F28: 148 | G28: 59 | H28: 58 | I28: 0.39189189 | J28: 0.083025623 | K28: 0.035551354
A29: Liang2018-TreeTool | B29: 3 | C29: =TRUE() -> TRUE | D29: control | E29: 18 | F29: 148 | G29: 56 | H29: 55 | I29: 0.37162162 | J29: 0.085095113 | K29: 0.03592005
A30: Liang2018-TreeTool | B30: 3 | C30: =TRUE() -> TRUE | D30: control | E30: 19 | F30: 148 | G30: 61 | H30: 60 | I30: 0.40540541 | J30: 0.091143007 | K30: 0.042625979
A31: Liang2018-TreeTool | B31: 3 | C31: =TRUE() -> TRUE | D31: control | E31: 20 | F31: 148 | G31: 58 | H31: 57 | I31: 0.38513514 | J31: 0.086155178 | K31: 0.040244875
A32: Liang2018-TreeTool | B32: 4 | C32: =FALSE() -> FALSE | D32: control | E32: 11 | F32: 78 | G32: 36 | H32: 32 | I32: 0.41025641 | J32: 0.058233007 | K32: 0.042607397
A33: Liang2018-TreeTool | B33: 4 | C33: =FALSE() -> FALSE | D33: control | E33: 12 | F33: 78 | G33: 37 | H33: 32 | I33: 0.41025641 | J33: 0.057684048 | K33: 0.042258662
A34: Liang2018-TreeTool | B34: 4 | C34: =FALSE() -> FALSE | D34: control | E34: 13 | F34: 78 | G34: 34 | H34: 32 | I34: 0.41025641 | J34: 0.059944 | K34: 0.043243818
A35: Liang2018-TreeTool | B35: 4 | C35: =FALSE() -> FALSE | D35: control | E35: 14 | F35: 78 | G35: 38 | H35: 34 | I35: 0.43589744 | J35: 0.086117737 | K35: 0.042107451
A36: Liang2018-TreeTool | B36: 4 | C36: =FALSE() -> FALSE | D36: control | E36: 15 | F36: 78 | G36: 37 | H36: 32 | I36: 0.41025641 | J36: 0.054079207 | K36: 0.040714434
A37: Liang2018-TreeTool | B37: 4 | C37: =FALSE() -> FALSE | D37: control | E37: 16 | F37: 78 | G37: 36 | H37: 33 | I37: 0.42307692 | J37: 0.058984507 | K37: 0.042990697
A38: Liang2018-TreeTool | B38: 4 | C38: =FALSE() -> FALSE | D38: control | E38: 17 | F38: 78 | G38: 38 | H38: 33 | I38: 0.42307692 | J38: 0.060205245 | K38: 0.040509999
A39: Liang2018-TreeTool | B39: 4 | C39: =FALSE() -> FALSE | D39: control | E39: 18 | F39: 78 | G39: 36 | H39: 32 | I39: 0.41025641 | J39: 0.060811299 | K39: 0.038288126
A40: Liang2018-TreeTool | B40: 4 | C40: =FALSE() -> FALSE | D40: control | E40: 19 | F40: 78 | G40: 38 | H40: 33 | I40: 0.42307692 | J40: 0.10027278 | K40: 0.042698595
A41: Liang2018-TreeTool | B41: 4 | C41: =FALSE() -> FALSE | D41: control | E41: 20 | F41: 78 | G41: 38 | H41: 33 | I41: 0.42307692 | J41: 0.056398778 | K41: 0.032013122
A42: Liang2018-TreeTool | B42: 5 | C42: =TRUE() -> TRUE | D42: control | E42: 11 | F42: 131 | G42: 23 | H42: 20 | I42: 0.15267176 | J42: 0.10373738 | K42: 0.068701108
A43: Liang2018-TreeTool | B43: 5 | C43: =TRUE() -> TRUE | D43: control | E43: 12 | F43: 131 | G43: 22 | H43: 18 | I43: 0.13740458 | J43: 0.10577526 | K43: 0.067661641
A44: Liang2018-TreeTool | B44: 5 | C44: =TRUE() -> TRUE | D44: control | E44: 13 | F44: 131 | G44: 25 | H44: 22 | I44: 0.16793893 | J44: 0.10375799 | K44: 0.078134651
A45: Liang2018-TreeTool | B45: 5 | C45: =TRUE() -> TRUE | D45: control | E45: 14 | F45: 131 | G45: 22 | H45: 19 | I45: 0.14503817 | J45: 0.10759092 | K45: 0.064736466
A46: Liang2018-TreeTool | B46: 5 | C46: =TRUE() -> TRUE | D46: control | E46: 15 | F46: 131 | G46: 22 | H46: 19 | I46: 0.14503817 | J46: 0.10910363 | K46: 0.068875032
A47: Liang2018-TreeTool | B47: 5 | C47: =TRUE() -> TRUE | D47: control | E47: 16 | F47: 131 | G47: 21 | H47: 19 | I47: 0.14503817 | J47: 0.10586567 | K47: 0.063557376
A48: Liang2018-TreeTool | B48: 5 | C48: =TRUE() -> TRUE | D48: control | E48: 17 | F48: 131 | G48: 23 | H48: 19 | I48: 0.14503817 | J48: 0.09986348 | K48: 0.069373266
A49: Liang2018-TreeTool | B49: 5 | C49: =TRUE() -> TRUE | D49: control | E49: 18 | F49: 131 | G49: 21 | H49: 18 | I49: 0.13740458 | J49: 0.074709326 | K49: 0.064405008
A50: Liang2018-TreeTool | B50: 5 | C50: =TRUE() -> TRUE | D50: control | E50: 19 | F50: 131 | G50: 19 | H50: 17 | I50: 0.12977099 | J50: 0.071366947 | K50: 0.059493865
A51: Liang2018-TreeTool | B51: 5 | C51: =TRUE() -> TRUE | D51: control | E51: 20 | F51: 131 | G51: 22 | H51: 19 | I51: 0.14503817 | J51: 0.1180462 | K51: 0.062741533
A52: Liang2018-TreeTool | B52: 6 | C52: =FALSE() -> FALSE | D52: control | E52: 11 | F52: 236 | G52: 41 | H52: 37 | I52: 0.15677966 | J52: 0.068320319 | K52: 0.051965854
A53: Liang2018-TreeTool | B53: 6 | C53: =FALSE() -> FALSE | D53: control | E53: 12 | F53: 236 | G53: 41 | H53: 37 | I53: 0.15677966 | J53: 0.057686733 | K53: 0.039389466
A54: Liang2018-TreeTool | B54: 6 | C54: =FALSE() -> FALSE | D54: control | E54: 13 | F54: 236 | G54: 40 | H54: 36 | I54: 0.15254237 | J54: 0.068030095 | K54: 0.044290753
A55: Liang2018-TreeTool | B55: 6 | C55: =FALSE() -> FALSE | D55: control | E55: 14 | F55: 236 | G55: 40 | H55: 37 | I55: 0.15677966 | J55: 0.060625902 | K55: 0.046143364
A56: Liang2018-TreeTool | B56: 6 | C56: =FALSE() -> FALSE | D56: control | E56: 15 | F56: 236 | G56: 38 | H56: 34 | I56: 0.1440678 | J56: 0.058109056 | K56: 0.040240817
A57: Liang2018-TreeTool | B57: 6 | C57: =FALSE() -> FALSE | D57: control | E57: 16 | F57: 236 | G57: 42 | H57: 38 | I57: 0.16101695 | J57: 0.069781529 | K57: 0.050139094
A58: Liang2018-TreeTool | B58: 6 | C58: =FALSE() -> FALSE | D58: control | E58: 17 | F58: 236 | G58: 41 | H58: 37 | I58: 0.15677966 | J58: 0.06809573 | K58: 0.053276824
A59: Liang2018-TreeTool | B59: 6 | C59: =FALSE() -> FALSE | D59: control | E59: 18 | F59: 236 | G59: 38 | H59: 34 | I59: 0.1440678 | J59: 0.069781556 | K59: 0.053982521
A60: Liang2018-TreeTool | B60: 6 | C60: =FALSE() -> FALSE | D60: control | E60: 19 | F60: 236 | G60: 41 | H60: 36 | I60: 0.15254237 | J60: 0.065863626 | K60: 0.051008086
A61: Liang2018-TreeTool | B61: 6 | C61: =FALSE() -> FALSE | D61: control | E61: 20 | F61: 236 | G61: 38 | H61: 34 | I61: 0.1440678 | J61: 0.063835697 | K61: 0.047380212
A62: Liang2018-TreeTool | B62: 1 | C62: =TRUE() -> TRUE | D62: vertical085 | E62: 11 | F62: 51 | G62: 43 | H62: 38 | I62: 0.74509804 | J62: 0.037358565 | K62: 0.030450637
A63: Liang2018-TreeTool | B63: 1 | C63: =TRUE() -> TRUE | D63: vertical085 | E63: 12 | F63: 51 | G63: 43 | H63: 38 | I63: 0.74509804 | J63: 0.034452339 | K63: 0.031011395
A64: Liang2018-TreeTool | B64: 1 | C64: =TRUE() -> TRUE | D64: vertical085 | E64: 13 | F64: 51 | G64: 42 | H64: 38 | I64: 0.74509804 | J64: 0.038367352 | K64: 0.03617716
A65: Liang2018-TreeTool | B65: 1 | C65: =TRUE() -> TRUE | D65: vertical085 | E65: 14 | F65: 51 | G65: 44 | H65: 39 | I65: 0.76470588 | J65: 0.036300159 | K65: 0.032238641
A66: Liang2018-TreeTool | B66: 1 | C66: =TRUE() -> TRUE | D66: vertical085 | E66: 15 | F66: 51 | G66: 40 | H66: 37 | I66: 0.7254902 | J66: 0.034655864 | K66: 0.032378542
A67: Liang2018-TreeTool | B67: 1 | C67: =TRUE() -> TRUE | D67: vertical085 | E67: 16 | F67: 51 | G67: 42 | H67: 38 | I67: 0.74509804 | J67: 0.036004035 | K67: 0.030821444
A68: Liang2018-TreeTool | B68: 1 | C68: =TRUE() -> TRUE | D68: vertical085 | E68: 17 | F68: 51 | G68: 41 | H68: 38 | I68: 0.74509804 | J68: 0.035050313 | K68: 0.026358473
A69: Liang2018-TreeTool | B69: 1 | C69: =TRUE() -> TRUE | D69: vertical085 | E69: 18 | F69: 51 | G69: 42 | H69: 39 | I69: 0.76470588 | J69: 0.035672761 | K69: 0.031842739
A70: Liang2018-TreeTool | B70: 1 | C70: =TRUE() -> TRUE | D70: vertical085 | E70: 19 | F70: 51 | G70: 42 | H70: 38 | I70: 0.74509804 | J70: 0.036737526 | K70: 0.032491941
A71: Liang2018-TreeTool | B71: 1 | C71: =TRUE() -> TRUE | D71: vertical085 | E71: 20 | F71: 51 | G71: 41 | H71: 38 | I71: 0.74509804 | J71: 0.03498928 | K71: 0.031734167
A72: Liang2018-TreeTool | B72: 2 | C72: =FALSE() -> FALSE | D72: vertical085 | E72: 11 | F72: 84 | G72: 32 | H72: 32 | I72: 0.38095238 | J72: 0.068666149 | K72: 0.062871891
A73: Liang2018-TreeTool | B73: 2 | C73: =FALSE() -> FALSE | D73: vertical085 | E73: 12 | F73: 84 | G73: 32 | H73: 32 | I73: 0.38095238 | J73: 0.068751277 | K73: 0.061439508
A74: Liang2018-TreeTool | B74: 2 | C74: =FALSE() -> FALSE | D74: vertical085 | E74: 13 | F74: 84 | G74: 31 | H74: 30 | I74: 0.35714286 | J74: 0.068450013 | K74: 0.057553305
A75: Liang2018-TreeTool | B75: 2 | C75: =FALSE() -> FALSE | D75: vertical085 | E75: 14 | F75: 84 | G75: 33 | H75: 32 | I75: 0.38095238 | J75: 0.069448146 | K75: 0.064065757
A76: Liang2018-TreeTool | B76: 2 | C76: =FALSE() -> FALSE | D76: vertical085 | E76: 15 | F76: 84 | G76: 33 | H76: 32 | I76: 0.38095238 | J76: 0.067702428 | K76: 0.057859404
A77: Liang2018-TreeTool | B77: 2 | C77: =FALSE() -> FALSE | D77: vertical085 | E77: 16 | F77: 84 | G77: 32 | H77: 31 | I77: 0.36904762 | J77: 0.070500304 | K77: 0.058251352
A78: Liang2018-TreeTool | B78: 2 | C78: =FALSE() -> FALSE | D78: vertical085 | E78: 17 | F78: 84 | G78: 33 | H78: 32 | I78: 0.38095238 | J78: 0.069416643 | K78: 0.058450234
A79: Liang2018-TreeTool | B79: 2 | C79: =FALSE() -> FALSE | D79: vertical085 | E79: 18 | F79: 84 | G79: 31 | H79: 30 | I79: 0.35714286 | J79: 0.070235245 | K79: 0.062245292
A80: Liang2018-TreeTool | B80: 2 | C80: =FALSE() -> FALSE | D80: vertical085 | E80: 19 | F80: 84 | G80: 32 | H80: 31 | I80: 0.36904762 | J80: 0.074701514 | K80: 0.078777218
A81: Liang2018-TreeTool | B81: 2 | C81: =FALSE() -> FALSE | D81: vertical085 | E81: 20 | F81: 84 | G81: 32 | H81: 31 | I81: 0.36904762 | J81: 0.068734447 | K81: 0.061910904
A82: Liang2018-TreeTool | B82: 3 | C82: =TRUE() -> TRUE | D82: vertical085 | E82: 11 | F82: 148 | G82: 51 | H82: 48 | I82: 0.32432432 | J82: 0.052426131 | K82: 0.037545274
A83: Liang2018-TreeTool | B83: 3 | C83: =TRUE() -> TRUE | D83: vertical085 | E83: 12 | F83: 148 | G83: 49 | H83: 47 | I83: 0.31756757 | J83: 0.049846501 | K83: 0.033179813
A84: Liang2018-TreeTool | B84: 3 | C84: =TRUE() -> TRUE | D84: vertical085 | E84: 13 | F84: 148 | G84: 49 | H84: 47 | I84: 0.31756757 | J84: 0.052576358 | K84: 0.030846232
A85: Liang2018-TreeTool | B85: 3 | C85: =TRUE() -> TRUE | D85: vertical085 | E85: 14 | F85: 148 | G85: 51 | H85: 47 | I85: 0.31756757 | J85: 0.05224444 | K85: 0.041187619
A86: Liang2018-TreeTool | B86: 3 | C86: =TRUE() -> TRUE | D86: vertical085 | E86: 15 | F86: 148 | G86: 50 | H86: 47 | I86: 0.31756757 | J86: 0.070828925 | K86: 0.03706818
A87: Liang2018-TreeTool | B87: 3 | C87: =TRUE() -> TRUE | D87: vertical085 | E87: 16 | F87: 148 | G87: 50 | H87: 47 | I87: 0.31756757 | J87: 0.059313929 | K87: 0.035003571
A88: Liang2018-TreeTool | B88: 3 | C88: =TRUE() -> TRUE | D88: vertical085 | E88: 17 | F88: 148 | G88: 49 | H88: 45 | I88: 0.30405405 | J88: 0.047788934 | K88: 0.030052121
A89: Liang2018-TreeTool | B89: 3 | C89: =TRUE() -> TRUE | D89: vertical085 | E89: 18 | F89: 148 | G89: 50 | H89: 47 | I89: 0.31756757 | J89: 0.053662269 | K89: 0.030386346
A90: Liang2018-TreeTool | B90: 3 | C90: =TRUE() -> TRUE | D90: vertical085 | E90: 19 | F90: 148 | G90: 51 | H90: 47 | I90: 0.31756757 | J90: 0.0514712 | K90: 0.0320601
A91: Liang2018-TreeTool | B91: 3 | C91: =TRUE() -> TRUE | D91: vertical085 | E91: 20 | F91: 148 | G91: 54 | H91: 49 | I91: 0.33108108 | J91: 0.053029156 | K91: 0.038193324
A92: Liang2018-TreeTool | B92: 4 | C92: =FALSE() -> FALSE | D92: vertical085 | E92: 11 | F92: 78 | G92: 37 | H92: 33 | I92: 0.42307692 | J92: 0.067043737 | K92: 0.043449511
A93: Liang2018-TreeTool | B93: 4 | C93: =FALSE() -> FALSE | D93: vertical085 | E93: 12 | F93: 78 | G93: 35 | H93: 31 | I93: 0.3974359 | J93: 0.064351221 | K93: 0.043686726
A94: Liang2018-TreeTool | B94: 4 | C94: =FALSE() -> FALSE | D94: vertical085 | E94: 13 | F94: 78 | G94: 35 | H94: 31 | I94: 0.3974359 | J94: 0.059516918 | K94: 0.040010124
A95: Liang2018-TreeTool | B95: 4 | C95: =FALSE() -> FALSE | D95: vertical085 | E95: 14 | F95: 78 | G95: 33 | H95: 30 | I95: 0.38461538 | J95: 0.063675437 | K95: 0.037603479
A96: Liang2018-TreeTool | B96: 4 | C96: =FALSE() -> FALSE | D96: vertical085 | E96: 15 | F96: 78 | G96: 39 | H96: 32 | I96: 0.41025641 | J96: 0.064102082 | K96: 0.039648206
A97: Liang2018-TreeTool | B97: 4 | C97: =FALSE() -> FALSE | D97: vertical085 | E97: 16 | F97: 78 | G97: 36 | H97: 31 | I97: 0.3974359 | J97: 0.062436835 | K97: 0.039547693
A98: Liang2018-TreeTool | B98: 4 | C98: =FALSE() -> FALSE | D98: vertical085 | E98: 17 | F98: 78 | G98: 37 | H98: 32 | I98: 0.41025641 | J98: 0.071702 | K98: 0.042750558
A99: Liang2018-TreeTool | B99: 4 | C99: =FALSE() -> FALSE | D99: vertical085 | E99: 18 | F99: 78 | G99: 36 | H99: 31 | I99: 0.3974359 | J99: 0.064485587 | K99: 0.04216278
A100: Liang2018-TreeTool | B100: 4 | C100: =FALSE() -> FALSE | D100: vertical085 | E100: 19 | F100: 78 | G100: 37 | H100: 31 | I100: 0.3974359 | J100: 0.067707273 | K100: 0.046150406
...

Sheet 外部提取摘要
A1: 設定 | B1: Plot | C1: 論文使用樣區 | D1: 參考樹數 | E1: seed數 | F1: 平均偵測數 | G1: 平均匹配數 | H1: 平均參考匹配比例 | I1: seed比例SD | J1: 每seed匹配RMSE中位數m
A2: control | B2: 1 | C2: =TRUE() -> TRUE | D2: 51 | E2: =COUNTIFS(外部提取逐次!$B$2:$B$181,$B2,外部提取逐次!$D$2:$D$181,$A2) -> 10 | F2: =AVERAGEIFS(外部提取逐次!$G$2:$G$181,外部提取逐次!$B$2:$B$181,$B2,外部提取逐次!$D$2:$D$181,$A2) -> 43 | G2: =AVERAGEIFS(外部提取逐次!$H$2:$H$181,外部提取逐次!$B$2:$B$181,$B2,外部提取逐次!$D$2:$D$181,$A2) -> 39.5 | H2: =AVERAGEIFS(外部提取逐次!$I$2:$I$181,外部提取逐次!$B$2:$B$181,$B2,外部提取逐次!$D$2:$D$181,$A2) -> 0.7745098 | I2: 0.010334241 | J2: 0.0353444
A3: control | B3: 2 | C3: =FALSE() -> FALSE | D3: 84 | E3: =COUNTIFS(外部提取逐次!$B$2:$B$181,$B3,外部提取逐次!$D$2:$D$181,$A3) -> 10 | F3: =AVERAGEIFS(外部提取逐次!$G$2:$G$181,外部提取逐次!$B$2:$B$181,$B3,外部提取逐次!$D$2:$D$181,$A3) -> 35.7 | G3: =AVERAGEIFS(外部提取逐次!$H$2:$H$181,外部提取逐次!$B$2:$B$181,$B3,外部提取逐次!$D$2:$D$181,$A3) -> 34.9 | H3: =AVERAGEIFS(外部提取逐次!$I$2:$I$181,外部提取逐次!$B$2:$B$181,$B3,外部提取逐次!$D$2:$D$181,$A3) -> 0.41547619 | I3: 0.014252607 | J3: 0.06476123
A4: control | B4: 3 | C4: =TRUE() -> TRUE | D4: 148 | E4: =COUNTIFS(外部提取逐次!$B$2:$B$181,$B4,外部提取逐次!$D$2:$D$181,$A4) -> 10 | F4: =AVERAGEIFS(外部提取逐次!$G$2:$G$181,外部提取逐次!$B$2:$B$181,$B4,外部提取逐次!$D$2:$D$181,$A4) -> 59.5 | G4: =AVERAGEIFS(外部提取逐次!$H$2:$H$181,外部提取逐次!$B$2:$B$181,$B4,外部提取逐次!$D$2:$D$181,$A4) -> 58.4 | H4: =AVERAGEIFS(外部提取逐次!$I$2:$I$181,外部提取逐次!$B$2:$B$181,$B4,外部提取逐次!$D$2:$D$181,$A4) -> 0.39459459 | I4: 0.011572282 | J4: 0.083894332
A5: control | B5: 4 | C5: =FALSE() -> FALSE | D5: 78 | E5: =COUNTIFS(外部提取逐次!$B$2:$B$181,$B5,外部提取逐次!$D$2:$D$181,$A5) -> 10 | F5: =AVERAGEIFS(外部提取逐次!$G$2:$G$181,外部提取逐次!$B$2:$B$181,$B5,外部提取逐次!$D$2:$D$181,$A5) -> 36.8 | G5: =AVERAGEIFS(外部提取逐次!$H$2:$H$181,外部提取逐次!$B$2:$B$181,$B5,外部提取逐次!$D$2:$D$181,$A5) -> 32.6 | H5: =AVERAGEIFS(外部提取逐次!$I$2:$I$181,外部提取逐次!$B$2:$B$181,$B5,外部提取逐次!$D$2:$D$181,$A5) -> 0.41794872 | I5: 0.0089641782 | J5: 0.059464254
A6: control | B6: 5 | C6: =TRUE() -> TRUE | D6: 131 | E6: =COUNTIFS(外部提取逐次!$B$2:$B$181,$B6,外部提取逐次!$D$2:$D$181,$A6) -> 10 | F6: =AVERAGEIFS(外部提取逐次!$G$2:$G$181,外部提取逐次!$B$2:$B$181,$B6,外部提取逐次!$D$2:$D$181,$A6) -> 22 | G6: =AVERAGEIFS(外部提取逐次!$H$2:$H$181,外部提取逐次!$B$2:$B$181,$B6,外部提取逐次!$D$2:$D$181,$A6) -> 19 | H6: =AVERAGEIFS(外部提取逐次!$I$2:$I$181,外部提取逐次!$B$2:$B$181,$B6,外部提取逐次!$D$2:$D$181,$A6) -> 0.14503817 | I6: 0.010178117 | J6: 0.10476662
A7: control | B7: 6 | C7: =FALSE() -> FALSE | D7: 236 | E7: =COUNTIFS(外部提取逐次!$B$2:$B$181,$B7,外部提取逐次!$D$2:$D$181,$A7) -> 10 | F7: =AVERAGEIFS(外部提取逐次!$G$2:$G$181,外部提取逐次!$B$2:$B$181,$B7,外部提取逐次!$D$2:$D$181,$A7) -> 40 | G7: =AVERAGEIFS(外部提取逐次!$H$2:$H$181,外部提取逐次!$B$2:$B$181,$B7,外部提取逐次!$D$2:$D$181,$A7) -> 36 | H7: =AVERAGEIFS(外部提取逐次!$I$2:$I$181,外部提取逐次!$B$2:$B$181,$B7,外部提取逐次!$D$2:$D$181,$A7) -> 0.15254237 | I7: 0.0063165762 | J7: 0.066946861
A8: vertical085 | B8: 1 | C8: =TRUE() -> TRUE | D8: 51 | E8: =COUNTIFS(外部提取逐次!$B$2:$B$181,$B8,外部提取逐次!$D$2:$D$181,$A8) -> 10 | F8: =AVERAGEIFS(外部提取逐次!$G$2:$G$181,外部提取逐次!$B$2:$B$181,$B8,外部提取逐次!$D$2:$D$181,$A8) -> 42 | G8: =AVERAGEIFS(外部提取逐次!$H$2:$H$181,外部提取逐次!$B$2:$B$181,$B8,外部提取逐次!$D$2:$D$181,$A8) -> 38.1 | H8: =AVERAGEIFS(外部提取逐次!$I$2:$I$181,外部提取逐次!$B$2:$B$181,$B8,外部提取逐次!$D$2:$D$181,$A8) -> 0.74705882 | I8: 0.011130318 | J8: 0.035838398
A9: vertical085 | B9: 2 | C9: =FALSE() -> FALSE | D9: 84 | E9: =COUNTIFS(外部提取逐次!$B$2:$B$181,$B9,外部提取逐次!$D$2:$D$181,$A9) -> 10 | F9: =AVERAGEIFS(外部提取逐次!$G$2:$G$181,外部提取逐次!$B$2:$B$181,$B9,外部提取逐次!$D$2:$D$181,$A9) -> 32.1 | G9: =AVERAGEIFS(外部提取逐次!$H$2:$H$181,外部提取逐次!$B$2:$B$181,$B9,外部提取逐次!$D$2:$D$181,$A9) -> 31.3 | H9: =AVERAGEIFS(外部提取逐次!$I$2:$I$181,外部提取逐次!$B$2:$B$181,$B9,外部提取逐次!$D$2:$D$181,$A9) -> 0.37261905 | I9: 0.0098008643 | J9: 0.06908396
A10: vertical085 | B10: 3 | C10: =TRUE() -> TRUE | D10: 148 | E10: =COUNTIFS(外部提取逐次!$B$2:$B$181,$B10,外部提取逐次!$D$2:$D$181,$A10) -> 10 | F10: =AVERAGEIFS(外部提取逐次!$G$2:$G$181,外部提取逐次!$B$2:$B$181,$B10,外部提取逐次!$D$2:$D$181,$A10) -> 50.4 | G10: =AVERAGEIFS(外部提取逐次!$H$2:$H$181,外部提取逐次!$B$2:$B$181,$B10,外部提取逐次!$D$2:$D$181,$A10) -> 47.1 | H10: =AVERAGEIFS(外部提取逐次!$I$2:$I$181,外部提取逐次!$B$2:$B$181,$B10,外部提取逐次!$D$2:$D$181,$A10) -> 0.31824324 | I10: 0.0067191144 | J10: 0.052501244
A11: vertical085 | B11: 4 | C11: =FALSE() -> FALSE | D11: 78 | E11: =COUNTIFS(外部提取逐次!$B$2:$B$181,$B11,外部提取逐次!$D$2:$D$181,$A11) -> 10 | F11: =AVERAGEIFS(外部提取逐次!$G$2:$G$181,外部提取逐次!$B$2:$B$181,$B11,外部提取逐次!$D$2:$D$181,$A11) -> 36.2 | G11: =AVERAGEIFS(外部提取逐次!$H$2:$H$181,外部提取逐次!$B$2:$B$181,$B11,外部提取逐次!$D$2:$D$181,$A11) -> 31.4 | H11: =AVERAGEIFS(外部提取逐次!$I$2:$I$181,外部提取逐次!$B$2:$B$181,$B11,外部提取逐次!$D$2:$D$181,$A11) -> 0.4025641 | I11: 0.010811206 | J11: 0.064226651
A12: vertical085 | B12: 5 | C12: =TRUE() -> TRUE | D12: 131 | E12: =COUNTIFS(外部提取逐次!$B$2:$B$181,$B12,外部提取逐次!$D$2:$D$181,$A12) -> 10 | F12: =AVERAGEIFS(外部提取逐次!$G$2:$G$181,外部提取逐次!$B$2:$B$181,$B12,外部提取逐次!$D$2:$D$181,$A12) -> 20 | G12: =AVERAGEIFS(外部提取逐次!$H$2:$H$181,外部提取逐次!$B$2:$B$181,$B12,外部提取逐次!$D$2:$D$181,$A12) -> 15.6 | H12: =AVERAGEIFS(外部提取逐次!$I$2:$I$181,外部提取逐次!$B$2:$B$181,$B12,外部提取逐次!$D$2:$D$181,$A12) -> 0.11908397 | I12: 0.0064372064 | J12: 0.10772755
A13: vertical085 | B13: 6 | C13: =FALSE() -> FALSE | D13: 236 | E13: =COUNTIFS(外部提取逐次!$B$2:$B$181,$B13,外部提取逐次!$D$2:$D$181,$A13) -> 10 | F13: =AVERAGEIFS(外部提取逐次!$G$2:$G$181,外部提取逐次!$B$2:$B$181,$B13,外部提取逐次!$D$2:$D$181,$A13) -> 37.5 | G13: =AVERAGEIFS(外部提取逐次!$H$2:$H$181,外部提取逐次!$B$2:$B$181,$B13,外部提取逐次!$D$2:$D$181,$A13) -> 32.3 | H13: =AVERAGEIFS(外部提取逐次!$I$2:$I$181,外部提取逐次!$B$2:$B$181,$B13,外部提取逐次!$D$2:$D$181,$A13) -> 0.13686441 | I13: 0.0040198445 | J13: 0.064857602
A14: ransac999 | B14: 1 | C14: =TRUE() -> TRUE | D14: 51 | E14: =COUNTIFS(外部提取逐次!$B$2:$B$181,$B14,外部提取逐次!$D$2:$D$181,$A14) -> 10 | F14: =AVERAGEIFS(外部提取逐次!$G$2:$G$181,外部提取逐次!$B$2:$B$181,$B14,外部提取逐次!$D$2:$D$181,$A14) -> 43.5 | G14: =AVERAGEIFS(外部提取逐次!$H$2:$H$181,外部提取逐次!$B$2:$B$181,$B14,外部提取逐次!$D$2:$D$181,$A14) -> 39.7 | H14: =AVERAGEIFS(外部提取逐次!$I$2:$I$181,外部提取逐次!$B$2:$B$181,$B14,外部提取逐次!$D$2:$D$181,$A14) -> 0.77843137 | I14: 0.0094714881 | J14: 0.035998392
A15: ransac999 | B15: 2 | C15: =FALSE() -> FALSE | D15: 84 | E15: =COUNTIFS(外部提取逐次!$B$2:$B$181,$B15,外部提取逐次!$D$2:$D$181,$A15) -> 10 | F15: =AVERAGEIFS(外部提取逐次!$G$2:$G$181,外部提取逐次!$B$2:$B$181,$B15,外部提取逐次!$D$2:$D$181,$A15) -> 35.9 | G15: =AVERAGEIFS(外部提取逐次!$H$2:$H$181,外部提取逐次!$B$2:$B$181,$B15,外部提取逐次!$D$2:$D$181,$A15) -> 35 | H15: =AVERAGEIFS(外部提取逐次!$I$2:$I$181,外部提取逐次!$B$2:$B$181,$B15,外部提取逐次!$D$2:$D$181,$A15) -> 0.41666667 | I15: 0.012548721 | J15: 0.065099163
A16: ransac999 | B16: 3 | C16: =TRUE() -> TRUE | D16: 148 | E16: =COUNTIFS(外部提取逐次!$B$2:$B$181,$B16,外部提取逐次!$D$2:$D$181,$A16) -> 10 | F16: =AVERAGEIFS(外部提取逐次!$G$2:$G$181,外部提取逐次!$B$2:$B$181,$B16,外部提取逐次!$D$2:$D$181,$A16) -> 60 | G16: =AVERAGEIFS(外部提取逐次!$H$2:$H$181,外部提取逐次!$B$2:$B$181,$B16,外部提取逐次!$D$2:$D$181,$A16) -> 58.7 | H16: =AVERAGEIFS(外部提取逐次!$I$2:$I$181,外部提取逐次!$B$2:$B$181,$B16,外部提取逐次!$D$2:$D$181,$A16) -> 0.39662162 | I16: 0.013152073 | J16: 0.083186227
A17: ransac999 | B17: 4 | C17: =FALSE() -> FALSE | D17: 78 | E17: =COUNTIFS(外部提取逐次!$B$2:$B$181,$B17,外部提取逐次!$D$2:$D$181,$A17) -> 10 | F17: =AVERAGEIFS(外部提取逐次!$G$2:$G$181,外部提取逐次!$B$2:$B$181,$B17,外部提取逐次!$D$2:$D$181,$A17) -> 36.8 | G17: =AVERAGEIFS(外部提取逐次!$H$2:$H$181,外部提取逐次!$B$2:$B$181,$B17,外部提取逐次!$D$2:$D$181,$A17) -> 32.4 | H17: =AVERAGEIFS(外部提取逐次!$I$2:$I$181,外部提取逐次!$B$2:$B$181,$B17,外部提取逐次!$D$2:$D$181,$A17) -> 0.41538462 | I17: 0.0089641782 | J17: 0.057779426
A18: ransac999 | B18: 5 | C18: =TRUE() -> TRUE | D18: 131 | E18: =COUNTIFS(外部提取逐次!$B$2:$B$181,$B18,外部提取逐次!$D$2:$D$181,$A18) -> 10 | F18: =AVERAGEIFS(外部提取逐次!$G$2:$G$181,外部提取逐次!$B$2:$B$181,$B18,外部提取逐次!$D$2:$D$181,$A18) -> 22.4 | G18: =AVERAGEIFS(外部提取逐次!$H$2:$H$181,外部提取逐次!$B$2:$B$181,$B18,外部提取逐次!$D$2:$D$181,$A18) -> 19.4 | H18: =AVERAGEIFS(外部提取逐次!$I$2:$I$181,外部提取逐次!$B$2:$B$181,$B18,外部提取逐次!$D$2:$D$181,$A18) -> 0.1480916 | I18: 0.0096558096 | J18: 0.10405787
A19: ransac999 | B19: 6 | C19: =FALSE() -> FALSE | D19: 236 | E19: =COUNTIFS(外部提取逐次!$B$2:$B$181,$B19,外部提取逐次!$D$2:$D$181,$A19) -> 10 | F19: =AVERAGEIFS(外部提取逐次!$G$2:$G$181,外部提取逐次!$B$2:$B$181,$B19,外部提取逐次!$D$2:$D$181,$A19) -> 40.8 | G19: =AVERAGEIFS(外部提取逐次!$H$2:$H$181,外部提取逐次!$B$2:$B$181,$B19,外部提取逐次!$D$2:$D$181,$A19) -> 36.8 | H19: =AVERAGEIFS(外部提取逐次!$I$2:$I$181,外部提取逐次!$B$2:$B$181,$B19,外部提取逐次!$D$2:$D$181,$A19) -> 0.1559322 | I19: 0.010145924 | J19: 0.065814549

Sheet 外部提取比較
A1: 樣區集合 | B1: 設定 | C1: 樣區數 | D1: 每樣區seed數 | E1: 平均參考匹配比例 | F1: 相對control差值 | G1: 解讀
A2: 全部六樣區 | B2: control | C2: 6 | D2: 10 | E2: 0.38335164 | F2: 0 | G2: 各樣區等權；固定0.5m一對一XY匹配，未調新資料參數
A3: 全部六樣區 | B3: vertical085 | C3: 6 | D3: 10 | E3: 0.3494056 | F3: -0.033946042 | G3: 各樣區等權；固定0.5m一對一XY匹配，未調新資料參數
A4: 全部六樣區 | B4: ransac999 | C4: 6 | D4: 10 | E4: 0.38518801 | F4: 0.0018363725 | G4: 各樣區等權；固定0.5m一對一XY匹配，未調新資料參數
A5: 論文Plot1/3/5 | B5: control | C5: 3 | D5: 10 | E5: 0.43804752 | F5: 0 | G5: 各樣區等權；固定0.5m一對一XY匹配，未調新資料參數
A6: 論文Plot1/3/5 | B6: vertical085 | C6: 3 | D6: 10 | E6: 0.39479535 | F6: -0.043252177 | G6: 各樣區等權；固定0.5m一對一XY匹配，未調新資料參數
A7: 論文Plot1/3/5 | B7: ransac999 | C7: 3 | D7: 10 | E7: 0.4410482 | F7: 0.0030006769 | G7: 各樣區等權；固定0.5m一對一XY匹配，未調新資料參數

Sheet 外部資料核驗
A1: 項目 | B1: 內容
A2: 版本 | B2: TreeTool公開處理後PCD，每樣區一份；不是原始分站掃描
A3: 原點 | B3: 沿用PCD VIEWPOINT零原點；角度格網檢查不能獨立確認真實掃描中心
A4: 匹配 | B4: 參考檔欄位TreeID/X/Y/height/diameter；地面樹位與參考XY，一對一最大匹配數，閾值0.5m
A5: 主要指標 | B5: 匹配參考樹 / 全部提供的參考樹；六樣區等權平均，10個seed是重複擬合
A6: 未報precision | B6: 標註範圍不明，未匹配偵測可能位於標註範圍之外，不能直接當誤報
A7: 位置誤差限制 | B7: 參考XY錨點高度不明；只列匹配XY誤差，未評DBH/高度精度
A8: 跨資料集限制 | B8: 只驗證提取階段；沒有分站配準真值，不能評10cm匹配參數或多站路徑的外部配準效果
A9: downsampledlesscloudEURO1.pcd | B9: 799e23912f7c2ad02abdd8dc951b29922b2f8a14724e20d173e41fb0a5798689
A10: TLS_Benchmarking_Plot_1_LHD.txt | B10: 9adb412f73736d0f5887aae50d32a75f1b7f7f68bad2815196e25150ad3ba0b6
A11: downsampledlesscloudEURO2.pcd | B11: 0f1b53c9c3f1cfb58d503817911fec3b3f3179e3473be7610dabc314337d8357
A12: TLS_Benchmarking_Plot_2_LHD.txt | B12: 9c740d069b44def28af90121c36ba66dbca325c3d986fccc4d5d33048f069e20
... A20: TLS_Benchmarking_Plot_6_LHD.txt | B20: ea65ad37541378fa2b0ceba2ab238f05a55093b27a8737302b666abf983e9498

Sheet 定義與核驗
A1: 項目 | B1: 說明
A2: 可作的結論 | B2: ETH新seed的配準改善；外部提取工作表列Liang處理版結果，跨資料集配準尚待原始站點及真值。
A3: 不能混用的基準 | B3: 本輪control是seed11–20的78.7%；不是舊seed1–10的84%。
A4: 資料集與seed | B4: 多個seed重複同片森林，不等於多個獨立資料集。
A5: 多站比較 | B5: 圖方法存取同場景全部站；兩站方法只存取單一配對。不可混稱同一輸入條件。
A6: 參數篩選 | B6: 只用舊seed1–5決定10cm＋SVD/RANSAC；擷取與組合設定在新seed評分前指定。
A7: p值 | B7: 以每seed成功對數比較，非把150個配對視為獨立森林樣本；Bonferroni校正所有非control比較。
A8: 精度比較 | B8: 成功e_p中位數可能受成功集合不同影響；配對比較另列雙方共同成功的案例。
A9: 真值使用 | B9: GT只用評分；圖路徑選邊只用估計變換後的3D支持點。
A10: e_p核對 | B10: NumPy完整點雲與C++差異=3.17e-10m
A11: GT擾動核對 | B11: True；評分GT平移100m，估計變換不變
A12: 批次擷取測試 | B12: 2個seed、6份CSV逐位元組一致；180份新seed樹位數均與執行日誌一致
... A15: 時間欄位 | B15: 逐對結果的time_ms只含描述子、匹配與求解；不含完整點誤差計算和擷取時間
