Workbook

Sheet 最新說明
A1: 項目 | B1: 內容
A2: 內容範圍 | B2: 保留前輪ETH參數與六站研究、Liang外部提取，另加入本輪完整兩站補救比較。
A3: 最新驗證 | B3: seed21–30：600列＝兩種方法×兩種solver×150個配對案例；主要比較為svd+ransac。
A4: 本輪主要結果 | B4: 原推薦組142/150，加補救後150/150；官方列表98/100→100/100，補回8次、退步0次。
A5: 改動 | B5: 少於6對匹配時，收集前三個描述子候選的證據，使用完整3D一致性補救；推論不讀GT。
A6: 保持固定 | B6: step距離降採樣、clustering0.20m、垂直度0.90、匹配閾值0.10m、配準RANSAC。
A7: 新功能預設 | B7: 補救預設關閉，須指定--recovery=evidence --recovery_trigger=6。
A8: 資料分工 | B8: seed11–20用於本輪診斷與選方案；之後固定程式及參數，才產生seed21–30驗證。
A9: 舊seed候選 | B9: 1200列＝四種候選（含原推薦組）×兩種solver×150案例；已用於選方案，不能再視為盲測。
A10: 舊seed點雲誤差 | B10: 候選篩選省略原始點雲讀取與e_p；空白為未計算，不是零誤差。新驗證則計算完整source點雲e_p。
A11: 工作表閱讀 | B11: 本輪工作表排在前面；「說明」起的原17張工作表保留前輪資料及其原本seed範圍。
A12: 成功定義 | B12: 旋轉誤差<2°且平移誤差<0.5m；與前輪相同。
... A18: 精簡版 | B18: 同目錄comparison_simple.xlsx；使用同一批seed21–30驗證數據。

Sheet 新驗證摘要
A1: 方法 | B1: solver | C1: 案例數 | D1: 成功數 | E1: 成功率 | F1: 官方案例數 | G1: 官方成功數 | H1: 官方成功率 | I1: 成功e_p中位數m | J1: 平均匹配求解ms | K1: 匹配求解中位數ms | L1: 匹配求解p95 ms | M1: 觸發補救數 | N1: 採用補救數
A2: baseline | B2: svd | C2: =COUNTIFS(新驗證逐次!$A$2:$A$601,A2,新驗證逐次!$B$2:$B$601,B2) -> 150 | D2: =COUNTIFS(新驗證逐次!$A$2:$A$601,A2,新驗證逐次!$B$2:$B$601,B2,新驗證逐次!$AE$2:$AE$601,1) -> 139 | E2: =D2/C2 -> 0.92666667 | F2: =COUNTIFS(新驗證逐次!$A$2:$A$601,A2,新驗證逐次!$B$2:$B$601,B2,新驗證逐次!$E$2:$E$601,1) -> 100 | G2: =COUNTIFS(新驗證逐次!$A$2:$A$601,A2,新驗證逐次!$B$2:$B$601,B2,新驗證逐次!$E$2:$E$601,1,新驗證逐次!$AE$2:$AE$601,1) -> 96 | H2: =G2/F2 -> 0.96 | I2: 0.072332999 | J2: 3.3780498 | K2: 3.0732705 | L2: 5.424482 | M2: 0 | N2: 0
A3: baseline | B3: svd+ransac | C3: =COUNTIFS(新驗證逐次!$A$2:$A$601,A3,新驗證逐次!$B$2:$B$601,B3) -> 150 | D3: =COUNTIFS(新驗證逐次!$A$2:$A$601,A3,新驗證逐次!$B$2:$B$601,B3,新驗證逐次!$AE$2:$AE$601,1) -> 142 | E3: =D3/C3 -> 0.94666667 | F3: =COUNTIFS(新驗證逐次!$A$2:$A$601,A3,新驗證逐次!$B$2:$B$601,B3,新驗證逐次!$E$2:$E$601,1) -> 100 | G3: =COUNTIFS(新驗證逐次!$A$2:$A$601,A3,新驗證逐次!$B$2:$B$601,B3,新驗證逐次!$E$2:$E$601,1,新驗證逐次!$AE$2:$AE$601,1) -> 98 | H3: =G3/F3 -> 0.98 | I3: 0.067380268 | J3: 4.3470339 | K3: 3.934507 | L3: 6.503743 | M3: 0 | N3: 0
A4: recovery | B4: svd | C4: =COUNTIFS(新驗證逐次!$A$2:$A$601,A4,新驗證逐次!$B$2:$B$601,B4) -> 150 | D4: =COUNTIFS(新驗證逐次!$A$2:$A$601,A4,新驗證逐次!$B$2:$B$601,B4,新驗證逐次!$AE$2:$AE$601,1) -> 147 | E4: =D4/C4 -> 0.98 | F4: =COUNTIFS(新驗證逐次!$A$2:$A$601,A4,新驗證逐次!$B$2:$B$601,B4,新驗證逐次!$E$2:$E$601,1) -> 100 | G4: =COUNTIFS(新驗證逐次!$A$2:$A$601,A4,新驗證逐次!$B$2:$B$601,B4,新驗證逐次!$E$2:$E$601,1,新驗證逐次!$AE$2:$AE$601,1) -> 98 | H4: =G4/F4 -> 0.98 | I4: 0.071110935 | J4: 4.7154728 | K4: 3.130736 | L4: 10.632216 | M4: 31 | N4: 31
A5: recovery | B5: svd+ransac | C5: =COUNTIFS(新驗證逐次!$A$2:$A$601,A5,新驗證逐次!$B$2:$B$601,B5) -> 150 | D5: =COUNTIFS(新驗證逐次!$A$2:$A$601,A5,新驗證逐次!$B$2:$B$601,B5,新驗證逐次!$AE$2:$AE$601,1) -> 150 | E5: =D5/C5 -> 1 | F5: =COUNTIFS(新驗證逐次!$A$2:$A$601,A5,新驗證逐次!$B$2:$B$601,B5,新驗證逐次!$E$2:$E$601,1) -> 100 | G5: =COUNTIFS(新驗證逐次!$A$2:$A$601,A5,新驗證逐次!$B$2:$B$601,B5,新驗證逐次!$E$2:$E$601,1,新驗證逐次!$AE$2:$AE$601,1) -> 100 | H5: =G5/F5 -> 1 | I5: 0.063653641 | J5: 5.5307042 | K5: 3.9122135 | L5: 11.661867 | M5: 31 | N5: 31

Sheet 新驗證逐次
A1: method | B1: solver | C1: seed | D1: pair | E1: official | F1: label | G1: threshold | H1: setting | I1: n_src_kp | J1: n_tgt_kp | K1: descriptors_src | L1: descriptors_tgt | M1: d12_enc2_s0_is_p1 | N1: d12_enc3_s0_is_p1p2 | O1: gate_passed | P1: candidates | Q1: best_score | R1: best_dc | S1: best_fm | T1: used_triangle | U1: tri_set_src | V1: tri_set_tgt | W1: tri_matches | X1: n_matches | Y1: n_correct_matches | Z1: ransac_inliers | AA1: transform_ok | AB1: rot_err_deg | AC1: trans_err_m | AD1: e_p_m | AE1: success | AF1: time_ms | AG1: r00 | AH1: r01 | AI1: r02 | AJ1: r10 | AK1: r11 | AL1: r12 | AM1: r20 | AN1: r21 | AO1: r22 | AP1: t0 | AQ1: t1 | AR1: t2 | AS1: recovery | AT1: recovery_triggered | AU1: recovery_accepted | AV1: recovery_hypotheses | AW1: recovery_support | AX1: recovery_median_m
A2: baseline | B2: svd | C2: 21 | D2: s1-s2 | E2: 1 | F2: 21_s1-s2 | G2: 0.1 | H2: sensitivity(not paper) | I2: 54 | J2: 60 | K2: 54 | L2: 60 | M2: 5 | N2: 9 | O2: 306 | P2: 12 | Q2: 111 | R2: 11 | S2: 10 | T2: 0 | U2: 0 | V2: 0 | W2: 0 | X2: 9 | Y2: 9 | Z2: 0 | AA2: 1 | AB2: 0.24334578 | AC2: 0.046617757 | AD2: 0.048794776 | AE2: 1 | AF2: 3.02073 | AG2: -0.71875906 | AH2: -0.69524307 | AI2: 0.0047421651 | AJ2: 0.69524829 | AK2: -0.7187693 | AL2: -0.00071185772 | AM2: 0.0039034368 | AN2: 0.002785328 | AO2: 0.9999885 | AP2: -11.076481 | AQ2: -0.87976367 | AR2: 0.58003899
A3: baseline | B3: svd+ransac | C3: 21 | D3: s1-s2 | E3: 1 | F3: 21_s1-s2 | G3: 0.1 | H3: sensitivity(not paper) | I3: 54 | J3: 60 | K3: 54 | L3: 60 | M3: 5 | N3: 9 | O3: 306 | P3: 12 | Q3: 111 | R3: 11 | S3: 10 | T3: 0 | U3: 0 | V3: 0 | W3: 0 | X3: 9 | Y3: 9 | Z3: 9 | AA3: 1 | AB3: 0.24334578 | AC3: 0.046617757 | AD3: 0.048794776 | AE3: 1 | AF3: 4.397297 | AG3: -0.71875906 | AH3: -0.69524307 | AI3: 0.0047421651 | AJ3: 0.69524829 | AK3: -0.7187693 | AL3: -0.00071185772 | AM3: 0.0039034368 | AN3: 0.002785328 | AO3: 0.9999885 | AP3: -11.076481 | AQ3: -0.87976367 | AR3: 0.58003899
A4: baseline | B4: svd | C4: 21 | D4: s1-s3 | E4: 1 | F4: 21_s1-s3 | G4: 0.1 | H4: sensitivity(not paper) | I4: 54 | J4: 48 | K4: 54 | L4: 48 | M4: 4 | N4: 8 | O4: 199 | P4: 11 | Q4: 155 | R4: 5 | S4: 15 | T4: 0 | U4: 0 | V4: 0 | W4: 0 | X4: 11 | Y4: 11 | Z4: 0 | AA4: 1 | AB4: 0.6488976 | AC4: 0.031643763 | AD4: 0.046881893 | AE4: 1 | AF4: 2.370908 | AG4: 0.9338585 | AH4: 0.35756912 | AI4: -0.0072545448 | AJ4: -0.35753125 | AK4: 0.93388176 | AL4: 0.0060209877 | AM4: 0.0089278063 | AN4: -0.0030290241 | AO4: 0.99995556 | AP4: 8.3919229 | AQ4: 1.3841447 | AR4: 0.68182258
A5: baseline | B5: svd+ransac | C5: 21 | D5: s1-s3 | E5: 1 | F5: 21_s1-s3 | G5: 0.1 | H5: sensitivity(not paper) | I5: 54 | J5: 48 | K5: 54 | L5: 48 | M5: 4 | N5: 8 | O5: 199 | P5: 11 | Q5: 155 | R5: 5 | S5: 15 | T5: 0 | U5: 0 | V5: 0 | W5: 0 | X5: 11 | Y5: 11 | Z5: 11 | AA5: 1 | AB5: 0.6488976 | AC5: 0.031643763 | AD5: 0.046881893 | AE5: 1 | AF5: 5.628759 | AG5: 0.9338585 | AH5: 0.35756912 | AI5: -0.0072545448 | AJ5: -0.35753125 | AK5: 0.93388176 | AL5: 0.0060209877 | AM5: 0.0089278063 | AN5: -0.0030290241 | AO5: 0.99995556 | AP5: 8.3919229 | AQ5: 1.3841447 | AR5: 0.68182258
A6: baseline | B6: svd | C6: 21 | D6: s1-s4 | E6: 0 | F6: 21_s1-s4 | G6: 0.1 | H6: sensitivity(not paper) | I6: 54 | J6: 51 | K6: 54 | L6: 51 | M6: 4 | N6: 8 | O6: 221 | P6: 5 | Q6: 59 | R6: 9 | S6: 5 | T6: 0 | U6: 0 | V6: 0 | W6: 0 | X6: 5 | Y6: 5 | Z6: 0 | AA6: 1 | AB6: 0.9651024 | AC6: 0.16599487 | AD6: 0.17584513 | AE6: 1 | AF6: 2.758593 | AG6: 0.90222477 | AH6: 0.43101311 | AI6: -0.014770273 | AJ6: -0.43113321 | AK6: 0.9022678 | AL6: -0.0060802343 | AM6: 0.010706081 | AN6: 0.011853693 | AO6: 0.99987243 | AP6: 22.837754 | AQ6: 6.5281208 | AR6: 1.5680333
A7: baseline | B7: svd+ransac | C7: 21 | D7: s1-s4 | E7: 0 | F7: 21_s1-s4 | G7: 0.1 | H7: sensitivity(not paper) | I7: 54 | J7: 51 | K7: 54 | L7: 51 | M7: 4 | N7: 8 | O7: 221 | P7: 5 | Q7: 59 | R7: 9 | S7: 5 | T7: 0 | U7: 0 | V7: 0 | W7: 0 | X7: 5 | Y7: 5 | Z7: 5 | AA7: 1 | AB7: 0.9651024 | AC7: 0.16599487 | AD7: 0.17584513 | AE7: 1 | AF7: 3.575995 | AG7: 0.90222477 | AH7: 0.43101311 | AI7: -0.014770273 | AJ7: -0.43113321 | AK7: 0.9022678 | AL7: -0.0060802343 | AM7: 0.010706081 | AN7: 0.011853693 | AO7: 0.99987243 | AP7: 22.837754 | AQ7: 6.5281208 | AR7: 1.5680333
A8: baseline | B8: svd | C8: 21 | D8: s1-s5 | E8: 0 | F8: 21_s1-s5 | G8: 0.1 | H8: sensitivity(not paper) | I8: 54 | J8: 82 | K8: 54 | L8: 82 | M8: 8 | N8: 13 | O8: 452 | P8: 10 | Q8: 80 | R8: 10 | S8: 7 | T8: 0 | U8: 0 | V8: 0 | W8: 0 | X8: 6 | Y8: 6 | Z8: 0 | AA8: 1 | AB8: 0.62494031 | AC8: 0.11881743 | AD8: 0.12681781 | AE8: 1 | AF8: 3.312327 | AG8: 0.22466187 | AH8: -0.97440097 | AI8: -0.008354243 | AJ8: 0.97440311 | AK8: 0.22471712 | AL8: -0.0063865856 | AM8: 0.0081004367 | AN8: -0.0067055781 | AO8: 0.99994471 | AP8: -16.502891 | AQ8: 20.505421 | AR8: 0.88708549
A9: baseline | B9: svd+ransac | C9: 21 | D9: s1-s5 | E9: 0 | F9: 21_s1-s5 | G9: 0.1 | H9: sensitivity(not paper) | I9: 54 | J9: 82 | K9: 54 | L9: 82 | M9: 8 | N9: 13 | O9: 452 | P9: 10 | Q9: 80 | R9: 10 | S9: 7 | T9: 0 | U9: 0 | V9: 0 | W9: 0 | X9: 6 | Y9: 6 | Z9: 6 | AA9: 1 | AB9: 0.62494031 | AC9: 0.11881743 | AD9: 0.12681781 | AE9: 1 | AF9: 3.963989 | AG9: 0.22466187 | AH9: -0.97440097 | AI9: -0.008354243 | AJ9: 0.97440311 | AK9: 0.22471712 | AL9: -0.0063865856 | AM9: 0.0081004367 | AN9: -0.0067055781 | AO9: 0.99994471 | AP9: -16.502891 | AQ9: 20.505421 | AR9: 0.88708549
A10: baseline | B10: svd | C10: 21 | D10: s1-s6 | E10: 0 | F10: 21_s1-s6 | G10: 0.1 | H10: sensitivity(not paper) | I10: 54 | J10: 92 | K10: 54 | L10: 92 | M10: 5 | N10: 14 | O10: 395 | P10: 5 | Q10: 26 | R10: 6 | S10: 2 | T10: 1 | U10: 6 | V10: 6 | W10: 11 | X10: 6 | Y10: 6 | Z10: 0 | AA10: 1 | AB10: 1.542428 | AC10: 0.19631537 | AD10: 0.21472741 | AE10: 1 | AF10: 5.710917 | AG10: 0.98862944 | AH10: 0.14870962 | AI10: -0.022299661 | AJ10: -0.14848264 | AK10: 0.98884791 | AL10: 0.011520011 | AM10: 0.02376411 | AN10: -0.0080779099 | AO10: 0.99968496 | AP10: 25.100199 | AQ10: 19.821357 | AR10: 2.2748919
A11: baseline | B11: svd+ransac | C11: 21 | D11: s1-s6 | E11: 0 | F11: 21_s1-s6 | G11: 0.1 | H11: sensitivity(not paper) | I11: 54 | J11: 92 | K11: 54 | L11: 92 | M11: 5 | N11: 14 | O11: 395 | P11: 5 | Q11: 26 | R11: 6 | S11: 2 | T11: 1 | U11: 6 | V11: 6 | W11: 11 | X11: 6 | Y11: 6 | Z11: 6 | AA11: 1 | AB11: 1.542428 | AC11: 0.19631537 | AD11: 0.21472741 | AE11: 1 | AF11: 6.386465 | AG11: 0.98862944 | AH11: 0.14870962 | AI11: -0.022299661 | AJ11: -0.14848264 | AK11: 0.98884791 | AL11: 0.011520011 | AM11: 0.02376411 | AN11: -0.0080779099 | AO11: 0.99968496 | AP11: 25.100199 | AQ11: 19.821357 | AR11: 2.2748919
A12: baseline | B12: svd | C12: 22 | D12: s1-s2 | E12: 1 | F12: 22_s1-s2 | G12: 0.1 | H12: sensitivity(not paper) | I12: 56 | J12: 61 | K12: 56 | L12: 61 | M12: 4 | N12: 11 | O12: 319 | P12: 11 | Q12: 83 | R12: 23 | S12: 6 | T12: 0 | U12: 0 | V12: 0 | W12: 0 | X12: 5 | Y12: 5 | Z12: 0 | AA12: 1 | AB12: 0.41484024 | AC12: 0.11770101 | AD12: 0.12147746 | AE12: 1 | AF12: 2.444122 | AG12: -0.71707853 | AH12: -0.69698166 | AI12: -0.0038672388 | AJ12: 0.69698886 | AK12: -0.7170462 | AL12: -0.007161253 | AM12: 0.0022182731 | AN12: -0.0078306031 | AO12: 0.99996688 | AP12: -11.126673 | AQ12: -0.85474771 | AR12: 0.42810177
A13: baseline | B13: svd+ransac | C13: 22 | D13: s1-s2 | E13: 1 | F13: 22_s1-s2 | G13: 0.1 | H13: sensitivity(not paper) | I13: 56 | J13: 61 | K13: 56 | L13: 61 | M13: 4 | N13: 11 | O13: 319 | P13: 11 | Q13: 83 | R13: 23 | S13: 6 | T13: 0 | U13: 0 | V13: 0 | W13: 0 | X13: 5 | Y13: 5 | Z13: 5 | AA13: 1 | AB13: 0.41484024 | AC13: 0.11770101 | AD13: 0.12147746 | AE13: 1 | AF13: 3.033106 | AG13: -0.71707853 | AH13: -0.69698166 | AI13: -0.0038672388 | AJ13: 0.69698886 | AK13: -0.7170462 | AL13: -0.007161253 | AM13: 0.0022182731 | AN13: -0.0078306031 | AO13: 0.99996688 | AP13: -11.126673 | AQ13: -0.85474771 | AR13: 0.42810177
... A25: baseline | B25: svd+ransac | C25: 23 | D25: s1-s3 | E25: 1 | F25: 23_s1-s3 | G25: 0.1 | H25: sensitivity(not paper) | I25: 59 | J25: 50 | K25: 59 | L25: 50 | M25: 3 | N25: 10 | O25: 296 | P25: 12 | Q25: 134 | R25: 24 | S25: 11 | T25: 0 | U25: 0 | V25: 0 | W25: 0 | X25: 10 | Y25: 10 | Z25: 9 | AA25: 1 | AB25: 0.86998109 | AC25: 0.036575895 | AD25: 0.062435512 | AE25: 1 | AF25: 3.149278 | AG25: 0.93402941 | AH25: 0.35706791 | AI25: -0.0095687414 | AJ25: -0.35698699 | AK25: 0.93406412 | AL25: 0.0091931448 | AM25: 0.012220395 | AN25: -0.0051707514 | AO25: 0.99991196 | AP25: 8.3792432 | AQ25: 1.3722301 | AR25: 0.67699776
A26: baseline | B26: svd | C26: 23 | D26: s1-s4 | E26: 0 | F26: 23_s1-s4 | G26: 0.1 | H26: sensitivity(not paper) | I26: 59 | J26: 54 | K26: 59 | L26: 54 | M26: 2 | N26: 7 | O26: 229 | P26: 6 | Q26: 60 | R26: 10 | S26: 5 | T26: 0 | U26: 0 | V26: 0 | W26: 0 | X26: 2 | Y26: 2 | Z26: 0 | AA26: 0 | AE26: 0 | AF26: 3.255293 | AG26: 1 | AH26: 0 | AI26: 0 | AJ26: 0 | AK26: 1 | AL26: 0 | AM26: 0 | AN26: 0 | AO26: 1 | AP26: 0 | AQ26: 0 | AR26: 0
A27: baseline | B27: svd+ransac | C27: 23 | D27: s1-s4 | E27: 0 | F27: 23_s1-s4 | G27: 0.1 | H27: sensitivity(not paper) | I27: 59 | J27: 54 | K27: 59 | L27: 54 | M27: 2 | N27: 7 | O27: 229 | P27: 6 | Q27: 60 | R27: 10 | S27: 5 | T27: 0 | U27: 0 | V27: 0 | W27: 0 | X27: 2 | Y27: 2 | Z27: 0 | AA27: 0 | AE27: 0 | AF27: 3.255063 | AG27: 1 | AH27: 0 | AI27: 0 | AJ27: 0 | AK27: 1 | AL27: 0 | AM27: 0 | AN27: 0 | AO27: 1 | AP27: 0 | AQ27: 0 | AR27: 0
A28: baseline | B28: svd | C28: 23 | D28: s1-s5 | E28: 0 | F28: 23_s1-s5 | G28: 0.1 | H28: sensitivity(not paper) | I28: 59 | J28: 84 | K28: 59 | L28: 84 | M28: 5 | N28: 18 | O28: 523 | P28: 10 | Q28: 69 | R28: 9 | S28: 6 | T28: 0 | U28: 0 | V28: 0 | W28: 0 | X28: 4 | Y28: 4 | Z28: 0 | AA28: 1 | AB28: 0.29989551 | AC28: 0.070531754 | AD28: 0.071636022 | AE28: 1 | AF28: 4.30584 | AG28: 0.22545292 | AH28: -0.97425396 | AI28: 0.000438209 | AJ28: 0.97423269 | AK28: 0.22544497 | AL28: -0.0067259834 | AM28: 0.006454024 | AN28: 0.0019433101 | AO28: 0.99997728 | AP28: -16.520908 | AQ28: 20.516821 | AR28: 1.0656625
A29: baseline | B29: svd+ransac | C29: 23 | D29: s1-s5 | E29: 0 | F29: 23_s1-s5 | G29: 0.1 | H29: sensitivity(not paper) | I29: 59 | J29: 84 | K29: 59 | L29: 84 | M29: 5 | N29: 18 | O29: 523 | P29: 10 | Q29: 69 | R29: 9 | S29: 6 | T29: 0 | U29: 0 | V29: 0 | W29: 0 | X29: 4 | Y29: 4 | Z29: 4 | AA29: 1 | AB29: 0.29989551 | AC29: 0.070531754 | AD29: 0.071636022 | AE29: 1 | AF29: 5.085864 | AG29: 0.22545292 | AH29: -0.97425396 | AI29: 0.000438209 | AJ29: 0.97423269 | AK29: 0.22544497 | AL29: -0.0067259834 | AM29: 0.006454024 | AN29: 0.0019433101 | AO29: 0.99997728 | AP29: -16.520908 | AQ29: 20.516821 | AR29: 1.0656625
A30: baseline | B30: svd | C30: 23 | D30: s1-s6 | E30: 0 | F30: 23_s1-s6 | G30: 0.1 | H30: sensitivity(not paper) | I30: 59 | J30: 88 | K30: 59 | L30: 88 | M30: 3 | N30: 11 | O30: 395 | P30: 12 | Q30: 29 | R30: 9 | S30: 2 | T30: 1 | U30: 9 | V30: 9 | W30: 48 | X30: 9 | Y30: 9 | Z30: 0 | AA30: 1 | AB30: 1.1468057 | AC30: 0.11293588 | AD30: 0.13353222 | AE30: 1 | AF30: 4.308941 | AG30: 0.98908189 | AH30: 0.14639676 | AI30: -0.016881772 | AJ30: -0.14629675 | AK30: 0.98921583 | AL30: 0.0070208043 | AM30: 0.01772754 | AN30: -0.004474402 | AO30: 0.99983284 | AP30: 25.126614 | AQ30: 19.808271 | AR30: 2.1951162
A31: baseline | B31: svd+ransac | C31: 23 | D31: s1-s6 | E31: 0 | F31: 23_s1-s6 | G31: 0.1 | H31: sensitivity(not paper) | I31: 59 | J31: 88 | K31: 59 | L31: 88 | M31: 3 | N31: 11 | O31: 395 | P31: 12 | Q31: 29 | R31: 9 | S31: 2 | T31: 1 | U31: 9 | V31: 9 | W31: 48 | X31: 9 | Y31: 9 | Z31: 9 | AA31: 1 | AB31: 1.1468057 | AC31: 0.11293588 | AD31: 0.13353222 | AE31: 1 | AF31: 5.298401 | AG31: 0.98908189 | AH31: 0.14639676 | AI31: -0.016881772 | AJ31: -0.14629675 | AK31: 0.98921583 | AL31: 0.0070208043 | AM31: 0.01772754 | AN31: -0.004474402 | AO31: 0.99983284 | AP31: 25.126614 | AQ31: 19.808271 | AR31: 2.1951162
A32: baseline | B32: svd | C32: 24 | D32: s1-s2 | E32: 1 | F32: 24_s1-s2 | G32: 0.1 | H32: sensitivity(not paper) | I32: 58 | J32: 63 | K32: 58 | L32: 63 | M32: 3 | N32: 12 | O32: 341 | P32: 13 | Q32: 123 | R32: 33 | S32: 9 | T32: 0 | U32: 0 | V32: 0 | W32: 0 | X32: 11 | Y32: 11 | Z32: 0 | AA32: 1 | AB32: 0.35039368 | AC32: 0.052659923 | AD32: 0.056307363 | AE32: 1 | AF32: 3.297834 | AG32: -0.71838867 | AH32: -0.69562216 | AI32: 0.005247119 | AJ32: 0.69559609 | AK32: -0.71840748 | AL32: -0.0060631833 | AM32: 0.0079872542 | AN32: -0.00070584666 | AO32: 0.99996785 | AP32: -11.068632 | AQ32: -0.87514759 | AR32: 0.58214066
A33: baseline | B33: svd+ransac | C33: 24 | D33: s1-s2 | E33: 1 | F33: 24_s1-s2 | G33: 0.1 | H33: sensitivity(not paper) | I33: 58 | J33: 63 | K33: 58 | L33: 63 | M33: 3 | N33: 12 | O33: 341 | P33: 13 | Q33: 123 | R33: 33 | S33: 9 | T33: 0 | U33: 0 | V33: 0 | W33: 0 | X33: 11 | Y33: 11 | Z33: 11 | AA33: 1 | AB33: 0.35039368 | AC33: 0.052659923 | AD33: 0.056307363 | AE33: 1 | AF33: 4.586489 | AG33: -0.71838867 | AH33: -0.69562216 | AI33: 0.005247119 | AJ33: 0.69559609 | AK33: -0.71840748 | AL33: -0.0060631833 | AM33: 0.0079872542 | AN33: -0.00070584666 | AO33: 0.99996785 | AP33: -11.068632 | AQ33: -0.87514759 | AR33: 0.58214066
A34: baseline | B34: svd | C34: 24 | D34: s1-s3 | E34: 1 | F34: 24_s1-s3 | G34: 0.1 | H34: sensitivity(not paper) | I34: 58 | J34: 47 | K34: 58 | L34: 47 | M34: 4 | N34: 4 | O34: 205 | P34: 13 | Q34: 178 | R34: 8 | S34: 17 | T34: 0 | U34: 0 | V34: 0 | W34: 0 | X34: 12 | Y34: 12 | Z34: 0 | AA34: 1 | AB34: 0.46205134 | AC34: 0.050946308 | AD34: 0.057369484 | AE34: 1 | AF34: 3.084556 | AG34: 0.9344044 | AH34: 0.35619061 | AI34: -0.0040822401 | AJ34: -0.35617292 | AK34: 0.93440933 | AL34: 0.0044793197 | AM34: 0.0054099748 | AN34: -0.0027315126 | AO34: 0.99998164 | AP34: 8.3822563 | AQ34: 1.3957996 | AR34: 0.64272871
A35: baseline | B35: svd+ransac | C35: 24 | D35: s1-s3 | E35: 1 | F35: 24_s1-s3 | G35: 0.1 | H35: sensitivity(not paper) | I35: 58 | J35: 47 | K35: 58 | L35: 47 | M35: 4 | N35: 4 | O35: 205 | P35: 13 | Q35: 178 | R35: 8 | S35: 17 | T35: 0 | U35: 0 | V35: 0 | W35: 0 | X35: 12 | Y35: 12 | Z35: 12 | AA35: 1 | AB35: 0.46205134 | AC35: 0.050946308 | AD35: 0.057369484 | AE35: 1 | AF35: 4.023644 | AG35: 0.9344044 | AH35: 0.35619061 | AI35: -0.0040822401 | AJ35: -0.35617292 | AK35: 0.93440933 | AL35: 0.0044793197 | AM35: 0.0054099748 | AN35: -0.0027315126 | AO35: 0.99998164 | AP35: 8.3822563 | AQ35: 1.3957996 | AR35: 0.64272871
A36: baseline | B36: svd | C36: 24 | D36: s1-s4 | E36: 0 | F36: 24_s1-s4 | G36: 0.1 | H36: sensitivity(not paper) | I36: 58 | J36: 58 | K36: 58 | L36: 58 | M36: 4 | N36: 5 | O36: 267 | P36: 12 | Q36: 87 | R36: 7 | S36: 8 | T36: 0 | U36: 0 | V36: 0 | W36: 0 | X36: 7 | Y36: 7 | Z36: 0 | AA36: 1 | AB36: 0.90429055 | AC36: 0.15802708 | AD36: 0.16648917 | AE36: 1 | AF36: 2.638702 | AG36: 0.90257927 | AH36: 0.43030774 | AI36: -0.01363499 | AJ36: -0.43041422 | AK36: 0.90261128 | AL36: -0.0060386694 | AM36: 0.0097086097 | AN36: 0.011319071 | AO36: 0.9998888 | AP36: 22.823913 | AQ36: 6.5226121 | AR36: 1.5551182
A37: baseline | B37: svd+ransac | C37: 24 | D37: s1-s4 | E37: 0 | F37: 24_s1-s4 | G37: 0.1 | H37: sensitivity(not paper) | I37: 58 | J37: 58 | K37: 58 | L37: 58 | M37: 4 | N37: 5 | O37: 267 | P37: 12 | Q37: 87 | R37: 7 | S37: 8 | T37: 0 | U37: 0 | V37: 0 | W37: 0 | X37: 7 | Y37: 7 | Z37: 7 | AA37: 1 | AB37: 0.90429055 | AC37: 0.15802708 | AD37: 0.16648917 | AE37: 1 | AF37: 3.619577 | AG37: 0.90257927 | AH37: 0.43030774 | AI37: -0.01363499 | AJ37: -0.43041422 | AK37: 0.90261128 | AL37: -0.0060386694 | AM37: 0.0097086097 | AN37: 0.011319071 | AO37: 0.9998888 | AP37: 22.823913 | AQ37: 6.5226121 | AR37: 1.5551182
A38: baseline | B38: svd | C38: 24 | D38: s1-s5 | E38: 0 | F38: 24_s1-s5 | G38: 0.1 | H38: sensitivity(not paper) | I38: 58 | J38: 83 | K38: 58 | L38: 83 | M38: 6 | N38: 10 | O38: 395 | P38: 6 | Q38: 27 | R38: 7 | S38: 2 | T38: 1 | U38: 7 | V38: 7 | W38: 19 | X38: 7 | Y38: 7 | Z38: 0 | AA38: 1 | AB38: 0.69760513 | AC38: 0.077627163 | AD38: 0.087507863 | AE38: 1 | AF38: 4.028939 | AG38: 0.22530572 | AH38: -0.97428555 | AI38: -0.0022344652 | AJ38: 0.97419562 | AK38: 0.22531534 | AL38: -0.013262367 | AM38: 0.013424792 | AN38: 0.00081128093 | AO38: 0.99990955 | AP38: -16.511219 | AQ38: 20.510369 | AR38: 1.0719432
A39: baseline | B39: svd+ransac | C39: 24 | D39: s1-s5 | E39: 0 | F39: 24_s1-s5 | G39: 0.1 | H39: sensitivity(not paper) | I39: 58 | J39: 83 | K39: 58 | L39: 83 | M39: 6 | N39: 10 | O39: 395 | P39: 6 | Q39: 27 | R39: 7 | S39: 2 | T39: 1 | U39: 7 | V39: 7 | W39: 19 | X39: 7 | Y39: 7 | Z39: 7 | AA39: 1 | AB39: 0.69760513 | AC39: 0.077627163 | AD39: 0.087507863 | AE39: 1 | AF39: 4.756677 | AG39: 0.22530572 | AH39: -0.97428555 | AI39: -0.0022344652 | AJ39: 0.97419562 | AK39: 0.22531534 | AL39: -0.013262367 | AM39: 0.013424792 | AN39: 0.00081128093 | AO39: 0.99990955 | AP39: -16.511219 | AQ39: 20.510369 | AR39: 1.0719432
A40: baseline | B40: svd | C40: 24 | D40: s1-s6 | E40: 0 | F40: 24_s1-s6 | G40: 0.1 | H40: sensitivity(not paper) | I40: 58 | J40: 92 | K40: 58 | L40: 92 | M40: 5 | N40: 11 | O40: 393 | P40: 9 | Q40: 33 | R40: 3 | S40: 3 | T40: 1 | U40: 3 | V40: 3 | W40: 0 | X40: 0 | Y40: 0 | Z40: 0 | AA40: 0 | AE40: 0 | AF40: 3.935434 | AG40: 1 | AH40: 0 | AI40: 0 | AJ40: 0 | AK40: 1 | AL40: 0 | AM40: 0 | AN40: 0 | AO40: 1 | AP40: 0 | AQ40: 0 | AR40: 0
A41: baseline | B41: svd+ransac | C41: 24 | D41: s1-s6 | E41: 0 | F41: 24_s1-s6 | G41: 0.1 | H41: sensitivity(not paper) | I41: 58 | J41: 92 | K41: 58 | L41: 92 | M41: 5 | N41: 11 | O41: 393 | P41: 9 | Q41: 33 | R41: 3 | S41: 3 | T41: 1 | U41: 3 | V41: 3 | W41: 0 | X41: 0 | Y41: 0 | Z41: 0 | AA41: 0 | AE41: 0 | AF41: 3.93537 | AG41: 1 | AH41: 0 | AI41: 0 | AJ41: 0 | AK41: 1 | AL41: 0 | AM41: 0 | AN41: 0 | AO41: 1 | AP41: 0 | AQ41: 0 | AR41: 0
A42: baseline | B42: svd | C42: 25 | D42: s1-s2 | E42: 1 | F42: 25_s1-s2 | G42: 0.1 | H42: sensitivity(not paper) | I42: 55 | J42: 65 | K42: 55 | L42: 65 | M42: 4 | N42: 11 | O42: 363 | P42: 16 | Q42: 128 | R42: 8 | S42: 12 | T42: 0 | U42: 0 | V42: 0 | W42: 0 | X42: 13 | Y42: 13 | Z42: 0 | AA42: 1 | AB42: 0.58314024 | AC42: 0.063861059 | AD42: 0.074914097 | AE42: 1 | AF42: 2.84156 | AG42: -0.7184912 | AH42: -0.69551558 | AI42: 0.0053371233 | AJ42: 0.69544071 | AK42: -0.71849861 | AL42: -0.011043949 | AM42: 0.011515954 | AN42: -0.0042233276 | AO42: 0.99992477 | AP42: -11.090418 | AQ42: -0.86600409 | AR42: 0.60387262
A43: baseline | B43: svd+ransac | C43: 25 | D43: s1-s2 | E43: 1 | F43: 25_s1-s2 | G43: 0.1 | H43: sensitivity(not paper) | I43: 55 | J43: 65 | K43: 55 | L43: 65 | M43: 4 | N43: 11 | O43: 363 | P43: 16 | Q43: 128 | R43: 8 | S43: 12 | T43: 0 | U43: 0 | V43: 0 | W43: 0 | X43: 13 | Y43: 13 | Z43: 12 | AA43: 1 | AB43: 0.29976546 | AC43: 0.04156537 | AD43: 0.047038676 | AE43: 1 | AF43: 4.227457 | AG43: -0.71844057 | AH43: -0.69556867 | AI43: 0.0052319917 | AJ43: 0.69555363 | AK43: -0.71845953 | AL43: -0.0045875076 | AM43: 0.0069499009 | AN43: 0.00034327925 | AO43: 0.99997579 | AP43: -11.08828 | AQ43: -0.85282079 | AR43: 0.57456797
A44: baseline | B44: svd | C44: 25 | D44: s1-s3 | E44: 1 | F44: 25_s1-s3 | G44: 0.1 | H44: sensitivity(not paper) | I44: 55 | J44: 51 | K44: 55 | L44: 51 | M44: 2 | N44: 8 | O44: 232 | P44: 9 | Q44: 133 | R44: 23 | S44: 11 | T44: 0 | U44: 0 | V44: 0 | W44: 0 | X44: 7 | Y44: 7 | Z44: 0 | AA44: 1 | AB44: 1.0253997 | AC44: 0.078596199 | AD44: 0.097796549 | AE44: 1 | AF44: 2.269927 | AG44: 0.93453383 | AH44: 0.35559166 | AI44: -0.014180493 | AJ44: -0.35551809 | AK44: 0.93463935 | AL44: 0.0074948626 | AM44: 0.015918757 | AN44: -0.0019627809 | AO44: 0.99987136 | AP44: 8.3767167 | AQ44: 1.3891505 | AR44: 0.73379515
A45: baseline | B45: svd+ransac | C45: 25 | D45: s1-s3 | E45: 1 | F45: 25_s1-s3 | G45: 0.1 | H45: sensitivity(not paper) | I45: 55 | J45: 51 | K45: 55 | L45: 51 | M45: 2 | N45: 8 | O45: 232 | P45: 9 | Q45: 133 | R45: 23 | S45: 11 | T45: 0 | U45: 0 | V45: 0 | W45: 0 | X45: 7 | Y45: 7 | Z45: 6 | AA45: 1 | AB45: 0.33636211 | AC45: 0.019241075 | AD45: 0.028328585 | AE45: 1 | AF45: 3.119667 | AG45: 0.93427408 | AH45: 0.35653331 | AI45: -0.00399329 | AJ45: -0.35653158 | AK45: 0.93428255 | AL45: 0.0011622272 | AM45: 0.0041452339 | AN45: 0.00033789521 | AO45: 0.99999135 | AP45: 8.4041451 | AQ45: 1.3654749 | AR45: 0.68509434
A46: baseline | B46: svd | C46: 25 | D46: s1-s4 | E46: 0 | F46: 25_s1-s4 | G46: 0.1 | H46: sensitivity(not paper) | I46: 55 | J46: 49 | K46: 55 | L46: 49 | M46: 2 | N46: 6 | O46: 215 | P46: 8 | Q46: 91 | R46: 11 | S46: 8 | T46: 0 | U46: 0 | V46: 0 | W46: 0 | X46: 6 | Y46: 6 | Z46: 0 | AA46: 1 | AB46: 0.97587083 | AC46: 0.16930534 | AD46: 0.17936597 | AE46: 1 | AF46: 1.90999 | AG46: 0.90234511 | AH46: 0.43075052 | AI46: -0.015076386 | AJ46: -0.43086946 | AK46: 0.90239659 | AL46: -0.0056477794 | AM46: 0.011172096 | AN46: 0.011592201 | AO46: 0.99987039 | AP46: 22.850066 | AQ46: 6.517812 | AR46: 1.5744688
A47: baseline | B47: svd+ransac | C47: 25 | D47: s1-s4 | E47: 0 | F47: 25_s1-s4 | G47: 0.1 | H47: sensitivity(not paper) | I47: 55 | J47: 49 | K47: 55 | L47: 49 | M47: 2 | N47: 6 | O47: 215 | P47: 8 | Q47: 91 | R47: 11 | S47: 8 | T47: 0 | U47: 0 | V47: 0 | W47: 0 | X47: 6 | Y47: 6 | Z47: 6 | AA47: 1 | AB47: 0.97587083 | AC47: 0.16930534 | AD47: 0.17936597 | AE47: 1 | AF47: 4.022284 | AG47: 0.90234511 | AH47: 0.43075052 | AI47: -0.015076386 | AJ47: -0.43086946 | AK47: 0.90239659 | AL47: -0.0056477794 | AM47: 0.011172096 | AN47: 0.011592201 | AO47: 0.99987039 | AP47: 22.850066 | AQ47: 6.517812 | AR47: 1.5744688
A48: baseline | B48: svd | C48: 25 | D48: s1-s5 | E48: 0 | F48: 25_s1-s5 | G48: 0.1 | H48: sensitivity(not paper) | I48: 55 | J48: 79 | K48: 55 | L48: 79 | M48: 5 | N48: 16 | O48: 368 | P48: 8 | Q48: 68 | R48: 8 | S48: 6 | T48: 0 | U48: 0 | V48: 0 | W48: 0 | X48: 3 | Y48: 3 | Z48: 0 | AA48: 1 | AB48: 0.82073889 | AC48: 0.22777262 | AD48: 0.23446144 | AE48: 1 | AF48: 3.295574 | AG48: 0.22913492 | AH48: -0.97332609 | AI48: -0.011554586 | AJ48: 0.97339385 | AK48: 0.22910316 | AL48: 0.0040192853 | AM48: -0.001264883 | AN48: -0.012168122 | AO48: 0.99992517 | AP48: -16.485683 | AQ48: 20.619609 | AR48: 0.78805732
A49: baseline | B49: svd+ransac | C49: 25 | D49: s1-s5 | E49: 0 | F49: 25_s1-s5 | G49: 0.1 | H49: sensitivity(not paper) | I49: 55 | J49: 79 | K49: 55 | L49: 79 | M49: 5 | N49: 16 | O49: 368 | P49: 8 | Q49: 68 | R49: 8 | S49: 6 | T49: 0 | U49: 0 | V49: 0 | W49: 0 | X49: 3 | Y49: 3 | Z49: 3 | AA49: 1 | AB49: 0.82073889 | AC49: 0.22777262 | AD49: 0.23446144 | AE49: 1 | AF49: 3.570587 | AG49: 0.22913492 | AH49: -0.97332609 | AI49: -0.011554586 | AJ49: 0.97339385 | AK49: 0.22910316 | AL49: 0.0040192853 | AM49: -0.001264883 | AN49: -0.012168122 | AO49: 0.99992517 | AP49: -16.485683 | AQ49: 20.619609 | AR49: 0.78805732
A50: baseline | B50: svd | C50: 25 | D50: s1-s6 | E50: 0 | F50: 25_s1-s6 | G50: 0.1 | H50: sensitivity(not paper) | I50: 55 | J50: 84 | K50: 55 | L50: 84 | M50: 6 | N50: 10 | O50: 346 | P50: 5 | Q50: 28 | R50: 8 | S50: 2 | T50: 1 | U50: 8 | V50: 8 | W50: 39 | X50: 8 | Y50: 8 | Z50: 0 | AA50: 1 | AB50: 1.0823551 | AC50: 0.10789361 | AD50: 0.12766592 | AE50: 1 | AF50: 3.897009 | AG50: 0.98895925 | AH50: 0.14732898 | AI50: -0.015930111 | AJ50: -0.14724344 | AK50: 0.98907943 | AL50: 0.0064218635 | AM50: 0.016702272 | AN50: -0.0040053569 | AO50: 0.99985248 | AP50: 25.147462 | AQ50: 19.821548 | AR50: 2.1953232
A51: baseline | B51: svd+ransac | C51: 25 | D51: s1-s6 | E51: 0 | F51: 25_s1-s6 | G51: 0.1 | H51: sensitivity(not paper) | I51: 55 | J51: 84 | K51: 55 | L51: 84 | M51: 6 | N51: 10 | O51: 346 | P51: 5 | Q51: 28 | R51: 8 | S51: 2 | T51: 1 | U51: 8 | V51: 8 | W51: 39 | X51: 8 | Y51: 8 | Z51: 8 | AA51: 1 | AB51: 1.0823551 | AC51: 0.10789361 | AD51: 0.12766592 | AE51: 1 | AF51: 4.768234 | AG51: 0.98895925 | AH51: 0.14732898 | AI51: -0.015930111 | AJ51: -0.14724344 | AK51: 0.98907943 | AL51: 0.0064218635 | AM51: 0.016702272 | AN51: -0.0040053569 | AO51: 0.99985248 | AP51: 25.147462 | AQ51: 19.821548 | AR51: 2.1953232
A52: baseline | B52: svd | C52: 26 | D52: s1-s2 | E52: 1 | F52: 26_s1-s2 | G52: 0.1 | H52: sensitivity(not paper) | I52: 56 | J52: 58 | K52: 56 | L52: 58 | M52: 3 | N52: 11 | O52: 357 | P52: 11 | Q52: 128 | R52: 28 | S52: 10 | T52: 0 | U52: 0 | V52: 0 | W52: 0 | X52: 8 | Y52: 8 | Z52: 0 | AA52: 1 | AB52: 0.2648463 | AC52: 0.070365775 | AD52: 0.071491575 | AE52: 1 | AF52: 2.886718 | AG52: -0.71796726 | AH52: -0.69605887 | AI52: 0.0050073015 | AJ52: 0.69605137 | AK52: -0.71798395 | AL52: -0.0033964918 | AM52: 0.0059593204 | AN52: 0.0010467692 | AO52: 0.9999817 | AP52: -11.086556 | AQ52: -0.86211678 | AR52: 0.60918647
A53: baseline | B53: svd+ransac | C53: 26 | D53: s1-s2 | E53: 1 | F53: 26_s1-s2 | G53: 0.1 | H53: sensitivity(not paper) | I53: 56 | J53: 58 | K53: 56 | L53: 58 | M53: 3 | N53: 11 | O53: 357 | P53: 11 | Q53: 128 | R53: 28 | S53: 10 | T53: 0 | U53: 0 | V53: 0 | W53: 0 | X53: 8 | Y53: 8 | Z53: 8 | AA53: 1 | AB53: 0.2648463 | AC53: 0.070365775 | AD53: 0.071491575 | AE53: 1 | AF53: 3.658351 | AG53: -0.71796726 | AH53: -0.69605887 | AI53: 0.0050073015 | AJ53: 0.69605137 | AK53: -0.71798395 | AL53: -0.0033964918 | AM53: 0.0059593204 | AN53: 0.0010467692 | AO53: 0.9999817 | AP53: -11.086556 | AQ53: -0.86211678 | AR53: 0.60918647
... A57: baseline | B57: svd+ransac | C57: 26 | D57: s1-s4 | E57: 0 | F57: 26_s1-s4 | G57: 0.1 | H57: sensitivity(not paper) | I57: 56 | J57: 55 | K57: 56 | L57: 55 | M57: 3 | N57: 6 | O57: 249 | P57: 10 | Q57: 94 | R57: 14 | S57: 8 | T57: 0 | U57: 0 | V57: 0 | W57: 0 | X57: 5 | Y57: 5 | Z57: 5 | AA57: 1 | AB57: 0.97549271 | AC57: 0.16734878 | AD57: 0.17785919 | AE57: 1 | AF57: 2.881652 | AG57: 0.90200454 | AH57: 0.43146572 | AI57: -0.015004758 | AJ57: -0.43158698 | AK57: 0.90205183 | AL57: -0.0059300552 | AM57: 0.010976454 | AN57: 0.011824795 | AO57: 0.99986984 | AP57: 22.854385 | AQ57: 6.5201307 | AR57: 1.5732933
A58: baseline | B58: svd | C58: 26 | D58: s1-s5 | E58: 0 | F58: 26_s1-s5 | G58: 0.1 | H58: sensitivity(not paper) | I58: 56 | J58: 82 | K58: 56 | L58: 82 | M58: 7 | N58: 14 | O58: 395 | P58: 7 | Q58: 65 | R58: 15 | S58: 5 | T58: 0 | U58: 0 | V58: 0 | W58: 0 | X58: 2 | Y58: 2 | Z58: 0 | AA58: 0 | AE58: 0 | AF58: 3.877492 | AG58: 1 | AH58: 0 | AI58: 0 | AJ58: 0 | AK58: 1 | AL58: 0 | AM58: 0 | AN58: 0 | AO58: 1 | AP58: 0 | AQ58: 0 | AR58: 0
A59: baseline | B59: svd+ransac | C59: 26 | D59: s1-s5 | E59: 0 | F59: 26_s1-s5 | G59: 0.1 | H59: sensitivity(not paper) | I59: 56 | J59: 82 | K59: 56 | L59: 82 | M59: 7 | N59: 14 | O59: 395 | P59: 7 | Q59: 65 | R59: 15 | S59: 5 | T59: 0 | U59: 0 | V59: 0 | W59: 0 | X59: 2 | Y59: 2 | Z59: 0 | AA59: 0 | AE59: 0 | AF59: 3.87737 | AG59: 1 | AH59: 0 | AI59: 0 | AJ59: 0 | AK59: 1 | AL59: 0 | AM59: 0 | AN59: 0 | AO59: 1 | AP59: 0 | AQ59: 0 | AR59: 0
A60: baseline | B60: svd | C60: 26 | D60: s1-s6 | E60: 0 | F60: 26_s1-s6 | G60: 0.1 | H60: sensitivity(not paper) | I60: 56 | J60: 90 | K60: 56 | L60: 90 | M60: 6 | N60: 13 | O60: 444 | P60: 8 | Q60: 43 | R60: 3 | S60: 4 | T60: 0 | U60: 0 | V60: 0 | W60: 0 | X60: 1 | Y60: 1 | Z60: 0 | AA60: 0 | AE60: 0 | AF60: 4.248546 | AG60: 1 | AH60: 0 | AI60: 0 | AJ60: 0 | AK60: 1 | AL60: 0 | AM60: 0 | AN60: 0 | AO60: 1 | AP60: 0 | AQ60: 0 | AR60: 0
A61: baseline | B61: svd+ransac | C61: 26 | D61: s1-s6 | E61: 0 | F61: 26_s1-s6 | G61: 0.1 | H61: sensitivity(not paper) | I61: 56 | J61: 90 | K61: 56 | L61: 90 | M61: 6 | N61: 13 | O61: 444 | P61: 8 | Q61: 43 | R61: 3 | S61: 4 | T61: 0 | U61: 0 | V61: 0 | W61: 0 | X61: 1 | Y61: 1 | Z61: 0 | AA61: 0 | AE61: 0 | AF61: 4.248387 | AG61: 1 | AH61: 0 | AI61: 0 | AJ61: 0 | AK61: 1 | AL61: 0 | AM61: 0 | AN61: 0 | AO61: 1 | AP61: 0 | AQ61: 0 | AR61: 0
A62: baseline | B62: svd | C62: 27 | D62: s1-s2 | E62: 1 | F62: 27_s1-s2 | G62: 0.1 | H62: sensitivity(not paper) | I62: 57 | J62: 57 | K62: 57 | L62: 57 | M62: 3 | N62: 11 | O62: 313 | P62: 12 | Q62: 81 | R62: 31 | S62: 5 | T62: 0 | U62: 0 | V62: 0 | W62: 0 | X62: 8 | Y62: 8 | Z62: 0 | AA62: 1 | AB62: 0.39328869 | AC62: 0.068354714 | AD62: 0.072332999 | AE62: 1 | AF62: 2.273716 | AG62: -0.71847537 | AH62: -0.69552047 | AI62: 0.0066651711 | AJ62: 0.69550013 | AK62: -0.71850587 | AL62: -0.0053749171 | AM62: 0.0085273294 | AN62: 0.0007738818 | AO62: 0.99996334 | AP62: -11.075687 | AQ62: -0.8616102 | AR62: 0.60338283
A63: baseline | B63: svd+ransac | C63: 27 | D63: s1-s2 | E63: 1 | F63: 27_s1-s2 | G63: 0.1 | H63: sensitivity(not paper) | I63: 57 | J63: 57 | K63: 57 | L63: 57 | M63: 3 | N63: 11 | O63: 313 | P63: 12 | Q63: 81 | R63: 31 | S63: 5 | T63: 0 | U63: 0 | V63: 0 | W63: 0 | X63: 8 | Y63: 8 | Z63: 8 | AA63: 1 | AB63: 0.39328869 | AC63: 0.068354714 | AD63: 0.072332999 | AE63: 1 | AF63: 3.167803 | AG63: -0.71847537 | AH63: -0.69552047 | AI63: 0.0066651711 | AJ63: 0.69550013 | AK63: -0.71850587 | AL63: -0.0053749171 | AM63: 0.0085273294 | AN63: 0.0007738818 | AO63: 0.99996334 | AP63: -11.075687 | AQ63: -0.8616102 | AR63: 0.60338283
A64: baseline | B64: svd | C64: 27 | D64: s1-s3 | E64: 1 | F64: 27_s1-s3 | G64: 0.1 | H64: sensitivity(not paper) | I64: 57 | J64: 45 | K64: 57 | L64: 45 | M64: 6 | N64: 5 | O64: 220 | P64: 10 | Q64: 126 | R64: 26 | S64: 10 | T64: 0 | U64: 0 | V64: 0 | W64: 0 | X64: 9 | Y64: 9 | Z64: 0 | AA64: 1 | AB64: 0.67657302 | AC64: 0.041397348 | AD64: 0.054955523 | AE64: 1 | AF64: 2.529014 | AG64: 0.93391417 | AH64: 0.35740412 | AI64: -0.0081619789 | AJ64: -0.35736681 | AK64: 0.93394675 | AL64: 0.0056948008 | AM64: 0.009658199 | AN64: -0.0024016348 | AO64: 0.99995047 | AP64: 8.3855658 | AQ64: 1.3898943 | AR64: 0.68654382
A65: baseline | B65: svd+ransac | C65: 27 | D65: s1-s3 | E65: 1 | F65: 27_s1-s3 | G65: 0.1 | H65: sensitivity(not paper) | I65: 57 | J65: 45 | K65: 57 | L65: 45 | M65: 6 | N65: 5 | O65: 220 | P65: 10 | Q65: 126 | R65: 26 | S65: 10 | T65: 0 | U65: 0 | V65: 0 | W65: 0 | X65: 9 | Y65: 9 | Z65: 9 | AA65: 1 | AB65: 0.67657302 | AC65: 0.041397348 | AD65: 0.054955523 | AE65: 1 | AF65: 3.606169 | AG65: 0.93391417 | AH65: 0.35740412 | AI65: -0.0081619789 | AJ65: -0.35736681 | AK65: 0.93394675 | AL65: 0.0056948008 | AM65: 0.009658199 | AN65: -0.0024016348 | AO65: 0.99995047 | AP65: 8.3855658 | AQ65: 1.3898943 | AR65: 0.68654382
A66: baseline | B66: svd | C66: 27 | D66: s1-s4 | E66: 0 | F66: 27_s1-s4 | G66: 0.1 | H66: sensitivity(not paper) | I66: 57 | J66: 55 | K66: 57 | L66: 55 | M66: 5 | N66: 5 | O66: 258 | P66: 9 | Q66: 71 | R66: 11 | S66: 6 | T66: 0 | U66: 0 | V66: 0 | W66: 0 | X66: 4 | Y66: 4 | Z66: 0 | AA66: 1 | AB66: 0.42235633 | AC66: 0.09296516 | AD66: 0.097783752 | AE66: 1 | AF66: 2.818087 | AG66: 0.90030121 | AH66: 0.43526044 | AI66: -0.0024663067 | AJ66: -0.43526727 | AK66: 0.90028171 | AL66: -0.0059374001 | AM66: -0.00036394457 | AN66: 0.0064189511 | AO66: 0.99997933 | AP66: 22.918373 | AQ66: 6.4649075 | AR66: 1.4731115
A67: baseline | B67: svd+ransac | C67: 27 | D67: s1-s4 | E67: 0 | F67: 27_s1-s4 | G67: 0.1 | H67: sensitivity(not paper) | I67: 57 | J67: 55 | K67: 57 | L67: 55 | M67: 5 | N67: 5 | O67: 258 | P67: 9 | Q67: 71 | R67: 11 | S67: 6 | T67: 0 | U67: 0 | V67: 0 | W67: 0 | X67: 4 | Y67: 4 | Z67: 4 | AA67: 1 | AB67: 0.42235633 | AC67: 0.09296516 | AD67: 0.097783752 | AE67: 1 | AF67: 3.289068 | AG67: 0.90030121 | AH67: 0.43526044 | AI67: -0.0024663067 | AJ67: -0.43526727 | AK67: 0.90028171 | AL67: -0.0059374001 | AM67: -0.00036394457 | AN67: 0.0064189511 | AO67: 0.99997933 | AP67: 22.918373 | AQ67: 6.4649075 | AR67: 1.4731115
A68: baseline | B68: svd | C68: 27 | D68: s1-s5 | E68: 0 | F68: 27_s1-s5 | G68: 0.1 | H68: sensitivity(not paper) | I68: 57 | J68: 81 | K68: 57 | L68: 81 | M68: 7 | N68: 15 | O68: 405 | P68: 12 | Q68: 30 | R68: 10 | S68: 2 | T68: 1 | U68: 10 | V68: 10 | W68: 50 | X68: 10 | Y68: 10 | Z68: 0 | AA68: 1 | AB68: 0.82345961 | AC68: 0.093946346 | AD68: 0.10771451 | AE68: 1 | AF68: 5.42505 | AG68: 0.22568043 | AH68: -0.97419762 | AI68: -0.0027082162 | AJ68: 0.97407545 | AK68: 0.22569508 | AL68: -0.015451503 | AM68: 0.015664049 | AN68: 0.00084909497 | AO68: 0.99987695 | AP68: -16.489621 | AQ68: 20.517368 | AR68: 1.0896352
A69: baseline | B69: svd+ransac | C69: 27 | D69: s1-s5 | E69: 0 | F69: 27_s1-s5 | G69: 0.1 | H69: sensitivity(not paper) | I69: 57 | J69: 81 | K69: 57 | L69: 81 | M69: 7 | N69: 15 | O69: 405 | P69: 12 | Q69: 30 | R69: 10 | S69: 2 | T69: 1 | U69: 10 | V69: 10 | W69: 50 | X69: 10 | Y69: 10 | Z69: 10 | AA69: 1 | AB69: 0.82345961 | AC69: 0.093946346 | AD69: 0.10771451 | AE69: 1 | AF69: 6.33167 | AG69: 0.22568043 | AH69: -0.97419762 | AI69: -0.0027082162 | AJ69: 0.97407545 | AK69: 0.22569508 | AL69: -0.015451503 | AM69: 0.015664049 | AN69: 0.00084909497 | AO69: 0.99987695 | AP69: -16.489621 | AQ69: 20.517368 | AR69: 1.0896352
A70: baseline | B70: svd | C70: 27 | D70: s1-s6 | E70: 0 | F70: 27_s1-s6 | G70: 0.1 | H70: sensitivity(not paper) | I70: 57 | J70: 87 | K70: 57 | L70: 87 | M70: 5 | N70: 10 | O70: 373 | P70: 4 | Q70: 9 | R70: 9 | S70: 0 | T70: 1 | U70: 9 | V70: 9 | W70: 51 | X70: 9 | Y70: 9 | Z70: 0 | AA70: 1 | AB70: 1.1309308 | AC70: 0.11555773 | AD70: 0.13647828 | AE70: 1 | AF70: 5.150508 | AG70: 0.98893841 | AH70: 0.1473676 | AI70: -0.016840505 | AJ70: -0.14727783 | AK70: 0.98907407 | AL70: 0.0064587334 | AM70: 0.017608315 | AN70: -0.0039070565 | AO70: 0.99983733 | AP70: 25.136295 | AQ70: 19.799606 | AR70: 2.1992084
A71: baseline | B71: svd+ransac | C71: 27 | D71: s1-s6 | E71: 0 | F71: 27_s1-s6 | G71: 0.1 | H71: sensitivity(not paper) | I71: 57 | J71: 87 | K71: 57 | L71: 87 | M71: 5 | N71: 10 | O71: 373 | P71: 4 | Q71: 9 | R71: 9 | S71: 0 | T71: 1 | U71: 9 | V71: 9 | W71: 51 | X71: 9 | Y71: 9 | Z71: 9 | AA71: 1 | AB71: 1.1309308 | AC71: 0.11555773 | AD71: 0.13647828 | AE71: 1 | AF71: 6.142946 | AG71: 0.98893841 | AH71: 0.1473676 | AI71: -0.016840505 | AJ71: -0.14727783 | AK71: 0.98907407 | AL71: 0.0064587334 | AM71: 0.017608315 | AN71: -0.0039070565 | AO71: 0.99983733 | AP71: 25.136295 | AQ71: 19.799606 | AR71: 2.1992084
A72: baseline | B72: svd | C72: 28 | D72: s1-s2 | E72: 1 | F72: 28_s1-s2 | G72: 0.1 | H72: sensitivity(not paper) | I72: 61 | J72: 63 | K72: 61 | L72: 63 | M72: 2 | N72: 10 | O72: 417 | P72: 14 | Q72: 68 | R72: 28 | S72: 4 | T72: 0 | U72: 0 | V72: 0 | W72: 0 | X72: 5 | Y72: 5 | Z72: 0 | AA72: 1 | AB72: 0.12362424 | AC72: 0.01647733 | AD72: 0.019967982 | AE72: 1 | AF72: 2.944671 | AG72: -0.71744222 | AH72: -0.69661771 | AI72: -0.00065415512 | AJ72: 0.69661759 | AK72: -0.71744042 | AL72: -0.0017794709 | AM72: 0.00077029365 | AN72: -0.0017323635 | AO72: 0.9999982 | AP72: -11.095348 | AQ72: -0.85933153 | AR72: 0.5385294
A73: baseline | B73: svd+ransac | C73: 28 | D73: s1-s2 | E73: 1 | F73: 28_s1-s2 | G73: 0.1 | H73: sensitivity(not paper) | I73: 61 | J73: 63 | K73: 61 | L73: 63 | M73: 2 | N73: 10 | O73: 417 | P73: 14 | Q73: 68 | R73: 28 | S73: 4 | T73: 0 | U73: 0 | V73: 0 | W73: 0 | X73: 5 | Y73: 5 | Z73: 5 | AA73: 1 | AB73: 0.12362424 | AC73: 0.01647733 | AD73: 0.019967982 | AE73: 1 | AF73: 3.435728 | AG73: -0.71744222 | AH73: -0.69661771 | AI73: -0.00065415512 | AJ73: 0.69661759 | AK73: -0.71744042 | AL73: -0.0017794709 | AM73: 0.00077029365 | AN73: -0.0017323635 | AO73: 0.9999982 | AP73: -11.095348 | AQ73: -0.85933153 | AR73: 0.5385294
... A77: baseline | B77: svd+ransac | C77: 28 | D77: s1-s4 | E77: 0 | F77: 28_s1-s4 | G77: 0.1 | H77: sensitivity(not paper) | I77: 61 | J77: 55 | K77: 61 | L77: 55 | M77: 0 | N77: 8 | O77: 301 | P77: 10 | Q77: 70 | R77: 10 | S77: 6 | T77: 0 | U77: 0 | V77: 0 | W77: 0 | X77: 6 | Y77: 6 | Z77: 6 | AA77: 1 | AB77: 0.76145648 | AC77: 0.13337434 | AD77: 0.14139764 | AE77: 1 | AF77: 4.09119 | AG77: 0.90190964 | AH77: 0.43179647 | AI77: -0.010526419 | AJ77: -0.43187761 | AK77: 0.90190342 | AL77: -0.0072075244 | AM77: 0.0063816297 | AN77: 0.01104666 | AO77: 0.99991862 | AP77: 22.853042 | AQ77: 6.5162078 | AR77: 1.5383275
A78: baseline | B78: svd | C78: 28 | D78: s1-s5 | E78: 0 | F78: 28_s1-s5 | G78: 0.1 | H78: sensitivity(not paper) | I78: 61 | J78: 88 | K78: 61 | L78: 88 | M78: 5 | N78: 14 | O78: 563 | P78: 12 | Q78: 52 | R78: 12 | S78: 4 | T78: 0 | U78: 0 | V78: 0 | W78: 0 | X78: 2 | Y78: 2 | Z78: 0 | AA78: 0 | AE78: 0 | AF78: 4.489361 | AG78: 1 | AH78: 0 | AI78: 0 | AJ78: 0 | AK78: 1 | AL78: 0 | AM78: 0 | AN78: 0 | AO78: 1 | AP78: 0 | AQ78: 0 | AR78: 0
A79: baseline | B79: svd+ransac | C79: 28 | D79: s1-s5 | E79: 0 | F79: 28_s1-s5 | G79: 0.1 | H79: sensitivity(not paper) | I79: 61 | J79: 88 | K79: 61 | L79: 88 | M79: 5 | N79: 14 | O79: 563 | P79: 12 | Q79: 52 | R79: 12 | S79: 4 | T79: 0 | U79: 0 | V79: 0 | W79: 0 | X79: 2 | Y79: 2 | Z79: 0 | AA79: 0 | AE79: 0 | AF79: 4.48898 | AG79: 1 | AH79: 0 | AI79: 0 | AJ79: 0 | AK79: 1 | AL79: 0 | AM79: 0 | AN79: 0 | AO79: 1 | AP79: 0 | AQ79: 0 | AR79: 0
A80: baseline | B80: svd | C80: 28 | D80: s1-s6 | E80: 0 | F80: 28_s1-s6 | G80: 0.1 | H80: sensitivity(not paper) | I80: 61 | J80: 89 | K80: 61 | L80: 89 | M80: 3 | N80: 14 | O80: 449 | P80: 6 | Q80: 27 | R80: 7 | S80: 2 | T80: 1 | U80: 7 | V80: 7 | W80: 21 | X80: 7 | Y80: 7 | Z80: 0 | AA80: 1 | AB80: 1.204559 | AC80: 0.050859556 | AD80: 0.09680275 | AE80: 1 | AF80: 3.933199 | AG80: 0.9887392 | AH80: 0.1488306 | AI80: -0.015628093 | AJ80: -0.14866976 | AK80: 0.98882572 | AL80: 0.010999741 | AM80: 0.017090559 | AN80: -0.0085524501 | AO80: 0.99981737 | AP80: 25.162687 | AQ80: 19.815756 | AR80: 2.138949
A81: baseline | B81: svd+ransac | C81: 28 | D81: s1-s6 | E81: 0 | F81: 28_s1-s6 | G81: 0.1 | H81: sensitivity(not paper) | I81: 61 | J81: 89 | K81: 61 | L81: 89 | M81: 3 | N81: 14 | O81: 449 | P81: 6 | Q81: 27 | R81: 7 | S81: 2 | T81: 1 | U81: 7 | V81: 7 | W81: 21 | X81: 7 | Y81: 7 | Z81: 6 | AA81: 1 | AB81: 0.4846328 | AC81: 0.12742894 | AD81: 0.12951952 | AE81: 1 | AF81: 4.775085 | AG81: 0.9891685 | AH81: 0.14662426 | AI81: -0.0068565359 | AJ81: -0.14665178 | AK81: 0.98918127 | AL81: -0.0036974556 | AM81: 0.0062402202 | AN81: 0.0046629298 | AO81: 0.99996966 | AP81: 25.144326 | AQ81: 19.822468 | AR81: 2.2146036
A82: baseline | B82: svd | C82: 29 | D82: s1-s2 | E82: 1 | F82: 29_s1-s2 | G82: 0.1 | H82: sensitivity(not paper) | I82: 56 | J82: 58 | K82: 56 | L82: 58 | M82: 4 | N82: 10 | O82: 291 | P82: 9 | Q82: 104 | R82: 34 | S82: 7 | T82: 0 | U82: 0 | V82: 0 | W82: 0 | X82: 9 | Y82: 9 | Z82: 0 | AA82: 1 | AB82: 0.36344641 | AC82: 0.068574885 | AD82: 0.071490566 | AE82: 1 | AF82: 2.497297 | AG82: -0.71852179 | AH82: -0.69547733 | AI82: 0.006140752 | AJ82: 0.69545776 | AK82: -0.71854786 | AL82: -0.0052423637 | AM82: 0.0080583693 | AN82: 0.00050388099 | AO82: 0.9999674 | AP82: -11.075997 | AQ82: -0.86811761 | AR82: 0.60470481
A83: baseline | B83: svd+ransac | C83: 29 | D83: s1-s2 | E83: 1 | F83: 29_s1-s2 | G83: 0.1 | H83: sensitivity(not paper) | I83: 56 | J83: 58 | K83: 56 | L83: 58 | M83: 4 | N83: 10 | O83: 291 | P83: 9 | Q83: 104 | R83: 34 | S83: 7 | T83: 0 | U83: 0 | V83: 0 | W83: 0 | X83: 9 | Y83: 9 | Z83: 9 | AA83: 1 | AB83: 0.36344641 | AC83: 0.068574885 | AD83: 0.071490566 | AE83: 1 | AF83: 3.470155 | AG83: -0.71852179 | AH83: -0.69547733 | AI83: 0.006140752 | AJ83: 0.69545776 | AK83: -0.71854786 | AL83: -0.0052423637 | AM83: 0.0080583693 | AN83: 0.00050388099 | AO83: 0.9999674 | AP83: -11.075997 | AQ83: -0.86811761 | AR83: 0.60470481
A84: baseline | B84: svd | C84: 29 | D84: s1-s3 | E84: 1 | F84: 29_s1-s3 | G84: 0.1 | H84: sensitivity(not paper) | I84: 56 | J84: 53 | K84: 56 | L84: 53 | M84: 5 | N84: 8 | O84: 294 | P84: 11 | Q84: 146 | R84: 26 | S84: 12 | T84: 0 | U84: 0 | V84: 0 | W84: 0 | X84: 10 | Y84: 10 | Z84: 0 | AA84: 1 | AB84: 0.64445023 | AC84: 0.028589827 | AD84: 0.045481163 | AE84: 1 | AF84: 2.360381 | AG84: 0.93407284 | AH84: 0.35700941 | AI84: -0.0072251772 | AJ84: -0.35697232 | AK84: 0.93409606 | AL84: 0.00594292 | AM84: 0.008870688 | AN84: -0.0029719319 | AO84: 0.99995624 | AP84: 8.3912836 | AQ84: 1.376993 | AR84: 0.68163829
A85: baseline | B85: svd+ransac | C85: 29 | D85: s1-s3 | E85: 1 | F85: 29_s1-s3 | G85: 0.1 | H85: sensitivity(not paper) | I85: 56 | J85: 53 | K85: 56 | L85: 53 | M85: 5 | N85: 8 | O85: 294 | P85: 11 | Q85: 146 | R85: 26 | S85: 12 | T85: 0 | U85: 0 | V85: 0 | W85: 0 | X85: 10 | Y85: 10 | Z85: 10 | AA85: 1 | AB85: 0.64445023 | AC85: 0.028589827 | AD85: 0.045481163 | AE85: 1 | AF85: 3.533888 | AG85: 0.93407284 | AH85: 0.35700941 | AI85: -0.0072251772 | AJ85: -0.35697232 | AK85: 0.93409606 | AL85: 0.00594292 | AM85: 0.008870688 | AN85: -0.0029719319 | AO85: 0.99995624 | AP85: 8.3912836 | AQ85: 1.376993 | AR85: 0.68163829
A86: baseline | B86: svd | C86: 29 | D86: s1-s4 | E86: 0 | F86: 29_s1-s4 | G86: 0.1 | H86: sensitivity(not paper) | I86: 56 | J86: 52 | K86: 56 | L86: 52 | M86: 6 | N86: 7 | O86: 202 | P86: 10 | Q86: 83 | R86: 13 | S86: 7 | T86: 0 | U86: 0 | V86: 0 | W86: 0 | X86: 6 | Y86: 6 | Z86: 0 | AA86: 1 | AB86: 0.96078772 | AC86: 0.16719654 | AD86: 0.17759334 | AE86: 1 | AF86: 2.593224 | AG86: 0.90184728 | AH86: 0.43180923 | AI86: -0.014569466 | AJ86: -0.43193096 | AK86: 0.90188353 | AL86: -0.0064607976 | AM86: 0.01035013 | AN86: 0.012119656 | AO86: 0.99987299 | AP86: 22.853397 | AQ86: 6.524303 | AR86: 1.5729369
A87: baseline | B87: svd+ransac | C87: 29 | D87: s1-s4 | E87: 0 | F87: 29_s1-s4 | G87: 0.1 | H87: sensitivity(not paper) | I87: 56 | J87: 52 | K87: 56 | L87: 52 | M87: 6 | N87: 7 | O87: 202 | P87: 10 | Q87: 83 | R87: 13 | S87: 7 | T87: 0 | U87: 0 | V87: 0 | W87: 0 | X87: 6 | Y87: 6 | Z87: 6 | AA87: 1 | AB87: 0.96078772 | AC87: 0.16719654 | AD87: 0.17759334 | AE87: 1 | AF87: 3.488007 | AG87: 0.90184728 | AH87: 0.43180923 | AI87: -0.014569466 | AJ87: -0.43193096 | AK87: 0.90188353 | AL87: -0.0064607976 | AM87: 0.01035013 | AN87: 0.012119656 | AO87: 0.99987299 | AP87: 22.853397 | AQ87: 6.524303 | AR87: 1.5729369
A88: baseline | B88: svd | C88: 29 | D88: s1-s5 | E88: 0 | F88: 29_s1-s5 | G88: 0.1 | H88: sensitivity(not paper) | I88: 56 | J88: 86 | K88: 56 | L88: 86 | M88: 6 | N88: 13 | O88: 445 | P88: 12 | Q88: 62 | R88: 12 | S88: 5 | T88: 0 | U88: 0 | V88: 0 | W88: 0 | X88: 4 | Y88: 4 | Z88: 0 | AA88: 1 | AB88: 0.71190356 | AC88: 0.20293832 | AD88: 0.20847395 | AE88: 1 | AF88: 3.96589 | AG88: 0.22611814 | AH88: -0.97404295 | AI88: -0.010531488 | AJ88: 0.97409982 | AK88: 0.22610893 | AL88: 0.002072884 | AM88: 0.00036218547 | AN88: -0.010727437 | AO88: 0.99994239 | AP88: -16.509768 | AQ88: 20.523436 | AR88: 0.79826951
A89: baseline | B89: svd+ransac | C89: 29 | D89: s1-s5 | E89: 0 | F89: 29_s1-s5 | G89: 0.1 | H89: sensitivity(not paper) | I89: 56 | J89: 86 | K89: 56 | L89: 86 | M89: 6 | N89: 13 | O89: 445 | P89: 12 | Q89: 62 | R89: 12 | S89: 5 | T89: 0 | U89: 0 | V89: 0 | W89: 0 | X89: 4 | Y89: 4 | Z89: 4 | AA89: 1 | AB89: 0.71190356 | AC89: 0.20293832 | AD89: 0.20847395 | AE89: 1 | AF89: 4.384404 | AG89: 0.22611814 | AH89: -0.97404295 | AI89: -0.010531488 | AJ89: 0.97409982 | AK89: 0.22610893 | AL89: 0.002072884 | AM89: 0.00036218547 | AN89: -0.010727437 | AO89: 0.99994239 | AP89: -16.509768 | AQ89: 20.523436 | AR89: 0.79826951
A90: baseline | B90: svd | C90: 29 | D90: s1-s6 | E90: 0 | F90: 29_s1-s6 | G90: 0.1 | H90: sensitivity(not paper) | I90: 56 | J90: 88 | K90: 56 | L90: 88 | M90: 7 | N90: 5 | O90: 343 | P90: 10 | Q90: 25 | R90: 5 | S90: 2 | T90: 1 | U90: 5 | V90: 5 | W90: 10 | X90: 5 | Y90: 5 | Z90: 0 | AA90: 1 | AB90: 1.3927983 | AC90: 0.092602223 | AD90: 0.12363829 | AE90: 1 | AF90: 3.803462 | AG90: 0.98881876 | AH90: 0.14776918 | AI90: -0.020043028 | AJ90: -0.14758713 | AK90: 0.98899558 | AL90: 0.010284992 | AM90: 0.021342271 | AN90: -0.0072118998 | AO90: 0.99974622 | AP90: 25.129606 | AQ90: 19.842927 | AR90: 2.1723824
A91: baseline | B91: svd+ransac | C91: 29 | D91: s1-s6 | E91: 0 | F91: 29_s1-s6 | G91: 0.1 | H91: sensitivity(not paper) | I91: 56 | J91: 88 | K91: 56 | L91: 88 | M91: 7 | N91: 5 | O91: 343 | P91: 10 | Q91: 25 | R91: 5 | S91: 2 | T91: 1 | U91: 5 | V91: 5 | W91: 10 | X91: 5 | Y91: 5 | Z91: 4 | AA91: 1 | AB91: 1.6493643 | AC91: 0.0647904 | AD91: 0.11472734 | AE91: 1 | AF91: 4.366885 | AG91: 0.988747 | AH91: 0.14756013 | AI91: -0.024604294 | AJ91: -0.14732241 | AK91: 0.98902489 | AL91: 0.011219759 | AM91: 0.025989848 | AN91: -0.0074687395 | AO91: 0.99963431 | AP91: 25.125828 | AQ91: 19.839381 | AR91: 2.1391347
... A99: baseline | B99: svd+ransac | C99: 30 | D99: s1-s5 | E99: 0 | F99: 30_s1-s5 | G99: 0.1 | H99: sensitivity(not paper) | I99: 55 | J99: 81 | K99: 55 | L99: 81 | M99: 7 | N99: 9 | O99: 439 | P99: 11 | Q99: 70 | R99: 10 | S99: 6 | T99: 0 | U99: 0 | V99: 0 | W99: 0 | X99: 3 | Y99: 3 | Z99: 3 | AA99: 1 | AB99: 0.4421311 | AC99: 0.13189895 | AD99: 0.13812342 | AE99: 1 | AF99: 3.132645 | AG99: 0.2326057 | AH99: -0.97256694 | AI99: -0.0028523876 | AJ99: 0.97257089 | AK99: 0.23260668 | AL99: -1.2383734e-05 | AM99: 0.00067552843 | AN99: -0.0027712686 | AO99: 0.99999593 | AP99: -16.429347 | AQ99: 20.621723 | AR99: 0.9326349
A100: baseline | B100: svd | C100: 30 | D100: s1-s6 | E100: 0 | F100: 30_s1-s6 | G100: 0.1 | H100: sensitivity(not paper) | I100: 55 | J100: 88 | K100: 55 | L100: 88 | M100: 5 | N100: 7 | O100: 371 | P100: 8 | Q100: 44 | R100: 4 | S100: 4 | T100: 0 | U100: 0 | V100: 0 | W100: 0 | X100: 1 | Y100: 1 | Z100: 0 | AA100: 0 | AE100: 0 | AF100: 3.272743 | AG100: 1 | AH100: 0 | AI100: 0 | AJ100: 0 | AK100: 1 | AL100: 0 | AM100: 0 | AN100: 0 | AO100: 1 | AP100: 0 | AQ100: 0 | AR100: 0
A101: baseline | B101: svd+ransac | C101: 30 | D101: s1-s6 | E101: 0 | F101: 30_s1-s6 | G101: 0.1 | H101: sensitivity(not paper) | I101: 55 | J101: 88 | K101: 55 | L101: 88 | M101: 5 | N101: 7 | O101: 371 | P101: 8 | Q101: 44 | R101: 4 | S101: 4 | T101: 0 | U101: 0 | V101: 0 | W101: 0 | X101: 1 | Y101: 1 | Z101: 0 | AA101: 0 | AE101: 0 | AF101: 3.272721 | AG101: 1 | AH101: 0 | AI101: 0 | AJ101: 0 | AK101: 1 | AL101: 0 | AM101: 0 | AN101: 0 | AO101: 1 | AP101: 0 | AQ101: 0 | AR101: 0
A102: baseline | B102: svd | C102: 21 | D102: s2-s3 | E102: 1 | F102: 21_s2-s3 | G102: 0.1 | H102: sensitivity(not paper) | I102: 60 | J102: 48 | K102: 60 | L102: 48 | M102: 1 | N102: 9 | O102: 210 | P102: 12 | Q102: 204 | R102: 44 | S102: 16 | T102: 0 | U102: 0 | V102: 0 | W102: 0 | X102: 10 | Y102: 10 | Z102: 0 | AA102: 1 | AB102: 2.3884788 | AC102: 0.089850121 | AD102: 0.16015824 | AE102: 0 | AF102: 2.641572 | AG102: -0.91921203 | AH102: 0.39247361 | AI102: -0.031838647 | AJ102: -0.39318844 | AK102: -0.91923168 | AL102: 0.020395522 | AM102: -0.021262389 | AN102: 0.031266397 | AO102: 0.99928491 | AP102: -1.5200421 | AQ102: -3.7372481 | AR102: 0.13673823
A103: baseline | B103: svd+ransac | C103: 21 | D103: s2-s3 | E103: 1 | F103: 21_s2-s3 | G103: 0.1 | H103: sensitivity(not paper) | I103: 60 | J103: 48 | K103: 60 | L103: 48 | M103: 1 | N103: 9 | O103: 210 | P103: 12 | Q103: 204 | R103: 44 | S103: 16 | T103: 0 | U103: 0 | V103: 0 | W103: 0 | X103: 10 | Y103: 10 | Z103: 9 | AA103: 1 | AB103: 0.078115041 | AC103: 0.02382646 | AD103: 0.025009068 | AE103: 1 | AF103: 3.348308 | AG103: -0.91953874 | AH103: 0.3929963 | AI103: 0.0015531563 | AJ103: -0.39299935 | AK103: -0.9195302 | AL103: -0.0039642305 | AM103: -0.00012975377 | AN103: -0.0042556529 | AO103: 0.99999094 | AP103: -1.4478622 | AQ103: -3.7840974 | AR103: 0.11777739
A104: baseline | B104: svd | C104: 21 | D104: s2-s4 | E104: 1 | F104: 21_s2-s4 | G104: 0.1 | H104: sensitivity(not paper) | I104: 60 | J104: 51 | K104: 60 | L104: 51 | M104: 1 | N104: 9 | O104: 244 | P104: 9 | Q104: 90 | R104: 20 | S104: 7 | T104: 0 | U104: 0 | V104: 0 | W104: 0 | X104: 7 | Y104: 7 | Z104: 0 | AA104: 1 | AB104: 0.36380766 | AC104: 0.010567535 | AD104: 0.030206813 | AE104: 1 | AF104: 3.734441 | AG104: -0.94833521 | AH104: 0.31725764 | AI104: -0.0028122063 | AJ104: -0.31723633 | AK104: -0.94832633 | AL104: -0.0061867154 | AM104: -0.004629672 | AN104: -0.004974946 | AO104: 0.99997691 | AP104: 12.638939 | AQ104: 2.1688992 | AR104: 0.87556319
A105: baseline | B105: svd+ransac | C105: 21 | D105: s2-s4 | E105: 1 | F105: 21_s2-s4 | G105: 0.1 | H105: sensitivity(not paper) | I105: 60 | J105: 51 | K105: 60 | L105: 51 | M105: 1 | N105: 9 | O105: 244 | P105: 9 | Q105: 90 | R105: 20 | S105: 7 | T105: 0 | U105: 0 | V105: 0 | W105: 0 | X105: 7 | Y105: 7 | Z105: 6 | AA105: 1 | AB105: 0.31798547 | AC105: 0.042138027 | AD105: 0.048420822 | AE105: 1 | AF105: 4.633806 | AG105: -0.94836379 | AH105: 0.31717993 | AI105: 0.0017369807 | AJ105: -0.31718298 | AK105: -0.9483265 | AL105: -0.008473498 | AM105: -0.0010403987 | AN105: -0.0085868994 | AO105: 0.99996259 | AP105: 12.646081 | AQ105: 2.1681245 | AR105: 0.91999089
A106: baseline | B106: svd | C106: 21 | D106: s2-s5 | E106: 1 | F106: 21_s2-s5 | G106: 0.1 | H106: sensitivity(not paper) | I106: 60 | J106: 82 | K106: 60 | L106: 82 | M106: 5 | N106: 14 | O106: 548 | P106: 18 | Q106: 52 | R106: 22 | S106: 3 | T106: 0 | U106: 0 | V106: 0 | W106: 0 | X106: 5 | Y106: 5 | Z106: 0 | AA106: 1 | AB106: 0.84786878 | AC106: 0.074947048 | AD106: 0.09476544 | AE106: 1 | AF106: 4.058184 | AG106: 0.51916545 | AH106: 0.85453409 | AI106: 0.015450868 | AJ106: -0.85458419 | AK106: 0.51928793 | AL106: -0.0050903238 | AM106: -0.012373304 | AN106: -0.010561347 | AO106: 0.99986767 | AP106: -10.026127 | AQ106: 11.441097 | AR106: 0.5067473
A107: baseline | B107: svd+ransac | C107: 21 | D107: s2-s5 | E107: 1 | F107: 21_s2-s5 | G107: 0.1 | H107: sensitivity(not paper) | I107: 60 | J107: 82 | K107: 60 | L107: 82 | M107: 5 | N107: 14 | O107: 548 | P107: 18 | Q107: 52 | R107: 22 | S107: 3 | T107: 0 | U107: 0 | V107: 0 | W107: 0 | X107: 5 | Y107: 5 | Z107: 5 | AA107: 1 | AB107: 0.84786878 | AC107: 0.074947048 | AD107: 0.09476544 | AE107: 1 | AF107: 5.133016 | AG107: 0.51916545 | AH107: 0.85453409 | AI107: 0.015450868 | AJ107: -0.85458419 | AK107: 0.51928793 | AL107: -0.0050903238 | AM107: -0.012373304 | AN107: -0.010561347 | AO107: 0.99986767 | AP107: -10.026127 | AQ107: 11.441097 | AR107: 0.5067473
A108: baseline | B108: svd | C108: 21 | D108: s2-s6 | E108: 0 | F108: 21_s2-s6 | G108: 0.1 | H108: sensitivity(not paper) | I108: 60 | J108: 92 | K108: 60 | L108: 92 | M108: 2 | N108: 15 | O108: 489 | P108: 19 | Q108: 135 | R108: 25 | S108: 11 | T108: 0 | U108: 0 | V108: 0 | W108: 0 | X108: 13 | Y108: 13 | Z108: 0 | AA108: 1 | AB108: 1.0760823 | AC108: 0.12073608 | AD108: 0.14104886 | AE108: 1 | AF108: 5.424482 | AG108: -0.81304649 | AH108: 0.58202458 | AI108: -0.014240382 | AJ108: -0.5821331 | AK108: -0.81307893 | AL108: 0.004869995 | AM108: -0.0087440975 | AN108: 0.01224933 | AO108: 0.99988674 | AP108: 16.613345 | AQ108: 12.656327 | AR108: 1.4366248
A109: baseline | B109: svd+ransac | C109: 21 | D109: s2-s6 | E109: 0 | F109: 21_s2-s6 | G109: 0.1 | H109: sensitivity(not paper) | I109: 60 | J109: 92 | K109: 60 | L109: 92 | M109: 2 | N109: 15 | O109: 489 | P109: 19 | Q109: 135 | R109: 25 | S109: 11 | T109: 0 | U109: 0 | V109: 0 | W109: 0 | X109: 13 | Y109: 13 | Z109: 11 | AA109: 1 | AB109: 0.80625857 | AC109: 0.051147423 | AD109: 0.075245075 | AE109: 1 | AF109: 6.503743 | AG109: -0.81311991 | AH109: 0.58200169 | AI109: -0.010489889 | AJ109: -0.58204531 | AK109: -0.8131551 | AL109: 0.0014286225 | AM109: -0.0076984463 | AN109: 0.0072672322 | AO109: 0.99994396 | AP109: 16.637795 | AQ109: 12.646611 | AR109: 1.5026241
A110: baseline | B110: svd | C110: 22 | D110: s2-s3 | E110: 1 | F110: 22_s2-s3 | G110: 0.1 | H110: sensitivity(not paper) | I110: 61 | J110: 47 | K110: 61 | L110: 47 | M110: 4 | N110: 11 | O110: 256 | P110: 13 | Q110: 154 | R110: 24 | S110: 13 | T110: 0 | U110: 0 | V110: 0 | W110: 0 | X110: 12 | Y110: 12 | Z110: 0 | AA110: 1 | AB110: 0.16524746 | AC110: 0.029913042 | AD110: 0.033633155 | AE110: 1 | AF110: 2.161029 | AG110: -0.91927057 | AH110: 0.39362621 | AI110: -0.00016437177 | AJ110: -0.3936237 | AK110: -0.91926605 | AL110: -0.0032108428 | AM110: -0.0014149733 | AN110: -0.0028869326 | AO110: 0.99999483 | AP110: -1.4484872 | AQ110: -3.7841029 | AR110: 0.11039212
A111: baseline | B111: svd+ransac | C111: 22 | D111: s2-s3 | E111: 1 | F111: 22_s2-s3 | G111: 0.1 | H111: sensitivity(not paper) | I111: 61 | J111: 47 | K111: 61 | L111: 47 | M111: 4 | N111: 11 | O111: 256 | P111: 13 | Q111: 154 | R111: 24 | S111: 13 | T111: 0 | U111: 0 | V111: 0 | W111: 0 | X111: 12 | Y111: 12 | Z111: 12 | AA111: 1 | AB111: 0.16524746 | AC111: 0.029913042 | AD111: 0.033633155 | AE111: 1 | AF111: 3.139189 | AG111: -0.91927057 | AH111: 0.39362621 | AI111: -0.00016437177 | AJ111: -0.3936237 | AK111: -0.91926605 | AL111: -0.0032108428 | AM111: -0.0014149733 | AN111: -0.0028869326 | AO111: 0.99999483 | AP111: -1.4484872 | AQ111: -3.7841029 | AR111: 0.11039212
A112: baseline | B112: svd | C112: 22 | D112: s2-s4 | E112: 1 | F112: 22_s2-s4 | G112: 0.1 | H112: sensitivity(not paper) | I112: 61 | J112: 55 | K112: 61 | L112: 55 | M112: 3 | N112: 10 | O112: 241 | P112: 10 | Q112: 85 | R112: 15 | S112: 7 | T112: 0 | U112: 0 | V112: 0 | W112: 0 | X112: 7 | Y112: 7 | Z112: 0 | AA112: 1 | AB112: 0.33857677 | AC112: 0.019609689 | AD112: 0.02877346 | AE112: 1 | AF112: 3.519847 | AG112: -0.94817927 | AH112: 0.31772169 | AI112: -0.0030012305 | AJ112: -0.31770676 | AK112: -0.94817796 | AL112: -0.0045792049 | AM112: -0.0043006134 | AN112: -0.0033883959 | AO112: 0.99998501 | AP112: 12.614198 | AQ112: 2.1723402 | AR112: 0.86970932
A113: baseline | B113: svd+ransac | C113: 22 | D113: s2-s4 | E113: 1 | F113: 22_s2-s4 | G113: 0.1 | H113: sensitivity(not paper) | I113: 61 | J113: 55 | K113: 61 | L113: 55 | M113: 3 | N113: 10 | O113: 241 | P113: 10 | Q113: 85 | R113: 15 | S113: 7 | T113: 0 | U113: 0 | V113: 0 | W113: 0 | X113: 7 | Y113: 7 | Z113: 6 | AA113: 1 | AB113: 0.2846003 | AC113: 0.033402292 | AD113: 0.038685225 | AE113: 1 | AF113: 4.226868 | AG113: -0.94808818 | AH113: 0.31800372 | AI113: 0.0015628107 | AJ113: -0.318006 | AK113: -0.94805662 | AL113: -0.0077998998 | AM113: -0.00099876419 | AN113: -0.007891976 | AO113: 0.99996836 | AP113: 12.625205 | AQ113: 2.1665648 | AR113: 0.91393894
... A301: baseline | B301: svd+ransac | C301: 30 | D301: s5-s6 | E301: 1 | F301: 30_s5-s6 | G301: 0.1 | H301: sensitivity(not paper) | I301: 81 | J301: 88 | K301: 81 | L301: 88 | M301: 6 | N301: 10 | O301: 599 | P301: 23 | Q301: 172 | R301: 32 | S301: 14 | T301: 0 | U301: 0 | V301: 0 | W301: 0 | X301: 10 | Y301: 10 | Z301: 10 | AA301: 1 | AB301: 0.33818879 | AC301: 0.043809446 | AD301: 0.049877594 | AE301: 1 | AF301: 4.847651 | AG301: 0.078917608 | AH301: 0.9968791 | AI301: -0.0020169384 | AJ301: -0.99687789 | AK301: 0.078912024 | AL301: -0.0027123562 | AM301: -0.0025447305 | AN301: 0.0022246939 | AO301: 0.99999429 | AP301: 6.01511 | AQ301: 1.6979065 | AR301: 1.1859023
A302: recovery | B302: svd | C302: 21 | D302: s1-s2 | E302: 1 | F302: 21_s1-s2 | G302: 0.1 | H302: sensitivity(not paper) | I302: 54 | J302: 60 | K302: 54 | L302: 60 | M302: 5 | N302: 9 | O302: 306 | P302: 12 | Q302: 111 | R302: 11 | S302: 10 | T302: 0 | U302: 0 | V302: 0 | W302: 0 | X302: 9 | Y302: 9 | Z302: 0 | AA302: 1 | AB302: 0.24334578 | AC302: 0.046617757 | AD302: 0.048794776 | AE302: 1 | AF302: 2.231498 | AG302: -0.71875906 | AH302: -0.69524307 | AI302: 0.0047421651 | AJ302: 0.69524829 | AK302: -0.7187693 | AL302: -0.00071185772 | AM302: 0.0039034368 | AN302: 0.002785328 | AO302: 0.9999885 | AP302: -11.076481 | AQ302: -0.87976367 | AR302: 0.58003899 | AS302: evidence | AT302: 0 | AU302: 0 | AV302: 0 | AW302: 0
A303: recovery | B303: svd+ransac | C303: 21 | D303: s1-s2 | E303: 1 | F303: 21_s1-s2 | G303: 0.1 | H303: sensitivity(not paper) | I303: 54 | J303: 60 | K303: 54 | L303: 60 | M303: 5 | N303: 9 | O303: 306 | P303: 12 | Q303: 111 | R303: 11 | S303: 10 | T303: 0 | U303: 0 | V303: 0 | W303: 0 | X303: 9 | Y303: 9 | Z303: 9 | AA303: 1 | AB303: 0.24334578 | AC303: 0.046617757 | AD303: 0.048794776 | AE303: 1 | AF303: 2.871912 | AG303: -0.71875906 | AH303: -0.69524307 | AI303: 0.0047421651 | AJ303: 0.69524829 | AK303: -0.7187693 | AL303: -0.00071185772 | AM303: 0.0039034368 | AN303: 0.002785328 | AO303: 0.9999885 | AP303: -11.076481 | AQ303: -0.87976367 | AR303: 0.58003899 | AS303: evidence | AT303: 0 | AU303: 0 | AV303: 0 | AW303: 0
A304: recovery | B304: svd | C304: 21 | D304: s1-s3 | E304: 1 | F304: 21_s1-s3 | G304: 0.1 | H304: sensitivity(not paper) | I304: 54 | J304: 48 | K304: 54 | L304: 48 | M304: 4 | N304: 8 | O304: 199 | P304: 11 | Q304: 155 | R304: 5 | S304: 15 | T304: 0 | U304: 0 | V304: 0 | W304: 0 | X304: 11 | Y304: 11 | Z304: 0 | AA304: 1 | AB304: 0.6488976 | AC304: 0.031643763 | AD304: 0.046881893 | AE304: 1 | AF304: 1.622382 | AG304: 0.9338585 | AH304: 0.35756912 | AI304: -0.0072545448 | AJ304: -0.35753125 | AK304: 0.93388176 | AL304: 0.0060209877 | AM304: 0.0089278063 | AN304: -0.0030290241 | AO304: 0.99995556 | AP304: 8.3919229 | AQ304: 1.3841447 | AR304: 0.68182258 | AS304: evidence | AT304: 0 | AU304: 0 | AV304: 0 | AW304: 0
A305: recovery | B305: svd+ransac | C305: 21 | D305: s1-s3 | E305: 1 | F305: 21_s1-s3 | G305: 0.1 | H305: sensitivity(not paper) | I305: 54 | J305: 48 | K305: 54 | L305: 48 | M305: 4 | N305: 8 | O305: 199 | P305: 11 | Q305: 155 | R305: 5 | S305: 15 | T305: 0 | U305: 0 | V305: 0 | W305: 0 | X305: 11 | Y305: 11 | Z305: 11 | AA305: 1 | AB305: 0.6488976 | AC305: 0.031643763 | AD305: 0.046881893 | AE305: 1 | AF305: 2.546378 | AG305: 0.9338585 | AH305: 0.35756912 | AI305: -0.0072545448 | AJ305: -0.35753125 | AK305: 0.93388176 | AL305: 0.0060209877 | AM305: 0.0089278063 | AN305: -0.0030290241 | AO305: 0.99995556 | AP305: 8.3919229 | AQ305: 1.3841447 | AR305: 0.68182258 | AS305: evidence | AT305: 0 | AU305: 0 | AV305: 0 | AW305: 0
A306: recovery | B306: svd | C306: 21 | D306: s1-s4 | E306: 0 | F306: 21_s1-s4 | G306: 0.1 | H306: sensitivity(not paper) | I306: 54 | J306: 51 | K306: 54 | L306: 51 | M306: 4 | N306: 8 | O306: 221 | P306: 5 | Q306: 59 | R306: 9 | S306: 5 | T306: 0 | U306: 0 | V306: 0 | W306: 0 | X306: 13 | Y306: 13 | Z306: 0 | AA306: 1 | AB306: 0.71760367 | AC306: 0.099908617 | AD306: 0.10802421 | AE306: 1 | AF306: 3.394557 | AG306: 0.9020271 | AH306: 0.43153865 | AI306: -0.011022461 | AJ306: -0.43156178 | AK306: 0.90208333 | AL306: 0.00030879465 | AM306: 0.010076435 | AN306: 0.0044783316 | AO306: 0.9999392 | AP306: 22.84446 | AQ306: 6.515691 | AR306: 1.5005959 | AS306: evidence | AT306: 1 | AU306: 1 | AV306: 352 | AW306: 13 | AX306: 0.069123201
A307: recovery | B307: svd+ransac | C307: 21 | D307: s1-s4 | E307: 0 | F307: 21_s1-s4 | G307: 0.1 | H307: sensitivity(not paper) | I307: 54 | J307: 51 | K307: 54 | L307: 51 | M307: 4 | N307: 8 | O307: 221 | P307: 5 | Q307: 59 | R307: 9 | S307: 5 | T307: 0 | U307: 0 | V307: 0 | W307: 0 | X307: 13 | Y307: 13 | Z307: 13 | AA307: 1 | AB307: 0.71760367 | AC307: 0.099908617 | AD307: 0.10802421 | AE307: 1 | AF307: 4.107589 | AG307: 0.9020271 | AH307: 0.43153865 | AI307: -0.011022461 | AJ307: -0.43156178 | AK307: 0.90208333 | AL307: 0.00030879465 | AM307: 0.010076435 | AN307: 0.0044783316 | AO307: 0.9999392 | AP307: 22.84446 | AQ307: 6.515691 | AR307: 1.5005959 | AS307: evidence | AT307: 1 | AU307: 1 | AV307: 352 | AW307: 13 | AX307: 0.069123201
A308: recovery | B308: svd | C308: 21 | D308: s1-s5 | E308: 0 | F308: 21_s1-s5 | G308: 0.1 | H308: sensitivity(not paper) | I308: 54 | J308: 82 | K308: 54 | L308: 82 | M308: 8 | N308: 13 | O308: 452 | P308: 10 | Q308: 80 | R308: 10 | S308: 7 | T308: 0 | U308: 0 | V308: 0 | W308: 0 | X308: 6 | Y308: 6 | Z308: 0 | AA308: 1 | AB308: 0.62494031 | AC308: 0.11881743 | AD308: 0.12681781 | AE308: 1 | AF308: 3.67486 | AG308: 0.22466187 | AH308: -0.97440097 | AI308: -0.008354243 | AJ308: 0.97440311 | AK308: 0.22471712 | AL308: -0.0063865856 | AM308: 0.0081004367 | AN308: -0.0067055781 | AO308: 0.99994471 | AP308: -16.502891 | AQ308: 20.505421 | AR308: 0.88708549 | AS308: evidence | AT308: 0 | AU308: 0 | AV308: 0 | AW308: 0
A309: recovery | B309: svd+ransac | C309: 21 | D309: s1-s5 | E309: 0 | F309: 21_s1-s5 | G309: 0.1 | H309: sensitivity(not paper) | I309: 54 | J309: 82 | K309: 54 | L309: 82 | M309: 8 | N309: 13 | O309: 452 | P309: 10 | Q309: 80 | R309: 10 | S309: 7 | T309: 0 | U309: 0 | V309: 0 | W309: 0 | X309: 6 | Y309: 6 | Z309: 6 | AA309: 1 | AB309: 0.62494031 | AC309: 0.11881743 | AD309: 0.12681781 | AE309: 1 | AF309: 4.115951 | AG309: 0.22466187 | AH309: -0.97440097 | AI309: -0.008354243 | AJ309: 0.97440311 | AK309: 0.22471712 | AL309: -0.0063865856 | AM309: 0.0081004367 | AN309: -0.0067055781 | AO309: 0.99994471 | AP309: -16.502891 | AQ309: 20.505421 | AR309: 0.88708549 | AS309: evidence | AT309: 0 | AU309: 0 | AV309: 0 | AW309: 0
A310: recovery | B310: svd | C310: 21 | D310: s1-s6 | E310: 0 | F310: 21_s1-s6 | G310: 0.1 | H310: sensitivity(not paper) | I310: 54 | J310: 92 | K310: 54 | L310: 92 | M310: 5 | N310: 14 | O310: 395 | P310: 5 | Q310: 26 | R310: 6 | S310: 2 | T310: 1 | U310: 6 | V310: 6 | W310: 11 | X310: 6 | Y310: 6 | Z310: 0 | AA310: 1 | AB310: 1.542428 | AC310: 0.19631537 | AD310: 0.21472741 | AE310: 1 | AF310: 3.522208 | AG310: 0.98862944 | AH310: 0.14870962 | AI310: -0.022299661 | AJ310: -0.14848264 | AK310: 0.98884791 | AL310: 0.011520011 | AM310: 0.02376411 | AN310: -0.0080779099 | AO310: 0.99968496 | AP310: 25.100199 | AQ310: 19.821357 | AR310: 2.2748919 | AS310: evidence | AT310: 0 | AU310: 0 | AV310: 0 | AW310: 0
A311: recovery | B311: svd+ransac | C311: 21 | D311: s1-s6 | E311: 0 | F311: 21_s1-s6 | G311: 0.1 | H311: sensitivity(not paper) | I311: 54 | J311: 92 | K311: 54 | L311: 92 | M311: 5 | N311: 14 | O311: 395 | P311: 5 | Q311: 26 | R311: 6 | S311: 2 | T311: 1 | U311: 6 | V311: 6 | W311: 11 | X311: 6 | Y311: 6 | Z311: 6 | AA311: 1 | AB311: 1.542428 | AC311: 0.19631537 | AD311: 0.21472741 | AE311: 1 | AF311: 3.96014 | AG311: 0.98862944 | AH311: 0.14870962 | AI311: -0.022299661 | AJ311: -0.14848264 | AK311: 0.98884791 | AL311: 0.011520011 | AM311: 0.02376411 | AN311: -0.0080779099 | AO311: 0.99968496 | AP311: 25.100199 | AQ311: 19.821357 | AR311: 2.2748919 | AS311: evidence | AT311: 0 | AU311: 0 | AV311: 0 | AW311: 0
...

Sheet 新估計變換
A1: method | B1: solver | C1: seed | D1: pair | E1: transform_ok | F1: r00 | G1: r01 | H1: r02 | I1: r10 | J1: r11 | K1: r12 | L1: r20 | M1: r21 | N1: r22 | O1: t0 | P1: t1 | Q1: t2
A2: baseline | B2: svd | C2: 21 | D2: s1-s2 | E2: 1 | F2: -0.71875906 | G2: -0.69524307 | H2: 0.0047421651 | I2: 0.69524829 | J2: -0.7187693 | K2: -0.00071185772 | L2: 0.0039034368 | M2: 0.002785328 | N2: 0.9999885 | O2: -11.076481 | P2: -0.87976367 | Q2: 0.58003899
A3: baseline | B3: svd+ransac | C3: 21 | D3: s1-s2 | E3: 1 | F3: -0.71875906 | G3: -0.69524307 | H3: 0.0047421651 | I3: 0.69524829 | J3: -0.7187693 | K3: -0.00071185772 | L3: 0.0039034368 | M3: 0.002785328 | N3: 0.9999885 | O3: -11.076481 | P3: -0.87976367 | Q3: 0.58003899
A4: baseline | B4: svd | C4: 21 | D4: s1-s3 | E4: 1 | F4: 0.9338585 | G4: 0.35756912 | H4: -0.0072545448 | I4: -0.35753125 | J4: 0.93388176 | K4: 0.0060209877 | L4: 0.0089278063 | M4: -0.0030290241 | N4: 0.99995556 | O4: 8.3919229 | P4: 1.3841447 | Q4: 0.68182258
A5: baseline | B5: svd+ransac | C5: 21 | D5: s1-s3 | E5: 1 | F5: 0.9338585 | G5: 0.35756912 | H5: -0.0072545448 | I5: -0.35753125 | J5: 0.93388176 | K5: 0.0060209877 | L5: 0.0089278063 | M5: -0.0030290241 | N5: 0.99995556 | O5: 8.3919229 | P5: 1.3841447 | Q5: 0.68182258
A6: baseline | B6: svd | C6: 21 | D6: s1-s4 | E6: 1 | F6: 0.90222477 | G6: 0.43101311 | H6: -0.014770273 | I6: -0.43113321 | J6: 0.9022678 | K6: -0.0060802343 | L6: 0.010706081 | M6: 0.011853693 | N6: 0.99987243 | O6: 22.837754 | P6: 6.5281208 | Q6: 1.5680333
A7: baseline | B7: svd+ransac | C7: 21 | D7: s1-s4 | E7: 1 | F7: 0.90222477 | G7: 0.43101311 | H7: -0.014770273 | I7: -0.43113321 | J7: 0.9022678 | K7: -0.0060802343 | L7: 0.010706081 | M7: 0.011853693 | N7: 0.99987243 | O7: 22.837754 | P7: 6.5281208 | Q7: 1.5680333
A8: baseline | B8: svd | C8: 21 | D8: s1-s5 | E8: 1 | F8: 0.22466187 | G8: -0.97440097 | H8: -0.008354243 | I8: 0.97440311 | J8: 0.22471712 | K8: -0.0063865856 | L8: 0.0081004367 | M8: -0.0067055781 | N8: 0.99994471 | O8: -16.502891 | P8: 20.505421 | Q8: 0.88708549
A9: baseline | B9: svd+ransac | C9: 21 | D9: s1-s5 | E9: 1 | F9: 0.22466187 | G9: -0.97440097 | H9: -0.008354243 | I9: 0.97440311 | J9: 0.22471712 | K9: -0.0063865856 | L9: 0.0081004367 | M9: -0.0067055781 | N9: 0.99994471 | O9: -16.502891 | P9: 20.505421 | Q9: 0.88708549
A10: baseline | B10: svd | C10: 21 | D10: s1-s6 | E10: 1 | F10: 0.98862944 | G10: 0.14870962 | H10: -0.022299661 | I10: -0.14848264 | J10: 0.98884791 | K10: 0.011520011 | L10: 0.02376411 | M10: -0.0080779099 | N10: 0.99968496 | O10: 25.100199 | P10: 19.821357 | Q10: 2.2748919
A11: baseline | B11: svd+ransac | C11: 21 | D11: s1-s6 | E11: 1 | F11: 0.98862944 | G11: 0.14870962 | H11: -0.022299661 | I11: -0.14848264 | J11: 0.98884791 | K11: 0.011520011 | L11: 0.02376411 | M11: -0.0080779099 | N11: 0.99968496 | O11: 25.100199 | P11: 19.821357 | Q11: 2.2748919
A12: baseline | B12: svd | C12: 22 | D12: s1-s2 | E12: 1 | F12: -0.71707853 | G12: -0.69698166 | H12: -0.0038672388 | I12: 0.69698886 | J12: -0.7170462 | K12: -0.007161253 | L12: 0.0022182731 | M12: -0.0078306031 | N12: 0.99996688 | O12: -11.126673 | P12: -0.85474771 | Q12: 0.42810177
A13: baseline | B13: svd+ransac | C13: 22 | D13: s1-s2 | E13: 1 | F13: -0.71707853 | G13: -0.69698166 | H13: -0.0038672388 | I13: 0.69698886 | J13: -0.7170462 | K13: -0.007161253 | L13: 0.0022182731 | M13: -0.0078306031 | N13: 0.99996688 | O13: -11.126673 | P13: -0.85474771 | Q13: 0.42810177
... A25: baseline | B25: svd+ransac | C25: 23 | D25: s1-s3 | E25: 1 | F25: 0.93402941 | G25: 0.35706791 | H25: -0.0095687414 | I25: -0.35698699 | J25: 0.93406412 | K25: 0.0091931448 | L25: 0.012220395 | M25: -0.0051707514 | N25: 0.99991196 | O25: 8.3792432 | P25: 1.3722301 | Q25: 0.67699776
A26: baseline | B26: svd | C26: 23 | D26: s1-s4 | E26: 0
A27: baseline | B27: svd+ransac | C27: 23 | D27: s1-s4 | E27: 0
A28: baseline | B28: svd | C28: 23 | D28: s1-s5 | E28: 1 | F28: 0.22545292 | G28: -0.97425396 | H28: 0.000438209 | I28: 0.97423269 | J28: 0.22544497 | K28: -0.0067259834 | L28: 0.006454024 | M28: 0.0019433101 | N28: 0.99997728 | O28: -16.520908 | P28: 20.516821 | Q28: 1.0656625
A29: baseline | B29: svd+ransac | C29: 23 | D29: s1-s5 | E29: 1 | F29: 0.22545292 | G29: -0.97425396 | H29: 0.000438209 | I29: 0.97423269 | J29: 0.22544497 | K29: -0.0067259834 | L29: 0.006454024 | M29: 0.0019433101 | N29: 0.99997728 | O29: -16.520908 | P29: 20.516821 | Q29: 1.0656625
A30: baseline | B30: svd | C30: 23 | D30: s1-s6 | E30: 1 | F30: 0.98908189 | G30: 0.14639676 | H30: -0.016881772 | I30: -0.14629675 | J30: 0.98921583 | K30: 0.0070208043 | L30: 0.01772754 | M30: -0.004474402 | N30: 0.99983284 | O30: 25.126614 | P30: 19.808271 | Q30: 2.1951162
A31: baseline | B31: svd+ransac | C31: 23 | D31: s1-s6 | E31: 1 | F31: 0.98908189 | G31: 0.14639676 | H31: -0.016881772 | I31: -0.14629675 | J31: 0.98921583 | K31: 0.0070208043 | L31: 0.01772754 | M31: -0.004474402 | N31: 0.99983284 | O31: 25.126614 | P31: 19.808271 | Q31: 2.1951162
A32: baseline | B32: svd | C32: 24 | D32: s1-s2 | E32: 1 | F32: -0.71838867 | G32: -0.69562216 | H32: 0.005247119 | I32: 0.69559609 | J32: -0.71840748 | K32: -0.0060631833 | L32: 0.0079872542 | M32: -0.00070584666 | N32: 0.99996785 | O32: -11.068632 | P32: -0.87514759 | Q32: 0.58214066
A33: baseline | B33: svd+ransac | C33: 24 | D33: s1-s2 | E33: 1 | F33: -0.71838867 | G33: -0.69562216 | H33: 0.005247119 | I33: 0.69559609 | J33: -0.71840748 | K33: -0.0060631833 | L33: 0.0079872542 | M33: -0.00070584666 | N33: 0.99996785 | O33: -11.068632 | P33: -0.87514759 | Q33: 0.58214066
A34: baseline | B34: svd | C34: 24 | D34: s1-s3 | E34: 1 | F34: 0.9344044 | G34: 0.35619061 | H34: -0.0040822401 | I34: -0.35617292 | J34: 0.93440933 | K34: 0.0044793197 | L34: 0.0054099748 | M34: -0.0027315126 | N34: 0.99998164 | O34: 8.3822563 | P34: 1.3957996 | Q34: 0.64272871
A35: baseline | B35: svd+ransac | C35: 24 | D35: s1-s3 | E35: 1 | F35: 0.9344044 | G35: 0.35619061 | H35: -0.0040822401 | I35: -0.35617292 | J35: 0.93440933 | K35: 0.0044793197 | L35: 0.0054099748 | M35: -0.0027315126 | N35: 0.99998164 | O35: 8.3822563 | P35: 1.3957996 | Q35: 0.64272871
A36: baseline | B36: svd | C36: 24 | D36: s1-s4 | E36: 1 | F36: 0.90257927 | G36: 0.43030774 | H36: -0.01363499 | I36: -0.43041422 | J36: 0.90261128 | K36: -0.0060386694 | L36: 0.0097086097 | M36: 0.011319071 | N36: 0.9998888 | O36: 22.823913 | P36: 6.5226121 | Q36: 1.5551182
A37: baseline | B37: svd+ransac | C37: 24 | D37: s1-s4 | E37: 1 | F37: 0.90257927 | G37: 0.43030774 | H37: -0.01363499 | I37: -0.43041422 | J37: 0.90261128 | K37: -0.0060386694 | L37: 0.0097086097 | M37: 0.011319071 | N37: 0.9998888 | O37: 22.823913 | P37: 6.5226121 | Q37: 1.5551182
A38: baseline | B38: svd | C38: 24 | D38: s1-s5 | E38: 1 | F38: 0.22530572 | G38: -0.97428555 | H38: -0.0022344652 | I38: 0.97419562 | J38: 0.22531534 | K38: -0.013262367 | L38: 0.013424792 | M38: 0.00081128093 | N38: 0.99990955 | O38: -16.511219 | P38: 20.510369 | Q38: 1.0719432
A39: baseline | B39: svd+ransac | C39: 24 | D39: s1-s5 | E39: 1 | F39: 0.22530572 | G39: -0.97428555 | H39: -0.0022344652 | I39: 0.97419562 | J39: 0.22531534 | K39: -0.013262367 | L39: 0.013424792 | M39: 0.00081128093 | N39: 0.99990955 | O39: -16.511219 | P39: 20.510369 | Q39: 1.0719432
A40: baseline | B40: svd | C40: 24 | D40: s1-s6 | E40: 0
A41: baseline | B41: svd+ransac | C41: 24 | D41: s1-s6 | E41: 0
A42: baseline | B42: svd | C42: 25 | D42: s1-s2 | E42: 1 | F42: -0.7184912 | G42: -0.69551558 | H42: 0.0053371233 | I42: 0.69544071 | J42: -0.71849861 | K42: -0.011043949 | L42: 0.011515954 | M42: -0.0042233276 | N42: 0.99992477 | O42: -11.090418 | P42: -0.86600409 | Q42: 0.60387262
A43: baseline | B43: svd+ransac | C43: 25 | D43: s1-s2 | E43: 1 | F43: -0.71844057 | G43: -0.69556867 | H43: 0.0052319917 | I43: 0.69555363 | J43: -0.71845953 | K43: -0.0045875076 | L43: 0.0069499009 | M43: 0.00034327925 | N43: 0.99997579 | O43: -11.08828 | P43: -0.85282079 | Q43: 0.57456797
A44: baseline | B44: svd | C44: 25 | D44: s1-s3 | E44: 1 | F44: 0.93453383 | G44: 0.35559166 | H44: -0.014180493 | I44: -0.35551809 | J44: 0.93463935 | K44: 0.0074948626 | L44: 0.015918757 | M44: -0.0019627809 | N44: 0.99987136 | O44: 8.3767167 | P44: 1.3891505 | Q44: 0.73379515
A45: baseline | B45: svd+ransac | C45: 25 | D45: s1-s3 | E45: 1 | F45: 0.93427408 | G45: 0.35653331 | H45: -0.00399329 | I45: -0.35653158 | J45: 0.93428255 | K45: 0.0011622272 | L45: 0.0041452339 | M45: 0.00033789521 | N45: 0.99999135 | O45: 8.4041451 | P45: 1.3654749 | Q45: 0.68509434
A46: baseline | B46: svd | C46: 25 | D46: s1-s4 | E46: 1 | F46: 0.90234511 | G46: 0.43075052 | H46: -0.015076386 | I46: -0.43086946 | J46: 0.90239659 | K46: -0.0056477794 | L46: 0.011172096 | M46: 0.011592201 | N46: 0.99987039 | O46: 22.850066 | P46: 6.517812 | Q46: 1.5744688
A47: baseline | B47: svd+ransac | C47: 25 | D47: s1-s4 | E47: 1 | F47: 0.90234511 | G47: 0.43075052 | H47: -0.015076386 | I47: -0.43086946 | J47: 0.90239659 | K47: -0.0056477794 | L47: 0.011172096 | M47: 0.011592201 | N47: 0.99987039 | O47: 22.850066 | P47: 6.517812 | Q47: 1.5744688
A48: baseline | B48: svd | C48: 25 | D48: s1-s5 | E48: 1 | F48: 0.22913492 | G48: -0.97332609 | H48: -0.011554586 | I48: 0.97339385 | J48: 0.22910316 | K48: 0.0040192853 | L48: -0.001264883 | M48: -0.012168122 | N48: 0.99992517 | O48: -16.485683 | P48: 20.619609 | Q48: 0.78805732
A49: baseline | B49: svd+ransac | C49: 25 | D49: s1-s5 | E49: 1 | F49: 0.22913492 | G49: -0.97332609 | H49: -0.011554586 | I49: 0.97339385 | J49: 0.22910316 | K49: 0.0040192853 | L49: -0.001264883 | M49: -0.012168122 | N49: 0.99992517 | O49: -16.485683 | P49: 20.619609 | Q49: 0.78805732
A50: baseline | B50: svd | C50: 25 | D50: s1-s6 | E50: 1 | F50: 0.98895925 | G50: 0.14732898 | H50: -0.015930111 | I50: -0.14724344 | J50: 0.98907943 | K50: 0.0064218635 | L50: 0.016702272 | M50: -0.0040053569 | N50: 0.99985248 | O50: 25.147462 | P50: 19.821548 | Q50: 2.1953232
A51: baseline | B51: svd+ransac | C51: 25 | D51: s1-s6 | E51: 1 | F51: 0.98895925 | G51: 0.14732898 | H51: -0.015930111 | I51: -0.14724344 | J51: 0.98907943 | K51: 0.0064218635 | L51: 0.016702272 | M51: -0.0040053569 | N51: 0.99985248 | O51: 25.147462 | P51: 19.821548 | Q51: 2.1953232
A52: baseline | B52: svd | C52: 26 | D52: s1-s2 | E52: 1 | F52: -0.71796726 | G52: -0.69605887 | H52: 0.0050073015 | I52: 0.69605137 | J52: -0.71798395 | K52: -0.0033964918 | L52: 0.0059593204 | M52: 0.0010467692 | N52: 0.9999817 | O52: -11.086556 | P52: -0.86211678 | Q52: 0.60918647
A53: baseline | B53: svd+ransac | C53: 26 | D53: s1-s2 | E53: 1 | F53: -0.71796726 | G53: -0.69605887 | H53: 0.0050073015 | I53: 0.69605137 | J53: -0.71798395 | K53: -0.0033964918 | L53: 0.0059593204 | M53: 0.0010467692 | N53: 0.9999817 | O53: -11.086556 | P53: -0.86211678 | Q53: 0.60918647
... A57: baseline | B57: svd+ransac | C57: 26 | D57: s1-s4 | E57: 1 | F57: 0.90200454 | G57: 0.43146572 | H57: -0.015004758 | I57: -0.43158698 | J57: 0.90205183 | K57: -0.0059300552 | L57: 0.010976454 | M57: 0.011824795 | N57: 0.99986984 | O57: 22.854385 | P57: 6.5201307 | Q57: 1.5732933
A58: baseline | B58: svd | C58: 26 | D58: s1-s5 | E58: 0
A59: baseline | B59: svd+ransac | C59: 26 | D59: s1-s5 | E59: 0
A60: baseline | B60: svd | C60: 26 | D60: s1-s6 | E60: 0
A61: baseline | B61: svd+ransac | C61: 26 | D61: s1-s6 | E61: 0
A62: baseline | B62: svd | C62: 27 | D62: s1-s2 | E62: 1 | F62: -0.71847537 | G62: -0.69552047 | H62: 0.0066651711 | I62: 0.69550013 | J62: -0.71850587 | K62: -0.0053749171 | L62: 0.0085273294 | M62: 0.0007738818 | N62: 0.99996334 | O62: -11.075687 | P62: -0.8616102 | Q62: 0.60338283
A63: baseline | B63: svd+ransac | C63: 27 | D63: s1-s2 | E63: 1 | F63: -0.71847537 | G63: -0.69552047 | H63: 0.0066651711 | I63: 0.69550013 | J63: -0.71850587 | K63: -0.0053749171 | L63: 0.0085273294 | M63: 0.0007738818 | N63: 0.99996334 | O63: -11.075687 | P63: -0.8616102 | Q63: 0.60338283
A64: baseline | B64: svd | C64: 27 | D64: s1-s3 | E64: 1 | F64: 0.93391417 | G64: 0.35740412 | H64: -0.0081619789 | I64: -0.35736681 | J64: 0.93394675 | K64: 0.0056948008 | L64: 0.009658199 | M64: -0.0024016348 | N64: 0.99995047 | O64: 8.3855658 | P64: 1.3898943 | Q64: 0.68654382
A65: baseline | B65: svd+ransac | C65: 27 | D65: s1-s3 | E65: 1 | F65: 0.93391417 | G65: 0.35740412 | H65: -0.0081619789 | I65: -0.35736681 | J65: 0.93394675 | K65: 0.0056948008 | L65: 0.009658199 | M65: -0.0024016348 | N65: 0.99995047 | O65: 8.3855658 | P65: 1.3898943 | Q65: 0.68654382
A66: baseline | B66: svd | C66: 27 | D66: s1-s4 | E66: 1 | F66: 0.90030121 | G66: 0.43526044 | H66: -0.0024663067 | I66: -0.43526727 | J66: 0.90028171 | K66: -0.0059374001 | L66: -0.00036394457 | M66: 0.0064189511 | N66: 0.99997933 | O66: 22.918373 | P66: 6.4649075 | Q66: 1.4731115
A67: baseline | B67: svd+ransac | C67: 27 | D67: s1-s4 | E67: 1 | F67: 0.90030121 | G67: 0.43526044 | H67: -0.0024663067 | I67: -0.43526727 | J67: 0.90028171 | K67: -0.0059374001 | L67: -0.00036394457 | M67: 0.0064189511 | N67: 0.99997933 | O67: 22.918373 | P67: 6.4649075 | Q67: 1.4731115
A68: baseline | B68: svd | C68: 27 | D68: s1-s5 | E68: 1 | F68: 0.22568043 | G68: -0.97419762 | H68: -0.0027082162 | I68: 0.97407545 | J68: 0.22569508 | K68: -0.015451503 | L68: 0.015664049 | M68: 0.00084909497 | N68: 0.99987695 | O68: -16.489621 | P68: 20.517368 | Q68: 1.0896352
A69: baseline | B69: svd+ransac | C69: 27 | D69: s1-s5 | E69: 1 | F69: 0.22568043 | G69: -0.97419762 | H69: -0.0027082162 | I69: 0.97407545 | J69: 0.22569508 | K69: -0.015451503 | L69: 0.015664049 | M69: 0.00084909497 | N69: 0.99987695 | O69: -16.489621 | P69: 20.517368 | Q69: 1.0896352
A70: baseline | B70: svd | C70: 27 | D70: s1-s6 | E70: 1 | F70: 0.98893841 | G70: 0.1473676 | H70: -0.016840505 | I70: -0.14727783 | J70: 0.98907407 | K70: 0.0064587334 | L70: 0.017608315 | M70: -0.0039070565 | N70: 0.99983733 | O70: 25.136295 | P70: 19.799606 | Q70: 2.1992084
A71: baseline | B71: svd+ransac | C71: 27 | D71: s1-s6 | E71: 1 | F71: 0.98893841 | G71: 0.1473676 | H71: -0.016840505 | I71: -0.14727783 | J71: 0.98907407 | K71: 0.0064587334 | L71: 0.017608315 | M71: -0.0039070565 | N71: 0.99983733 | O71: 25.136295 | P71: 19.799606 | Q71: 2.1992084
A72: baseline | B72: svd | C72: 28 | D72: s1-s2 | E72: 1 | F72: -0.71744222 | G72: -0.69661771 | H72: -0.00065415512 | I72: 0.69661759 | J72: -0.71744042 | K72: -0.0017794709 | L72: 0.00077029365 | M72: -0.0017323635 | N72: 0.9999982 | O72: -11.095348 | P72: -0.85933153 | Q72: 0.5385294
A73: baseline | B73: svd+ransac | C73: 28 | D73: s1-s2 | E73: 1 | F73: -0.71744222 | G73: -0.69661771 | H73: -0.00065415512 | I73: 0.69661759 | J73: -0.71744042 | K73: -0.0017794709 | L73: 0.00077029365 | M73: -0.0017323635 | N73: 0.9999982 | O73: -11.095348 | P73: -0.85933153 | Q73: 0.5385294
... A77: baseline | B77: svd+ransac | C77: 28 | D77: s1-s4 | E77: 1 | F77: 0.90190964 | G77: 0.43179647 | H77: -0.010526419 | I77: -0.43187761 | J77: 0.90190342 | K77: -0.0072075244 | L77: 0.0063816297 | M77: 0.01104666 | N77: 0.99991862 | O77: 22.853042 | P77: 6.5162078 | Q77: 1.5383275
A78: baseline | B78: svd | C78: 28 | D78: s1-s5 | E78: 0
A79: baseline | B79: svd+ransac | C79: 28 | D79: s1-s5 | E79: 0
A80: baseline | B80: svd | C80: 28 | D80: s1-s6 | E80: 1 | F80: 0.9887392 | G80: 0.1488306 | H80: -0.015628093 | I80: -0.14866976 | J80: 0.98882572 | K80: 0.010999741 | L80: 0.017090559 | M80: -0.0085524501 | N80: 0.99981737 | O80: 25.162687 | P80: 19.815756 | Q80: 2.138949
A81: baseline | B81: svd+ransac | C81: 28 | D81: s1-s6 | E81: 1 | F81: 0.9891685 | G81: 0.14662426 | H81: -0.0068565359 | I81: -0.14665178 | J81: 0.98918127 | K81: -0.0036974556 | L81: 0.0062402202 | M81: 0.0046629298 | N81: 0.99996966 | O81: 25.144326 | P81: 19.822468 | Q81: 2.2146036
A82: baseline | B82: svd | C82: 29 | D82: s1-s2 | E82: 1 | F82: -0.71852179 | G82: -0.69547733 | H82: 0.006140752 | I82: 0.69545776 | J82: -0.71854786 | K82: -0.0052423637 | L82: 0.0080583693 | M82: 0.00050388099 | N82: 0.9999674 | O82: -11.075997 | P82: -0.86811761 | Q82: 0.60470481
A83: baseline | B83: svd+ransac | C83: 29 | D83: s1-s2 | E83: 1 | F83: -0.71852179 | G83: -0.69547733 | H83: 0.006140752 | I83: 0.69545776 | J83: -0.71854786 | K83: -0.0052423637 | L83: 0.0080583693 | M83: 0.00050388099 | N83: 0.9999674 | O83: -11.075997 | P83: -0.86811761 | Q83: 0.60470481
A84: baseline | B84: svd | C84: 29 | D84: s1-s3 | E84: 1 | F84: 0.93407284 | G84: 0.35700941 | H84: -0.0072251772 | I84: -0.35697232 | J84: 0.93409606 | K84: 0.00594292 | L84: 0.008870688 | M84: -0.0029719319 | N84: 0.99995624 | O84: 8.3912836 | P84: 1.376993 | Q84: 0.68163829
A85: baseline | B85: svd+ransac | C85: 29 | D85: s1-s3 | E85: 1 | F85: 0.93407284 | G85: 0.35700941 | H85: -0.0072251772 | I85: -0.35697232 | J85: 0.93409606 | K85: 0.00594292 | L85: 0.008870688 | M85: -0.0029719319 | N85: 0.99995624 | O85: 8.3912836 | P85: 1.376993 | Q85: 0.68163829
A86: baseline | B86: svd | C86: 29 | D86: s1-s4 | E86: 1 | F86: 0.90184728 | G86: 0.43180923 | H86: -0.014569466 | I86: -0.43193096 | J86: 0.90188353 | K86: -0.0064607976 | L86: 0.01035013 | M86: 0.012119656 | N86: 0.99987299 | O86: 22.853397 | P86: 6.524303 | Q86: 1.5729369
A87: baseline | B87: svd+ransac | C87: 29 | D87: s1-s4 | E87: 1 | F87: 0.90184728 | G87: 0.43180923 | H87: -0.014569466 | I87: -0.43193096 | J87: 0.90188353 | K87: -0.0064607976 | L87: 0.01035013 | M87: 0.012119656 | N87: 0.99987299 | O87: 22.853397 | P87: 6.524303 | Q87: 1.5729369
A88: baseline | B88: svd | C88: 29 | D88: s1-s5 | E88: 1 | F88: 0.22611814 | G88: -0.97404295 | H88: -0.010531488 | I88: 0.97409982 | J88: 0.22610893 | K88: 0.002072884 | L88: 0.00036218547 | M88: -0.010727437 | N88: 0.99994239 | O88: -16.509768 | P88: 20.523436 | Q88: 0.79826951
A89: baseline | B89: svd+ransac | C89: 29 | D89: s1-s5 | E89: 1 | F89: 0.22611814 | G89: -0.97404295 | H89: -0.010531488 | I89: 0.97409982 | J89: 0.22610893 | K89: 0.002072884 | L89: 0.00036218547 | M89: -0.010727437 | N89: 0.99994239 | O89: -16.509768 | P89: 20.523436 | Q89: 0.79826951
A90: baseline | B90: svd | C90: 29 | D90: s1-s6 | E90: 1 | F90: 0.98881876 | G90: 0.14776918 | H90: -0.020043028 | I90: -0.14758713 | J90: 0.98899558 | K90: 0.010284992 | L90: 0.021342271 | M90: -0.0072118998 | N90: 0.99974622 | O90: 25.129606 | P90: 19.842927 | Q90: 2.1723824
A91: baseline | B91: svd+ransac | C91: 29 | D91: s1-s6 | E91: 1 | F91: 0.988747 | G91: 0.14756013 | H91: -0.024604294 | I91: -0.14732241 | J91: 0.98902489 | K91: 0.011219759 | L91: 0.025989848 | M91: -0.0074687395 | N91: 0.99963431 | O91: 25.125828 | P91: 19.839381 | Q91: 2.1391347
... A99: baseline | B99: svd+ransac | C99: 30 | D99: s1-s5 | E99: 1 | F99: 0.2326057 | G99: -0.97256694 | H99: -0.0028523876 | I99: 0.97257089 | J99: 0.23260668 | K99: -1.2383734e-05 | L99: 0.00067552843 | M99: -0.0027712686 | N99: 0.99999593 | O99: -16.429347 | P99: 20.621723 | Q99: 0.9326349
A100: baseline | B100: svd | C100: 30 | D100: s1-s6 | E100: 0
A101: baseline | B101: svd+ransac | C101: 30 | D101: s1-s6 | E101: 0
A102: baseline | B102: svd | C102: 21 | D102: s2-s3 | E102: 1 | F102: -0.91921203 | G102: 0.39247361 | H102: -0.031838647 | I102: -0.39318844 | J102: -0.91923168 | K102: 0.020395522 | L102: -0.021262389 | M102: 0.031266397 | N102: 0.99928491 | O102: -1.5200421 | P102: -3.7372481 | Q102: 0.13673823
A103: baseline | B103: svd+ransac | C103: 21 | D103: s2-s3 | E103: 1 | F103: -0.91953874 | G103: 0.3929963 | H103: 0.0015531563 | I103: -0.39299935 | J103: -0.9195302 | K103: -0.0039642305 | L103: -0.00012975377 | M103: -0.0042556529 | N103: 0.99999094 | O103: -1.4478622 | P103: -3.7840974 | Q103: 0.11777739
A104: baseline | B104: svd | C104: 21 | D104: s2-s4 | E104: 1 | F104: -0.94833521 | G104: 0.31725764 | H104: -0.0028122063 | I104: -0.31723633 | J104: -0.94832633 | K104: -0.0061867154 | L104: -0.004629672 | M104: -0.004974946 | N104: 0.99997691 | O104: 12.638939 | P104: 2.1688992 | Q104: 0.87556319
A105: baseline | B105: svd+ransac | C105: 21 | D105: s2-s4 | E105: 1 | F105: -0.94836379 | G105: 0.31717993 | H105: 0.0017369807 | I105: -0.31718298 | J105: -0.9483265 | K105: -0.008473498 | L105: -0.0010403987 | M105: -0.0085868994 | N105: 0.99996259 | O105: 12.646081 | P105: 2.1681245 | Q105: 0.91999089
A106: baseline | B106: svd | C106: 21 | D106: s2-s5 | E106: 1 | F106: 0.51916545 | G106: 0.85453409 | H106: 0.015450868 | I106: -0.85458419 | J106: 0.51928793 | K106: -0.0050903238 | L106: -0.012373304 | M106: -0.010561347 | N106: 0.99986767 | O106: -10.026127 | P106: 11.441097 | Q106: 0.5067473
A107: baseline | B107: svd+ransac | C107: 21 | D107: s2-s5 | E107: 1 | F107: 0.51916545 | G107: 0.85453409 | H107: 0.015450868 | I107: -0.85458419 | J107: 0.51928793 | K107: -0.0050903238 | L107: -0.012373304 | M107: -0.010561347 | N107: 0.99986767 | O107: -10.026127 | P107: 11.441097 | Q107: 0.5067473
A108: baseline | B108: svd | C108: 21 | D108: s2-s6 | E108: 1 | F108: -0.81304649 | G108: 0.58202458 | H108: -0.014240382 | I108: -0.5821331 | J108: -0.81307893 | K108: 0.004869995 | L108: -0.0087440975 | M108: 0.01224933 | N108: 0.99988674 | O108: 16.613345 | P108: 12.656327 | Q108: 1.4366248
A109: baseline | B109: svd+ransac | C109: 21 | D109: s2-s6 | E109: 1 | F109: -0.81311991 | G109: 0.58200169 | H109: -0.010489889 | I109: -0.58204531 | J109: -0.8131551 | K109: 0.0014286225 | L109: -0.0076984463 | M109: 0.0072672322 | N109: 0.99994396 | O109: 16.637795 | P109: 12.646611 | Q109: 1.5026241
A110: baseline | B110: svd | C110: 22 | D110: s2-s3 | E110: 1 | F110: -0.91927057 | G110: 0.39362621 | H110: -0.00016437177 | I110: -0.3936237 | J110: -0.91926605 | K110: -0.0032108428 | L110: -0.0014149733 | M110: -0.0028869326 | N110: 0.99999483 | O110: -1.4484872 | P110: -3.7841029 | Q110: 0.11039212
A111: baseline | B111: svd+ransac | C111: 22 | D111: s2-s3 | E111: 1 | F111: -0.91927057 | G111: 0.39362621 | H111: -0.00016437177 | I111: -0.3936237 | J111: -0.91926605 | K111: -0.0032108428 | L111: -0.0014149733 | M111: -0.0028869326 | N111: 0.99999483 | O111: -1.4484872 | P111: -3.7841029 | Q111: 0.11039212
A112: baseline | B112: svd | C112: 22 | D112: s2-s4 | E112: 1 | F112: -0.94817927 | G112: 0.31772169 | H112: -0.0030012305 | I112: -0.31770676 | J112: -0.94817796 | K112: -0.0045792049 | L112: -0.0043006134 | M112: -0.0033883959 | N112: 0.99998501 | O112: 12.614198 | P112: 2.1723402 | Q112: 0.86970932
A113: baseline | B113: svd+ransac | C113: 22 | D113: s2-s4 | E113: 1 | F113: -0.94808818 | G113: 0.31800372 | H113: 0.0015628107 | I113: -0.318006 | J113: -0.94805662 | K113: -0.0077998998 | L113: -0.00099876419 | M113: -0.007891976 | N113: 0.99996836 | O113: 12.625205 | P113: 2.1665648 | Q113: 0.91393894
... A601: recovery | B601: svd+ransac | C601: 30 | D601: s5-s6 | E601: 1 | F601: 0.078917608 | G601: 0.9968791 | H601: -0.0020169384 | I601: -0.99687789 | J601: 0.078912024 | K601: -0.0027123562 | L601: -0.0025447305 | M601: 0.0022246939 | N601: 0.99999429 | O601: 6.01511 | P601: 1.6979065 | Q601: 1.1859023

Sheet 新每seed
A1: 方法 | B1: solver | C1: seed | D1: 案例數 | E1: 成功數 | F1: 成功率
A2: baseline | B2: svd | C2: 21 | D2: 15 | E2: 14 | F2: 0.93333333
A3: baseline | B3: svd | C3: 22 | D3: 15 | E3: 15 | F3: 1
A4: baseline | B4: svd | C4: 23 | D4: 15 | E4: 12 | F4: 0.8
A5: baseline | B5: svd | C5: 24 | D5: 15 | E5: 14 | F5: 0.93333333
A6: baseline | B6: svd | C6: 25 | D6: 15 | E6: 14 | F6: 0.93333333
A7: baseline | B7: svd | C7: 26 | D7: 15 | E7: 13 | F7: 0.86666667
A8: baseline | B8: svd | C8: 27 | D8: 15 | E8: 15 | F8: 1
A9: baseline | B9: svd | C9: 28 | D9: 15 | E9: 14 | F9: 0.93333333
A10: baseline | B10: svd | C10: 29 | D10: 15 | E10: 14 | F10: 0.93333333
A11: baseline | B11: svd | C11: 30 | D11: 15 | E11: 14 | F11: 0.93333333
A12: baseline | B12: svd+ransac | C12: 21 | D12: 15 | E12: 15 | F12: 1
A13: baseline | B13: svd+ransac | C13: 22 | D13: 15 | E13: 15 | F13: 1
... A41: recovery | B41: svd+ransac | C41: 30 | D41: 15 | E41: 15 | F41: 1

Sheet 新各配對
A1: 方法 | B1: solver | C1: pair | D1: 官方列表 | E1: 案例數 | F1: 成功數 | G1: 成功率
A2: baseline | B2: svd | C2: s1-s2 | D2: 1 | E2: 10 | F2: 10 | G2: 1
A3: baseline | B3: svd | C3: s1-s3 | D3: 1 | E3: 10 | F3: 10 | G3: 1
A4: baseline | B4: svd | C4: s1-s4 | D4: 0 | E4: 10 | F4: 9 | G4: 0.9
A5: baseline | B5: svd | C5: s1-s5 | D5: 0 | E5: 10 | F5: 8 | G5: 0.8
A6: baseline | B6: svd | C6: s1-s6 | D6: 0 | E6: 10 | F6: 7 | G6: 0.7
A7: baseline | B7: svd | C7: s2-s3 | D7: 1 | E7: 10 | F7: 8 | G7: 0.8
A8: baseline | B8: svd | C8: s2-s4 | D8: 1 | E8: 10 | F8: 10 | G8: 1
A9: baseline | B9: svd | C9: s2-s5 | D9: 1 | E9: 10 | F9: 9 | G9: 0.9
A10: baseline | B10: svd | C10: s2-s6 | D10: 0 | E10: 10 | F10: 9 | G10: 0.9
A11: baseline | B11: svd | C11: s3-s4 | D11: 1 | E11: 10 | F11: 10 | G11: 1
A12: baseline | B12: svd | C12: s3-s5 | D12: 1 | E12: 10 | F12: 10 | G12: 1
A13: baseline | B13: svd | C13: s3-s6 | D13: 0 | E13: 10 | F13: 10 | G13: 1
... A61: recovery | B61: svd+ransac | C61: s5-s6 | D61: 1 | E61: 10 | F61: 10 | G61: 1

Sheet 新配對比較
A1: 項目 | B1: 值
A2: primary_solver | B2: svd+ransac
A3: rescued_cases | B3: [{"seed": 23, "pair": "s1-s4"}, {"seed": 24, "pair": "s1-s6"}, {"seed": 26, "pair": "s1-s5"}, {"seed": 26, "pair": "s1-s6"}, {"seed": 28, "pair": "s1-s5"}, {"seed": 30, "pair": "s1-s6"}, {"seed": 29, "pair": "s2-s5"}, {"seed": 23, "pair": "s4-s5"}]
A4: regressed_cases | B4: []
A5: seed_gains | B5: [0, 0, 2, 1, 0, 2, 0, 1, 1, 1]
A6: winning_seeds | B6: 6
A7: losing_seeds | B7: 0
A8: tied_seeds | B8: 4
A9: paired_seed_sign_p | B9: 0.03125
A10: common_success_cases | B10: 142
A11: common_ep_baseline_m | B11: 0.067380268
A12: common_ep_recovery_m | B12: 0.061943082
A13: interpretation | B13: one prespecified frozen primary comparison; seeds repeat the same forest, not independent forests

Sheet 舊seed候選摘要
A1: method | B1: cases | C1: success | D1: official_cases | E1: official_success | F1: recovery_triggered | G1: recovery_adopted
A2: baseline | B2: 150 | C2: 142 | D2: 100 | E2: 99 | F2: 0 | G2: 0
A3: triangle_scarce | B3: 150 | C3: 149 | D3: 100 | E3: 100 | F3: 7 | G3: 7
A4: evidence_scarce | B4: 150 | C4: 149 | D4: 100 | E4: 100 | F4: 7 | G4: 7
A5: evidence_weak | B5: 150 | C5: 150 | D5: 100 | E5: 100 | F5: 31 | G5: 31

Sheet 舊seed候選逐次
A1: method | B1: seed | C1: pair | D1: label | E1: threshold | F1: setting | G1: solver | H1: n_src_kp | I1: n_tgt_kp | J1: descriptors_src | K1: descriptors_tgt | L1: d12_enc2_s0_is_p1 | M1: d12_enc3_s0_is_p1p2 | N1: gate_passed | O1: candidates | P1: best_score | Q1: best_dc | R1: best_fm | S1: used_triangle | T1: tri_set_src | U1: tri_set_tgt | V1: tri_matches | W1: n_matches | X1: n_correct_matches | Y1: ransac_inliers | Z1: transform_ok | AA1: rot_err_deg | AB1: trans_err_m | AC1: e_p_m | AD1: success | AE1: time_ms | AF1: r00 | AG1: r01 | AH1: r02 | AI1: r10 | AJ1: r11 | AK1: r12 | AL1: r20 | AM1: r21 | AN1: r22 | AO1: t0 | AP1: t1 | AQ1: t2 | AR1: recovery | AS1: recovery_triggered | AT1: recovery_accepted | AU1: recovery_hypotheses | AV1: recovery_support | AW1: recovery_median_m
A2: baseline | B2: 11 | C2: s1-s2 | D2: 11_s1-s2 | E2: 0.1 | F2: sensitivity(not paper) | G2: svd | H2: 55 | I2: 57 | J2: 55 | K2: 57 | L2: 5 | M2: 12 | N2: 363 | O2: 13 | P2: 175 | Q2: 35 | R2: 14 | S2: 0 | T2: 0 | U2: 0 | V2: 0 | W2: 10 | X2: 10 | Y2: 0 | Z2: 1 | AA2: 0.25001646 | AB2: 0.025693373 | AD2: 1 | AE2: 1.927619 | AF2: -0.71811621 | AG2: -0.69590536 | AH2: 0.0049833538 | AI2: 0.69590767 | AJ2: -0.71812962 | AK2: -0.0015402371 | AL2: 0.0046505532 | AM2: 0.0023618849 | AN2: 0.9999864 | AO2: -11.085077 | AP2: -0.86552333 | AQ2: 0.55876872
A3: baseline | B3: 11 | C3: s1-s2 | D3: 11_s1-s2 | E3: 0.1 | F3: sensitivity(not paper) | G3: svd+ransac | H3: 55 | I3: 57 | J3: 55 | K3: 57 | L3: 5 | M3: 12 | N3: 363 | O3: 13 | P3: 175 | Q3: 35 | R3: 14 | S3: 0 | T3: 0 | U3: 0 | V3: 0 | W3: 10 | X3: 10 | Y3: 10 | Z3: 1 | AA3: 0.25001646 | AB3: 0.025693373 | AD3: 1 | AE3: 2.718209 | AF3: -0.71811621 | AG3: -0.69590536 | AH3: 0.0049833538 | AI3: 0.69590767 | AJ3: -0.71812962 | AK3: -0.0015402371 | AL3: 0.0046505532 | AM3: 0.0023618849 | AN3: 0.9999864 | AO3: -11.085077 | AP3: -0.86552333 | AQ3: 0.55876872
A4: baseline | B4: 11 | C4: s1-s3 | D4: 11_s1-s3 | E4: 0.1 | F4: sensitivity(not paper) | G4: svd | H4: 55 | I4: 51 | J4: 55 | K4: 51 | L4: 4 | M4: 8 | N4: 267 | O4: 14 | P4: 200 | Q4: 20 | R4: 18 | S4: 0 | T4: 0 | U4: 0 | V4: 0 | W4: 12 | X4: 12 | Y4: 0 | Z4: 1 | AA4: 1.0524575 | AB4: 0.14933153 | AD4: 1 | AE4: 2.03568 | AF4: 0.93404964 | AG4: 0.35676078 | AH4: -0.016523083 | AI4: -0.35675516 | AJ4: 0.93419178 | AK4: 0.0033867801 | AL4: 0.016643999 | AM4: 0.0027312745 | AN4: 0.99985775 | AO4: 8.3527197 | AP4: 1.3792601 | AQ4: 0.80416273
A5: baseline | B5: 11 | C5: s1-s3 | D5: 11_s1-s3 | E5: 0.1 | F5: sensitivity(not paper) | G5: svd+ransac | H5: 55 | I5: 51 | J5: 55 | K5: 51 | L5: 4 | M5: 8 | N5: 267 | O5: 14 | P5: 200 | Q5: 20 | R5: 18 | S5: 0 | T5: 0 | U5: 0 | V5: 0 | W5: 12 | X5: 12 | Y5: 11 | Z5: 1 | AA5: 0.56466048 | AB5: 0.0282986 | AD5: 1 | AE5: 3.007502 | AF5: 0.93395984 | AG5: 0.35733331 | AH5: -0.0056497793 | AI5: -0.35730405 | AJ5: 0.93397149 | AK5: 0.0055734355 | AL5: 0.0072683069 | AM5: -0.0031866759 | AN5: 0.99996851 | AO5: 8.3872401 | AP5: 1.3740482 | AQ5: 0.66740337
A6: baseline | B6: 11 | C6: s1-s4 | D6: 11_s1-s4 | E6: 0.1 | F6: sensitivity(not paper) | G6: svd | H6: 55 | I6: 54 | J6: 55 | K6: 54 | L6: 3 | M6: 10 | N6: 240 | O6: 11 | P6: 125 | Q6: 15 | R6: 11 | S6: 0 | T6: 0 | U6: 0 | V6: 0 | W6: 8 | X6: 8 | Y6: 0 | Z6: 1 | AA6: 0.91136047 | AB6: 0.16312394 | AD6: 1 | AE6: 1.632852 | AF6: 0.90276828 | AG6: 0.42991163 | AH6: -0.013616914 | AI6: -0.43002114 | AJ6: 0.90279631 | AK6: -0.0063748971 | AL6: 0.0095526575 | AM6: 0.011610616 | AN6: 0.99988696 | AO6: 22.81579 | AP6: 6.5344935 | AQ6: 1.5566146
A7: baseline | B7: 11 | C7: s1-s4 | D7: 11_s1-s4 | E7: 0.1 | F7: sensitivity(not paper) | G7: svd+ransac | H7: 55 | I7: 54 | J7: 55 | K7: 54 | L7: 3 | M7: 10 | N7: 240 | O7: 11 | P7: 125 | Q7: 15 | R7: 11 | S7: 0 | T7: 0 | U7: 0 | V7: 0 | W7: 8 | X7: 8 | Y7: 8 | Z7: 1 | AA7: 0.91136047 | AB7: 0.16312394 | AD7: 1 | AE7: 2.641964 | AF7: 0.90276828 | AG7: 0.42991163 | AH7: -0.013616914 | AI7: -0.43002114 | AJ7: 0.90279631 | AK7: -0.0063748971 | AL7: 0.0095526575 | AM7: 0.011610616 | AN7: 0.99988696 | AO7: 22.81579 | AP7: 6.5344935 | AQ7: 1.5566146
A8: baseline | B8: 11 | C8: s1-s5 | D8: 11_s1-s5 | E8: 0.1 | F8: sensitivity(not paper) | G8: svd | H8: 55 | I8: 83 | J8: 55 | K8: 83 | L8: 8 | M8: 19 | N8: 490 | O8: 18 | P8: 126 | Q8: 16 | R8: 11 | S8: 0 | T8: 0 | U8: 0 | V8: 0 | W8: 9 | X8: 9 | Y8: 0 | Z8: 1 | AA8: 1.6161744 | AB8: 0.40145106 | AD8: 1 | AE8: 2.905589 | AF8: 0.22330175 | AG8: -0.97468954 | AH8: 0.010799299 | AI8: 0.97443135 | AJ8: 0.22293221 | AK8: -0.028013871 | AL8: 0.024897316 | AM8: 0.016778722 | AN8: 0.9995492 | AO8: -16.524197 | AP8: 20.415529 | AQ8: 1.3816366
A9: baseline | B9: 11 | C9: s1-s5 | D9: 11_s1-s5 | E9: 0.1 | F9: sensitivity(not paper) | G9: svd+ransac | H9: 55 | I9: 83 | J9: 55 | K9: 83 | L9: 8 | M9: 19 | N9: 490 | O9: 18 | P9: 126 | Q9: 16 | R9: 11 | S9: 0 | T9: 0 | U9: 0 | V9: 0 | W9: 9 | X9: 9 | Y9: 8 | Z9: 1 | AA9: 1.0990629 | AB9: 0.26644599 | AD9: 1 | AE9: 3.513626 | AF9: 0.22399484 | AG9: -0.97457041 | AH9: 0.0062320167 | AI9: 0.9744218 | AJ9: 0.22383261 | AK9: -0.020027757 | AL9: 0.01812353 | AM9: 0.010558727 | AN9: 0.99978 | AO9: -16.520161 | AP9: 20.450215 | AQ9: 1.2508649
A10: baseline | B10: 11 | C10: s1-s6 | D10: 11_s1-s6 | E10: 0.1 | F10: sensitivity(not paper) | G10: svd | H10: 55 | I10: 80 | J10: 55 | K10: 80 | L10: 5 | M10: 10 | N10: 374 | O10: 9 | P10: 59 | Q10: 9 | R10: 5 | S10: 0 | T10: 0 | U10: 0 | V10: 0 | W10: 5 | X10: 5 | Y10: 0 | Z10: 1 | AA10: 3.6483182 | AB10: 1.1491703 | AD10: 0 | AE10: 2.532093 | AF10: 0.98832112 | AG10: 0.13925836 | AH10: -0.06187464 | AI10: -0.13975925 | AJ10: 0.99017814 | AK10: -0.0038211502 | AL10: 0.060734789 | AM10: 0.012424077 | AN10: 0.99807661 | AO10: 24.815825 | AP10: 19.956719 | AQ10: 3.1758339
A11: baseline | B11: 11 | C11: s1-s6 | D11: 11_s1-s6 | E11: 0.1 | F11: sensitivity(not paper) | G11: svd+ransac | H11: 55 | I11: 80 | J11: 55 | K11: 80 | L11: 5 | M11: 10 | N11: 374 | O11: 9 | P11: 59 | Q11: 9 | R11: 5 | S11: 0 | T11: 0 | U11: 0 | V11: 0 | W11: 5 | X11: 5 | Y11: 5 | Z11: 1 | AA11: 3.6483182 | AB11: 1.1491703 | AD11: 0 | AE11: 2.926866 | AF11: 0.98832112 | AG11: 0.13925836 | AH11: -0.06187464 | AI11: -0.13975925 | AJ11: 0.99017814 | AK11: -0.0038211502 | AL11: 0.060734789 | AM11: 0.012424077 | AN11: 0.99807661 | AO11: 24.815825 | AP11: 19.956719 | AQ11: 3.1758339
A12: baseline | B12: 11 | C12: s2-s3 | D12: 11_s2-s3 | E12: 0.1 | F12: sensitivity(not paper) | G12: svd | H12: 57 | I12: 51 | J12: 57 | K12: 51 | L12: 3 | M12: 8 | N12: 369 | O12: 17 | P12: 208 | Q12: 28 | R12: 18 | S12: 0 | T12: 0 | U12: 0 | V12: 0 | W12: 16 | X12: 16 | Y12: 0 | Z12: 1 | AA12: 2.00036 | AB12: 0.10939465 | AD12: 0 | AE12: 2.261734 | AF12: -0.91851505 | AG12: 0.39451307 | AH12: -0.026258918 | AI12: -0.39499256 | AJ12: -0.91853723 | AK12: 0.016438985 | AL12: -0.017634399 | AM12: 0.025471533 | AN12: 0.99952 | AO12: -1.5137353 | AP12: -3.740741 | AQ12: 0.20812189
A13: baseline | B13: 11 | C13: s2-s3 | D13: 11_s2-s3 | E13: 0.1 | F13: sensitivity(not paper) | G13: svd+ransac | H13: 57 | I13: 51 | J13: 57 | K13: 51 | L13: 3 | M13: 8 | N13: 369 | O13: 17 | P13: 208 | Q13: 28 | R13: 18 | S13: 0 | T13: 0 | U13: 0 | V13: 0 | W13: 16 | X13: 16 | Y13: 14 | Z13: 1 | AA13: 0.676017 | AB13: 0.029352326 | AD13: 1 | AE13: 3.165256 | AF13: -0.9189774 | AG13: 0.39426562 | AH13: -0.0059291085 | AI13: -0.39429457 | AJ13: -0.91897096 | AK13: 0.0049162263 | AL13: -0.0035103795 | AM13: 0.0068557162 | AN13: 0.99997034 | AO13: -1.46053 | AP13: -3.7748015 | AQ13: 0.15386127
... A39: baseline | B39: 12 | C39: s1-s5 | D39: 12_s1-s5 | E39: 0.1 | F39: sensitivity(not paper) | G39: svd+ransac | H39: 54 | I39: 88 | J39: 54 | K39: 88 | L39: 13 | M39: 14 | N39: 460 | O39: 12 | P39: 123 | Q39: 13 | R39: 11 | S39: 0 | T39: 0 | U39: 0 | V39: 0 | W39: 9 | X39: 9 | Y39: 9 | Z39: 1 | AA39: 0.57239351 | AB39: 0.094678168 | AD39: 1 | AE39: 3.697281 | AF39: 0.2246617 | AG39: -0.9744368 | AH39: 0.0001953484 | AI39: 0.97437373 | AJ39: 0.22464486 | AK39: -0.011424122 | AL39: 0.0110882 | AM39: 0.0027569049 | AN39: 0.99993472 | AO39: -16.524667 | AP39: 20.497024 | AQ39: 1.0829248
A40: baseline | B40: 12 | C40: s1-s6 | D40: 12_s1-s6 | E40: 0.1 | F40: sensitivity(not paper) | G40: svd | H40: 54 | I40: 82 | J40: 54 | K40: 82 | L40: 8 | M40: 14 | N40: 361 | O40: 8 | P40: 34 | Q40: 4 | R40: 3 | S40: 1 | T40: 4 | U40: 4 | V40: 0 | W40: 0 | X40: 0 | Y40: 0 | Z40: 0 | AD40: 0 | AE40: 3.066756 | AF40: 1 | AG40: 0 | AH40: 0 | AI40: 0 | AJ40: 1 | AK40: 0 | AL40: 0 | AM40: 0 | AN40: 1 | AO40: 0 | AP40: 0 | AQ40: 0
A41: baseline | B41: 12 | C41: s1-s6 | D41: 12_s1-s6 | E41: 0.1 | F41: sensitivity(not paper) | G41: svd+ransac | H41: 54 | I41: 82 | J41: 54 | K41: 82 | L41: 8 | M41: 14 | N41: 361 | O41: 8 | P41: 34 | Q41: 4 | R41: 3 | S41: 1 | T41: 4 | U41: 4 | V41: 0 | W41: 0 | X41: 0 | Y41: 0 | Z41: 0 | AD41: 0 | AE41: 3.066566 | AF41: 1 | AG41: 0 | AH41: 0 | AI41: 0 | AJ41: 1 | AK41: 0 | AL41: 0 | AM41: 0 | AN41: 1 | AO41: 0 | AP41: 0 | AQ41: 0
A42: baseline | B42: 12 | C42: s2-s3 | D42: 12_s2-s3 | E42: 0.1 | F42: sensitivity(not paper) | G42: svd | H42: 59 | I42: 47 | J42: 59 | K42: 47 | L42: 4 | M42: 10 | N42: 286 | O42: 16 | P42: 198 | Q42: 28 | R42: 17 | S42: 0 | T42: 0 | U42: 0 | V42: 0 | W42: 15 | X42: 15 | Y42: 0 | Z42: 1 | AA42: 1.3868504 | AB42: 0.13160352 | AD42: 1 | AE42: 1.598565 | AF42: -0.91914422 | AG42: 0.39357251 | AH42: -0.016570609 | AI42: -0.39377747 | AJ42: -0.91913179 | AK42: 0.011664078 | AL42: -0.010639914 | AM42: 0.017246102 | AN42: 0.99979466 | AO42: -1.4720722 | AP42: -3.7670644 | AQ42: 0.010016328
A43: baseline | B43: 12 | C43: s2-s3 | D43: 12_s2-s3 | E43: 0.1 | F43: sensitivity(not paper) | G43: svd+ransac | H43: 59 | I43: 47 | J43: 59 | K43: 47 | L43: 4 | M43: 10 | N43: 286 | O43: 16 | P43: 198 | Q43: 28 | R43: 17 | S43: 0 | T43: 0 | U43: 0 | V43: 0 | W43: 15 | X43: 15 | Y43: 14 | Z43: 1 | AA43: 0.36881896 | AB43: 0.057268447 | AD43: 1 | AE43: 2.420829 | AF43: -0.91942832 | AG43: 0.39325764 | AH43: -3.2775803e-05 | AI43: -0.39325622 | AJ43: -0.91942477 | AK43: 0.0027648262 | AL43: 0.0010571541 | AM43: 0.0025549488 | AN43: 0.99999618 | AO43: -1.4442397 | AP43: -3.7832973 | AQ43: 0.081963202
A44: baseline | B44: 12 | C44: s2-s4 | D44: 12_s2-s4 | E44: 0.1 | F44: sensitivity(not paper) | G44: svd | H44: 59 | I44: 57 | J44: 59 | K44: 57 | L44: 1 | M44: 7 | N44: 274 | O44: 13 | P44: 146 | Q44: 16 | R44: 13 | S44: 0 | T44: 0 | U44: 0 | V44: 0 | W44: 11 | X44: 11 | Y44: 0 | Z44: 1 | AA44: 0.53713641 | AB44: 0.030696717 | AD44: 1 | AE44: 1.767185 | AF44: -0.94763609 | AG44: 0.31934578 | AH44: -0.002028618 | AI44: -0.31930684 | AJ44: -0.94758938 | AK44: -0.010840208 | AL44: -0.0053840717 | AM44: -0.0096248211 | AN44: 0.99993919 | AO44: 12.640998 | AP44: 2.1739894 | AQ44: 0.85266949
A45: baseline | B45: 12 | C45: s2-s4 | D45: 12_s2-s4 | E45: 0.1 | F45: sensitivity(not paper) | G45: svd+ransac | H45: 59 | I45: 57 | J45: 59 | K45: 57 | L45: 1 | M45: 7 | N45: 274 | O45: 13 | P45: 146 | Q45: 16 | R45: 13 | S45: 0 | T45: 0 | U45: 0 | V45: 0 | W45: 11 | X45: 11 | Y45: 11 | Z45: 1 | AA45: 0.53713641 | AB45: 0.030696717 | AD45: 1 | AE45: 2.71565 | AF45: -0.94763609 | AG45: 0.31934578 | AH45: -0.002028618 | AI45: -0.31930684 | AJ45: -0.94758938 | AK45: -0.010840208 | AL45: -0.0053840717 | AM45: -0.0096248211 | AN45: 0.99993919 | AO45: 12.640998 | AP45: 2.1739894 | AQ45: 0.85266949
A46: baseline | B46: 12 | C46: s2-s5 | D46: 12_s2-s5 | E46: 0.1 | F46: sensitivity(not paper) | G46: svd | H46: 59 | I46: 88 | J46: 59 | K46: 88 | L46: 9 | M46: 16 | N46: 555 | O46: 14 | P46: 69 | Q46: 19 | R46: 5 | S46: 0 | T46: 0 | U46: 0 | V46: 0 | W46: 4 | X46: 4 | Y46: 0 | Z46: 1 | AA46: 0.97579348 | AB46: 0.038594445 | AD46: 1 | AE46: 3.366866 | AF46: 0.51973714 | AG46: 0.85413391 | AH46: 0.018126326 | AI46: -0.85423444 | AJ46: 0.51987532 | AK46: -0.0036286212 | AL46: -0.012522758 | AM46: -0.013598203 | AN46: 0.99982912 | AO46: -10.049835 | AP46: 11.45353 | AQ46: 0.4755858
A47: baseline | B47: 12 | C47: s2-s5 | D47: 12_s2-s5 | E47: 0.1 | F47: sensitivity(not paper) | G47: svd+ransac | H47: 59 | I47: 88 | J47: 59 | K47: 88 | L47: 9 | M47: 16 | N47: 555 | O47: 14 | P47: 69 | Q47: 19 | R47: 5 | S47: 0 | T47: 0 | U47: 0 | V47: 0 | W47: 4 | X47: 4 | Y47: 4 | Z47: 1 | AA47: 0.97579348 | AB47: 0.038594445 | AD47: 1 | AE47: 3.681463 | AF47: 0.51973714 | AG47: 0.85413391 | AH47: 0.018126326 | AI47: -0.85423444 | AJ47: 0.51987532 | AK47: -0.0036286212 | AL47: -0.012522758 | AM47: -0.013598203 | AN47: 0.99982912 | AO47: -10.049835 | AP47: 11.45353 | AQ47: 0.4755858
A48: baseline | B48: 12 | C48: s2-s6 | D48: 12_s2-s6 | E48: 0.1 | F48: sensitivity(not paper) | G48: svd | H48: 59 | I48: 82 | J48: 59 | K48: 82 | L48: 4 | M48: 16 | N48: 431 | O48: 12 | P48: 74 | Q48: 4 | R48: 7 | S48: 0 | T48: 0 | U48: 0 | V48: 0 | W48: 7 | X48: 7 | Y48: 0 | Z48: 1 | AA48: 2.6011556 | AB48: 0.22407278 | AD48: 0 | AE48: 2.590375 | AF48: -0.81178178 | AG48: 0.58258189 | AH48: -0.040108364 | AI48: -0.58338917 | AJ48: -0.8121104 | AK48: 0.011565986 | AL48: -0.025834286 | AM48: 0.032787842 | AN48: 0.99912839 | AO48: 16.573048 | AP48: 12.661636 | AQ48: 1.3408401
A49: baseline | B49: 12 | C49: s2-s6 | D49: 12_s2-s6 | E49: 0.1 | F49: sensitivity(not paper) | G49: svd+ransac | H49: 59 | I49: 82 | J49: 59 | K49: 82 | L49: 4 | M49: 16 | N49: 431 | O49: 12 | P49: 74 | Q49: 4 | R49: 7 | S49: 0 | T49: 0 | U49: 0 | V49: 0 | W49: 7 | X49: 7 | Y49: 6 | Z49: 1 | AA49: 0.75731466 | AB49: 0.05117237 | AD49: 1 | AE49: 3.209284 | AF49: -0.81273211 | AG49: 0.58254948 | AH49: -0.010130042 | AI49: -0.58257003 | AJ49: -0.81277978 | AK49: -0.0010921354 | AL49: -0.0088697158 | AM49: 0.0050138451 | AN49: 0.99994809 | AO49: 16.627449 | AP49: 12.641623 | AQ49: 1.5048611
A50: baseline | B50: 12 | C50: s3-s4 | D50: 12_s3-s4 | E50: 0.1 | F50: sensitivity(not paper) | G50: svd | H50: 47 | I50: 57 | J50: 47 | K50: 57 | L50: 3 | M50: 5 | N50: 171 | O50: 8 | P50: 104 | Q50: 14 | R50: 9 | S50: 0 | T50: 0 | U50: 0 | V50: 0 | W50: 6 | X50: 6 | Y50: 0 | Z50: 1 | AA50: 0.53958675 | AB50: 0.026632445 | AD50: 1 | AE50: 1.559448 | AF50: 0.99672728 | AG50: 0.080409042 | AH50: -0.0083129838 | AI50: -0.080378398 | AJ50: 0.99675657 | AK50: 0.003957377 | AL50: 0.0086042301 | AM50: -0.0032762413 | AN50: 0.99995762 | AO50: 14.362069 | AP50: 5.8354721 | AQ50: 0.72941321
A51: baseline | B51: 12 | C51: s3-s4 | D51: 12_s3-s4 | E51: 0.1 | F51: sensitivity(not paper) | G51: svd+ransac | H51: 47 | I51: 57 | J51: 47 | K51: 57 | L51: 3 | M51: 5 | N51: 171 | O51: 8 | P51: 104 | Q51: 14 | R51: 9 | S51: 0 | T51: 0 | U51: 0 | V51: 0 | W51: 6 | X51: 6 | Y51: 6 | Z51: 1 | AA51: 0.53958675 | AB51: 0.026632445 | AD51: 1 | AE51: 1.997748 | AF51: 0.99672728 | AG51: 0.080409042 | AH51: -0.0083129838 | AI51: -0.080378398 | AJ51: 0.99675657 | AK51: 0.003957377 | AL51: 0.0086042301 | AM51: -0.0032762413 | AN51: 0.99995762 | AO51: 14.362069 | AP51: 5.8354721 | AQ51: 0.72941321
A52: baseline | B52: 12 | C52: s3-s5 | D52: 12_s3-s5 | E52: 0.1 | F52: sensitivity(not paper) | G52: svd | H52: 47 | I52: 88 | J52: 47 | K52: 88 | L52: 11 | M52: 14 | N52: 383 | O52: 13 | P52: 110 | Q52: 20 | R52: 9 | S52: 0 | T52: 0 | U52: 0 | V52: 0 | W52: 8 | X52: 8 | Y52: 0 | Z52: 1 | AA52: 0.095482886 | AB52: 0.0330364 | AD52: 1 | AE52: 2.607799 | AF52: -0.13769324 | AG52: -0.99047463 | AH52: 0.00076508 | AI52: 0.99047162 | AJ52: -0.13769473 | AK52: -0.0024744892 | AL52: 0.0025562663 | AM52: 0.0004170696 | AN52: 0.99999665 | AO52: -14.022622 | AP52: 12.401658 | AQ52: 0.27909199
A53: baseline | B53: 12 | C53: s3-s5 | D53: 12_s3-s5 | E53: 0.1 | F53: sensitivity(not paper) | G53: svd+ransac | H53: 47 | I53: 88 | J53: 47 | K53: 88 | L53: 11 | M53: 14 | N53: 383 | O53: 13 | P53: 110 | Q53: 20 | R53: 9 | S53: 0 | T53: 0 | U53: 0 | V53: 0 | W53: 8 | X53: 8 | Y53: 8 | Z53: 1 | AA53: 0.095482886 | AB53: 0.0330364 | AD53: 1 | AE53: 3.229781 | AF53: -0.13769324 | AG53: -0.99047463 | AH53: 0.00076508 | AI53: 0.99047162 | AJ53: -0.13769473 | AK53: -0.0024744892 | AL53: 0.0025562663 | AM53: 0.0004170696 | AN53: 0.99999665 | AO53: -14.022622 | AP53: 12.401658 | AQ53: 0.27909199
... A97: baseline | B97: 14 | C97: s1-s4 | D97: 14_s1-s4 | E97: 0.1 | F97: sensitivity(not paper) | G97: svd+ransac | H97: 53 | I97: 59 | J97: 53 | K97: 59 | L97: 7 | M97: 6 | N97: 267 | O97: 11 | P97: 76 | Q97: 16 | R97: 6 | S97: 0 | T97: 0 | U97: 0 | V97: 0 | W97: 5 | X97: 5 | Y97: 5 | Z97: 1 | AA97: 1.0020328 | AB97: 0.21067835 | AD97: 1 | AE97: 2.408336 | AF97: 0.90277389 | AG97: 0.42985774 | AH97: -0.014887403 | AI97: -0.42999443 | AJ97: 0.90280013 | AK97: -0.007531048 | AL97: 0.01020307 | AM97: 0.013200334 | AN97: 0.99986081 | AO97: 22.80228 | AP97: 6.5309203 | AQ97: 1.6029176
A98: baseline | B98: 14 | C98: s1-s5 | D98: 14_s1-s5 | E98: 0.1 | F98: sensitivity(not paper) | G98: svd | H98: 53 | I98: 89 | J98: 53 | K98: 89 | L98: 7 | M98: 14 | N98: 413 | O98: 9 | P98: 43 | Q98: 13 | R98: 3 | S98: 0 | T98: 0 | U98: 0 | V98: 0 | W98: 1 | X98: 1 | Y98: 0 | Z98: 0 | AD98: 0 | AE98: 2.846351 | AF98: 1 | AG98: 0 | AH98: 0 | AI98: 0 | AJ98: 1 | AK98: 0 | AL98: 0 | AM98: 0 | AN98: 1 | AO98: 0 | AP98: 0 | AQ98: 0
A99: baseline | B99: 14 | C99: s1-s5 | D99: 14_s1-s5 | E99: 0.1 | F99: sensitivity(not paper) | G99: svd+ransac | H99: 53 | I99: 89 | J99: 53 | K99: 89 | L99: 7 | M99: 14 | N99: 413 | O99: 9 | P99: 43 | Q99: 13 | R99: 3 | S99: 0 | T99: 0 | U99: 0 | V99: 0 | W99: 1 | X99: 1 | Y99: 0 | Z99: 0 | AD99: 0 | AE99: 2.845982 | AF99: 1 | AG99: 0 | AH99: 0 | AI99: 0 | AJ99: 1 | AK99: 0 | AL99: 0 | AM99: 0 | AN99: 1 | AO99: 0 | AP99: 0 | AQ99: 0
A100: baseline | B100: 14 | C100: s1-s6 | D100: 14_s1-s6 | E100: 0.1 | F100: sensitivity(not paper) | G100: svd | H100: 53 | I100: 91 | J100: 53 | K100: 91 | L100: 9 | M100: 8 | N100: 368 | O100: 8 | P100: 28 | Q100: 8 | R100: 2 | S100: 1 | T100: 6 | U100: 6 | V100: 10 | W100: 5 | X100: 5 | Y100: 0 | Z100: 1 | AA100: 3.6574011 | AB100: 0.21096124 | AD100: 0 | AE100: 3.454547 | AF100: 0.98716501 | AG100: 0.15266419 | AH100: -0.046892296 | AI100: -0.15084555 | AJ100: 0.9877412 | AK100: 0.040161348 | AL100: 0.052448652 | AM100: -0.032572383 | AN100: 0.99809227 | AO100: 25.08119 | AP100: 19.874749 | AQ100: 2.2757799
A101: baseline | B101: 14 | C101: s1-s6 | D101: 14_s1-s6 | E101: 0.1 | F101: sensitivity(not paper) | G101: svd+ransac | H101: 53 | I101: 91 | J101: 53 | K101: 91 | L101: 9 | M101: 8 | N101: 368 | O101: 8 | P101: 28 | Q101: 8 | R101: 2 | S101: 1 | T101: 6 | U101: 6 | V101: 10 | W101: 5 | X101: 5 | Y101: 4 | Z101: 1 | AA101: 1.1687845 | AB101: 0.069509843 | AD101: 1 | AE101: 3.913259 | AF101: 0.98861015 | AG101: 0.14936373 | AH101: -0.018451225 | AI101: -0.14932864 | AJ101: 0.9887822 | AK101: 0.0032731329 | AL101: 0.01873313 | AM101: -0.00048055611 | AN101: 0.9998244 | AO101: 25.134979 | AP101: 19.808878 | AQ101: 2.1516177
A102: baseline | B102: 14 | C102: s2-s3 | D102: 14_s2-s3 | E102: 0.1 | F102: sensitivity(not paper) | G102: svd | H102: 59 | I102: 52 | J102: 59 | K102: 52 | L102: 5 | M102: 9 | N102: 336 | O102: 15 | P102: 143 | Q102: 13 | R102: 13 | S102: 0 | T102: 0 | U102: 0 | V102: 0 | W102: 11 | X102: 11 | Y102: 0 | Z102: 1 | AA102: 1.1607869 | AB102: 0.1501446 | AD102: 1 | AE102: 1.76362 | AF102: -0.91946377 | AG102: 0.3929716 | AH102: -0.012637226 | AI102: -0.39310158 | AJ102: -0.91943774 | AK102: 0.010266342 | AL102: -0.0075847617 | AM102: 0.014407243 | AN102: 0.99986744 | AO102: -1.4610985 | AP102: -3.7614549 | AQ102: -0.0088676716
A103: baseline | B103: 14 | C103: s2-s3 | D103: 14_s2-s3 | E103: 0.1 | F103: sensitivity(not paper) | G103: svd+ransac | H103: 59 | I103: 52 | J103: 59 | K103: 52 | L103: 5 | M103: 9 | N103: 336 | O103: 15 | P103: 143 | Q103: 13 | R103: 13 | S103: 0 | T103: 0 | U103: 0 | V103: 0 | W103: 11 | X103: 11 | Y103: 9 | Z103: 1 | AA103: 0.17750187 | AB103: 0.023864113 | AD103: 1 | AE103: 2.525852 | AF103: -0.91955682 | AG103: 0.3929173 | AH103: 0.0055897697 | AI103: -0.39293443 | AJ103: -0.91956349 | AK103: -0.0023505589 | AL103: 0.0042165729 | AM103: -0.0043578855 | AN103: 0.99998161 | AO103: -1.4333289 | AP103: -3.7853549 | AQ103: 0.13228717
A104: baseline | B104: 14 | C104: s2-s4 | D104: 14_s2-s4 | E104: 0.1 | F104: sensitivity(not paper) | G104: svd | H104: 59 | I104: 59 | J104: 59 | K104: 59 | L104: 6 | M104: 8 | N104: 309 | O104: 15 | P104: 141 | Q104: 21 | R104: 12 | S104: 0 | T104: 0 | U104: 0 | V104: 0 | W104: 10 | X104: 10 | Y104: 0 | Z104: 1 | AA104: 1.8826547 | AB104: 0.1048886 | AD104: 1 | AE104: 2.093266 | AF104: -0.94846389 | AG104: 0.31616555 | AH104: -0.021344432 | AI104: -0.31657065 | AJ104: -0.948371 | AK104: 0.019376932 | AL104: -0.014116122 | AM104: 0.025135341 | AN104: 0.99958439 | AO104: 12.543628 | AP104: 2.2220614 | AQ104: 0.91020562
A105: baseline | B105: 14 | C105: s2-s4 | D105: 14_s2-s4 | E105: 0.1 | F105: sensitivity(not paper) | G105: svd+ransac | H105: 59 | I105: 59 | J105: 59 | K105: 59 | L105: 6 | M105: 8 | N105: 309 | O105: 15 | P105: 141 | Q105: 21 | R105: 12 | S105: 0 | T105: 0 | U105: 0 | V105: 0 | W105: 10 | X105: 10 | Y105: 9 | Z105: 1 | AA105: 1.3390763 | AB105: 0.15152805 | AD105: 1 | AE105: 2.670042 | AF105: -0.94732217 | AG105: 0.32028125 | AH105: 0.00078703856 | AI105: -0.32019177 | AJ105: -0.94699338 | AK105: -0.026091546 | AL105: -0.0076113126 | AM105: -0.024969103 | AN105: 0.99965925 | AO105: 12.625771 | AP105: 2.1251068 | AQ105: 0.7364877
A106: baseline | B106: 14 | C106: s2-s5 | D106: 14_s2-s5 | E106: 0.1 | F106: sensitivity(not paper) | G106: svd | H106: 59 | I106: 89 | J106: 59 | K106: 89 | L106: 6 | M106: 16 | N106: 579 | O106: 13 | P106: 51 | Q106: 11 | R106: 4 | S106: 0 | T106: 0 | U106: 0 | V106: 0 | W106: 3 | X106: 3 | Y106: 0 | Z106: 1 | AA106: 0.72084793 | AB106: 0.064220474 | AD106: 1 | AE106: 3.17147 | AF106: 0.51574356 | AG106: 0.85663554 | AH106: 0.013569277 | AI106: -0.85665533 | AJ106: 0.51585268 | AK106: -0.00613697 | AL106: -0.012256895 | AM106: -0.0084590907 | AN106: 0.9998891 | AO106: -10.044984 | AP106: 11.442879 | AQ106: 0.49898364
A107: baseline | B107: 14 | C107: s2-s5 | D107: 14_s2-s5 | E107: 0.1 | F107: sensitivity(not paper) | G107: svd+ransac | H107: 59 | I107: 89 | J107: 59 | K107: 89 | L107: 6 | M107: 16 | N107: 579 | O107: 13 | P107: 51 | Q107: 11 | R107: 4 | S107: 0 | T107: 0 | U107: 0 | V107: 0 | W107: 3 | X107: 3 | Y107: 3 | Z107: 1 | AA107: 0.72084793 | AB107: 0.064220474 | AD107: 1 | AE107: 3.358027 | AF107: 0.51574356 | AG107: 0.85663554 | AH107: 0.013569277 | AI107: -0.85665533 | AJ107: 0.51585268 | AK107: -0.00613697 | AL107: -0.012256895 | AM107: -0.0084590907 | AN107: 0.9998891 | AO107: -10.044984 | AP107: 11.442879 | AQ107: 0.49898364
A108: baseline | B108: 14 | C108: s2-s6 | D108: 14_s2-s6 | E108: 0.1 | F108: sensitivity(not paper) | G108: svd | H108: 59 | I108: 91 | J108: 59 | K108: 91 | L108: 8 | M108: 10 | N108: 485 | O108: 11 | P108: 58 | Q108: 18 | R108: 4 | S108: 0 | T108: 0 | U108: 0 | V108: 0 | W108: 6 | X108: 6 | Y108: 0 | Z108: 1 | AA108: 2.2329448 | AB108: 0.15512063 | AD108: 0 | AE108: 3.996199 | AF108: -0.8125105 | AG108: 0.58194046 | AH108: -0.034234426 | AI108: -0.58250672 | AJ108: -0.81277707 | AK108: 0.0089081068 | AL108: -0.022640969 | AM108: 0.027179713 | AN108: 0.99937413 | AO108: 16.531444 | AP108: 12.646152 | AQ108: 1.4447027
A109: baseline | B109: 14 | C109: s2-s6 | D109: 14_s2-s6 | E109: 0.1 | F109: sensitivity(not paper) | G109: svd+ransac | H109: 59 | I109: 91 | J109: 59 | K109: 91 | L109: 8 | M109: 10 | N109: 485 | O109: 11 | P109: 58 | Q109: 18 | R109: 4 | S109: 0 | T109: 0 | U109: 0 | V109: 0 | W109: 6 | X109: 6 | Y109: 5 | Z109: 1 | AA109: 1.007795 | AB109: 0.066191559 | AD109: 1 | AE109: 4.44582 | AF109: -0.81249092 | AG109: 0.5828151 | AH109: -0.013603709 | AI109: -0.58290113 | AJ109: -0.81253692 | AK109: 0.0031670763 | AL109: -0.0092076958 | AM109: 0.010502838 | AN109: 0.99990245 | AO109: 16.601486 | AP109: 12.629422 | AQ109: 1.5043889
A110: baseline | B110: 14 | C110: s3-s4 | D110: 14_s3-s4 | E110: 0.1 | F110: sensitivity(not paper) | G110: svd | H110: 52 | I110: 59 | J110: 52 | K110: 59 | L110: 5 | M110: 7 | N110: 254 | O110: 14 | P110: 147 | Q110: 27 | R110: 12 | S110: 0 | T110: 0 | U110: 0 | V110: 0 | W110: 12 | X110: 12 | Y110: 0 | Z110: 1 | AA110: 0.57175445 | AB110: 0.045387004 | AD110: 1 | AE110: 2.165668 | AF110: 0.99678008 | AG110: 0.079668835 | AH110: -0.0090750728 | AI110: -0.079641021 | AJ110: 0.99681786 | AK110: 0.0033866807 | AL110: 0.0093160075 | AM110: -0.0026530278 | AN110: 0.99995309 | AO110: 14.339969 | AP110: 5.8363953 | AQ110: 0.73722509
A111: baseline | B111: 14 | C111: s3-s4 | D111: 14_s3-s4 | E111: 0.1 | F111: sensitivity(not paper) | G111: svd+ransac | H111: 52 | I111: 59 | J111: 52 | K111: 59 | L111: 5 | M111: 7 | N111: 254 | O111: 14 | P111: 147 | Q111: 27 | R111: 12 | S111: 0 | T111: 0 | U111: 0 | V111: 0 | W111: 12 | X111: 12 | Y111: 12 | Z111: 1 | AA111: 0.57175445 | AB111: 0.045387004 | AD111: 1 | AE111: 3.172532 | AF111: 0.99678008 | AG111: 0.079668835 | AH111: -0.0090750728 | AI111: -0.079641021 | AJ111: 0.99681786 | AK111: 0.0033866807 | AL111: 0.0093160075 | AM111: -0.0026530278 | AN111: 0.99995309 | AO111: 14.339969 | AP111: 5.8363953 | AQ111: 0.73722509
... A115: baseline | B115: 14 | C115: s3-s6 | D115: 14_s3-s6 | E115: 0.1 | F115: sensitivity(not paper) | G115: svd+ransac | H115: 52 | I115: 91 | J115: 52 | K115: 91 | L115: 7 | M115: 9 | N115: 420 | O115: 12 | P115: 103 | Q115: 23 | R115: 8 | S115: 0 | T115: 0 | U115: 0 | V115: 0 | W115: 6 | X115: 6 | Y115: 6 | Z115: 1 | AA115: 0.636864 | AB115: 0.38732812 | AD115: 1 | AE115: 3.461537 | AF115: 0.97665857 | AG115: -0.21461706 | AH115: 0.0088062633 | AI115: 0.21456768 | AJ115: 0.97668928 | AK115: 0.0062256768 | AL115: -0.0099371194 | AM115: -0.0041908212 | AN115: 0.99994184 | AO115: 17.288267 | AP115: 16.648587 | AQ115: 1.0337016
A116: baseline | B116: 14 | C116: s4-s5 | D116: 14_s4-s5 | E116: 0.1 | F116: sensitivity(not paper) | G116: svd | H116: 59 | I116: 89 | J116: 59 | K116: 89 | L116: 6 | M116: 14 | N116: 452 | O116: 9 | P116: 58 | Q116: 18 | R116: 4 | S116: 0 | T116: 0 | U116: 0 | V116: 0 | W116: 2 | X116: 2 | Y116: 0 | Z116: 0 | AD116: 0 | AE116: 3.601193 | AF116: 1 | AG116: 0 | AH116: 0 | AI116: 0 | AJ116: 1 | AK116: 0 | AL116: 0 | AM116: 0 | AN116: 1 | AO116: 0 | AP116: 0 | AQ116: 0
A117: baseline | B117: 14 | C117: s4-s5 | D117: 14_s4-s5 | E117: 0.1 | F117: sensitivity(not paper) | G117: svd+ransac | H117: 59 | I117: 89 | J117: 59 | K117: 89 | L117: 6 | M117: 14 | N117: 452 | O117: 9 | P117: 58 | Q117: 18 | R117: 4 | S117: 0 | T117: 0 | U117: 0 | V117: 0 | W117: 2 | X117: 2 | Y117: 0 | Z117: 0 | AD117: 0 | AE117: 3.600912 | AF117: 1 | AG117: 0 | AH117: 0 | AI117: 0 | AJ117: 1 | AK117: 0 | AL117: 0 | AM117: 0 | AN117: 1 | AO117: 0 | AP117: 0 | AQ117: 0
A118: baseline | B118: 14 | C118: s4-s6 | D118: 14_s4-s6 | E118: 0.1 | F118: sensitivity(not paper) | G118: svd | H118: 59 | I118: 91 | J118: 59 | K118: 91 | L118: 8 | M118: 8 | N118: 479 | O118: 18 | P118: 207 | Q118: 27 | R118: 18 | S118: 0 | T118: 0 | U118: 0 | V118: 0 | W118: 16 | X118: 16 | Y118: 0 | Z118: 1 | AA118: 0.45976903 | AB118: 0.14712777 | AD118: 1 | AE118: 3.361368 | AF118: 0.95598366 | AG118: -0.29340849 | AH118: -0.0025871917 | AI118: 0.29341968 | AJ118: 0.95595661 | AK118: 0.0072007358 | AL118: 0.000360486 | AM118: -0.0076429188 | AN118: 0.99997073 | AO118: 5.2001765 | AP118: 6.8655364 | AQ118: 0.81112095
A119: baseline | B119: 14 | C119: s4-s6 | D119: 14_s4-s6 | E119: 0.1 | F119: sensitivity(not paper) | G119: svd+ransac | H119: 59 | I119: 91 | J119: 59 | K119: 91 | L119: 8 | M119: 8 | N119: 479 | O119: 18 | P119: 207 | Q119: 27 | R119: 18 | S119: 0 | T119: 0 | U119: 0 | V119: 0 | W119: 16 | X119: 16 | Y119: 14 | Z119: 1 | AA119: 0.46370378 | AB119: 0.086307283 | AD119: 1 | AE119: 4.192961 | AF119: 0.95576586 | AG119: -0.29410987 | AH119: 0.0033184676 | AI119: 0.29412716 | AJ119: 0.95573556 | AK119: -0.0076649273 | AL119: -0.00091724677 | AM119: 0.0083019273 | AN119: 0.99996512 | AO119: 5.2084193 | AP119: 6.8459216 | AQ119: 0.74957748
A120: baseline | B120: 14 | C120: s5-s6 | D120: 14_s5-s6 | E120: 0.1 | F120: sensitivity(not paper) | G120: svd | H120: 89 | I120: 91 | J120: 89 | K120: 91 | L120: 8 | M120: 16 | N120: 756 | O120: 23 | P120: 167 | Q120: 17 | R120: 15 | S120: 0 | T120: 0 | U120: 0 | V120: 0 | W120: 13 | X120: 13 | Y120: 0 | Z120: 1 | AA120: 0.43057043 | AB120: 0.051075127 | AD120: 1 | AE120: 4.25636 | AF120: 0.080700685 | AG120: 0.99673752 | AH120: -0.0013111294 | AI120: -0.9967178 | AJ120: 0.080707402 | AK120: 0.0063201979 | AL120: 0.0064053963 | AM120: 0.00079678169 | AN120: 0.99997917 | AO120: 5.9968658 | AP120: 1.7184723 | AQ120: 1.0989164
A121: baseline | B121: 14 | C121: s5-s6 | D121: 14_s5-s6 | E121: 0.1 | F121: sensitivity(not paper) | G121: svd+ransac | H121: 89 | I121: 91 | J121: 89 | K121: 91 | L121: 8 | M121: 16 | N121: 756 | O121: 23 | P121: 167 | Q121: 17 | R121: 15 | S121: 0 | T121: 0 | U121: 0 | V121: 0 | W121: 13 | X121: 13 | Y121: 13 | Z121: 1 | AA121: 0.43057043 | AB121: 0.051075127 | AD121: 1 | AE121: 4.965506 | AF121: 0.080700685 | AG121: 0.99673752 | AH121: -0.0013111294 | AI121: -0.9967178 | AJ121: 0.080707402 | AK121: 0.0063201979 | AL121: 0.0064053963 | AM121: 0.00079678169 | AN121: 0.99997917 | AO121: 5.9968658 | AP121: 1.7184723 | AQ121: 1.0989164
A122: baseline | B122: 15 | C122: s1-s2 | D122: 15_s1-s2 | E122: 0.1 | F122: sensitivity(not paper) | G122: svd | H122: 54 | I122: 61 | J122: 54 | K122: 61 | L122: 3 | M122: 12 | N122: 318 | O122: 11 | P122: 99 | Q122: 29 | R122: 7 | S122: 0 | T122: 0 | U122: 0 | V122: 0 | W122: 8 | X122: 8 | Y122: 0 | Z122: 1 | AA122: 0.34448568 | AB122: 0.074352782 | AD122: 1 | AE122: 1.765048 | AF122: -0.71850153 | AG122: -0.69549984 | AH122: 0.0059611169 | AI122: 0.69548294 | AJ122: -0.71852598 | AK122: -0.0048897339 | AL122: 0.0076840265 | AM122: 0.00063257377 | AN122: 0.99997028 | AO122: -11.073855 | AP122: -0.87224109 | AQ122: 0.61032071
A123: baseline | B123: 15 | C123: s1-s2 | D123: 15_s1-s2 | E123: 0.1 | F123: sensitivity(not paper) | G123: svd+ransac | H123: 54 | I123: 61 | J123: 54 | K123: 61 | L123: 3 | M123: 12 | N123: 318 | O123: 11 | P123: 99 | Q123: 29 | R123: 7 | S123: 0 | T123: 0 | U123: 0 | V123: 0 | W123: 8 | X123: 8 | Y123: 8 | Z123: 1 | AA123: 0.34448568 | AB123: 0.074352782 | AD123: 1 | AE123: 2.308026 | AF123: -0.71850153 | AG123: -0.69549984 | AH123: 0.0059611169 | AI123: 0.69548294 | AJ123: -0.71852598 | AK123: -0.0048897339 | AL123: 0.0076840265 | AM123: 0.00063257377 | AN123: 0.99997028 | AO123: -11.073855 | AP123: -0.87224109 | AQ123: 0.61032071
A124: baseline | B124: 15 | C124: s1-s3 | D124: 15_s1-s3 | E124: 0.1 | F124: sensitivity(not paper) | G124: svd | H124: 54 | I124: 46 | J124: 54 | K124: 46 | L124: 3 | M124: 6 | N124: 225 | O124: 15 | P124: 206 | Q124: 16 | R124: 19 | S124: 0 | T124: 0 | U124: 0 | V124: 0 | W124: 14 | X124: 14 | Y124: 0 | Z124: 1 | AA124: 0.29559766 | AB124: 0.067560119 | AD124: 1 | AE124: 1.537123 | AF124: 0.93363711 | AG124: 0.35821911 | AH124: -0.00090589957 | AI124: -0.358215 | AJ124: 0.93363412 | AK124: 0.0030550782 | AL124: 0.0019401661 | AM124: -0.0025278275 | AN124: 0.99999492 | AO124: 8.4069863 | AP124: 1.3471721 | AQ124: 0.60432046
A125: baseline | B125: 15 | C125: s1-s3 | D125: 15_s1-s3 | E125: 0.1 | F125: sensitivity(not paper) | G125: svd+ransac | H125: 54 | I125: 46 | J125: 54 | K125: 46 | L125: 3 | M125: 6 | N125: 225 | O125: 15 | P125: 206 | Q125: 16 | R125: 19 | S125: 0 | T125: 0 | U125: 0 | V125: 0 | W125: 14 | X125: 14 | Y125: 14 | Z125: 1 | AA125: 0.29559766 | AB125: 0.067560119 | AD125: 1 | AE125: 2.271427 | AF125: 0.93363711 | AG125: 0.35821911 | AH125: -0.00090589957 | AI125: -0.358215 | AJ125: 0.93363412 | AK125: 0.0030550782 | AL125: 0.0019401661 | AM125: -0.0025278275 | AN125: 0.99999492 | AO125: 8.4069863 | AP125: 1.3471721 | AQ125: 0.60432046
A126: baseline | B126: 15 | C126: s1-s4 | D126: 15_s1-s4 | E126: 0.1 | F126: sensitivity(not paper) | G126: svd | H126: 54 | I126: 53 | J126: 54 | K126: 53 | L126: 3 | M126: 9 | N126: 202 | O126: 7 | P126: 86 | Q126: 16 | R126: 7 | S126: 0 | T126: 0 | U126: 0 | V126: 0 | W126: 4 | X126: 4 | Y126: 0 | Z126: 1 | AA126: 0.98447625 | AB126: 0.20131757 | AD126: 1 | AE126: 1.721611 | AF126: 0.90276575 | AG126: 0.42986994 | AH126: -0.015027882 | AI126: -0.42999379 | AJ126: 0.90281091 | AK126: -0.0061477078 | AL126: 0.010924621 | AM126: 0.012011836 | AN126: 0.99986818 | AO126: 22.837249 | AP126: 6.488944 | AQ126: 1.6018688
A127: baseline | B127: 15 | C127: s1-s4 | D127: 15_s1-s4 | E127: 0.1 | F127: sensitivity(not paper) | G127: svd+ransac | H127: 54 | I127: 53 | J127: 54 | K127: 53 | L127: 3 | M127: 9 | N127: 202 | O127: 7 | P127: 86 | Q127: 16 | R127: 7 | S127: 0 | T127: 0 | U127: 0 | V127: 0 | W127: 4 | X127: 4 | Y127: 4 | Z127: 1 | AA127: 0.98447625 | AB127: 0.20131757 | AD127: 1 | AE127: 2.096175 | AF127: 0.90276575 | AG127: 0.42986994 | AH127: -0.015027882 | AI127: -0.42999379 | AJ127: 0.90281091 | AK127: -0.0061477078 | AL127: 0.010924621 | AM127: 0.012011836 | AN127: 0.99986818 | AO127: 22.837249 | AP127: 6.488944 | AQ127: 1.6018688
A128: baseline | B128: 15 | C128: s1-s5 | D128: 15_s1-s5 | E128: 0.1 | F128: sensitivity(not paper) | G128: svd | H128: 54 | I128: 85 | J128: 54 | K128: 85 | L128: 7 | M128: 17 | N128: 384 | O128: 7 | P128: 49 | Q128: 9 | R128: 4 | S128: 0 | T128: 0 | U128: 0 | V128: 0 | W128: 2 | X128: 2 | Y128: 0 | Z128: 0 | AD128: 0 | AE128: 2.939235 | AF128: 1 | AG128: 0 | AH128: 0 | AI128: 0 | AJ128: 1 | AK128: 0 | AL128: 0 | AM128: 0 | AN128: 1 | AO128: 0 | AP128: 0 | AQ128: 0
A129: baseline | B129: 15 | C129: s1-s5 | D129: 15_s1-s5 | E129: 0.1 | F129: sensitivity(not paper) | G129: svd+ransac | H129: 54 | I129: 85 | J129: 54 | K129: 85 | L129: 7 | M129: 17 | N129: 384 | O129: 7 | P129: 49 | Q129: 9 | R129: 4 | S129: 0 | T129: 0 | U129: 0 | V129: 0 | W129: 2 | X129: 2 | Y129: 0 | Z129: 0 | AD129: 0 | AE129: 2.93904 | AF129: 1 | AG129: 0 | AH129: 0 | AI129: 0 | AJ129: 1 | AK129: 0 | AL129: 0 | AM129: 0 | AN129: 1 | AO129: 0 | AP129: 0 | AQ129: 0
A130: baseline | B130: 15 | C130: s1-s6 | D130: 15_s1-s6 | E130: 0.1 | F130: sensitivity(not paper) | G130: svd | H130: 54 | I130: 85 | J130: 54 | K130: 85 | L130: 4 | M130: 8 | N130: 379 | O130: 9 | P130: 38 | Q130: 8 | R130: 3 | S130: 1 | T130: 8 | U130: 8 | V130: 40 | W130: 8 | X130: 8 | Y130: 0 | Z130: 1 | AA130: 1.1399676 | AB130: 0.10681483 | AD130: 1 | AE130: 2.915442 | AF130: 0.98897953 | AG130: 0.14710394 | AH130: -0.016730961 | AI130: -0.14700349 | AJ130: 0.98911057 | AK130: 0.0070896221 | AL130: 0.017591682 | AM130: -0.0045519814 | AN130: 0.99983489 | AO130: 25.123875 | AP130: 19.80471 | AQ130: 2.1871305
A131: baseline | B131: 15 | C131: s1-s6 | D131: 15_s1-s6 | E131: 0.1 | F131: sensitivity(not paper) | G131: svd+ransac | H131: 54 | I131: 85 | J131: 54 | K131: 85 | L131: 4 | M131: 8 | N131: 379 | O131: 9 | P131: 38 | Q131: 8 | R131: 3 | S131: 1 | T131: 8 | U131: 8 | V131: 40 | W131: 8 | X131: 8 | Y131: 8 | Z131: 1 | AA131: 1.1399676 | AB131: 0.10681483 | AD131: 1 | AE131: 3.68932 | AF131: 0.98897953 | AG131: 0.14710394 | AH131: -0.016730961 | AI131: -0.14700349 | AJ131: 0.98911057 | AK131: 0.0070896221 | AL131: 0.017591682 | AM131: -0.0045519814 | AN131: 0.99983489 | AO131: 25.123875 | AP131: 19.80471 | AQ131: 2.1871305
A132: baseline | B132: 15 | C132: s2-s3 | D132: 15_s2-s3 | E132: 0.1 | F132: sensitivity(not paper) | G132: svd | H132: 61 | I132: 46 | J132: 61 | K132: 46 | L132: 4 | M132: 12 | N132: 280 | O132: 14 | P132: 208 | Q132: 48 | R132: 16 | S132: 0 | T132: 0 | U132: 0 | V132: 0 | W132: 12 | X132: 12 | Y132: 0 | Z132: 1 | AA132: 0.17542567 | AB132: 0.022309234 | AD132: 1 | AE132: 1.724862 | AF132: -0.91946778 | AG132: 0.39316525 | AH132: 0.00028485202 | AI132: -0.39316531 | AJ132: -0.91946713 | AK132: -0.0011114437 | AL132: -0.00017506895 | AM132: -0.0011339306 | AN132: 0.99999934 | AO132: -1.4450922 | AP132: -3.7908789 | AQ132: 0.11706224
A133: baseline | B133: 15 | C133: s2-s3 | D133: 15_s2-s3 | E133: 0.1 | F133: sensitivity(not paper) | G133: svd+ransac | H133: 61 | I133: 46 | J133: 61 | K133: 46 | L133: 4 | M133: 12 | N133: 280 | O133: 14 | P133: 208 | Q133: 48 | R133: 16 | S133: 0 | T133: 0 | U133: 0 | V133: 0 | W133: 12 | X133: 12 | Y133: 12 | Z133: 1 | AA133: 0.17542567 | AB133: 0.022309234 | AD133: 1 | AE133: 2.371384 | AF133: -0.91946778 | AG133: 0.39316525 | AH133: 0.00028485202 | AI133: -0.39316531 | AJ133: -0.91946713 | AK133: -0.0011114437 | AL133: -0.00017506895 | AM133: -0.0011339306 | AN133: 0.99999934 | AO133: -1.4450922 | AP133: -3.7908789 | AQ133: 0.11706224
A134: baseline | B134: 15 | C134: s2-s4 | D134: 15_s2-s4 | E134: 0.1 | F134: sensitivity(not paper) | G134: svd | H134: 61 | I134: 53 | J134: 61 | K134: 53 | L134: 4 | M134: 15 | N134: 248 | O134: 16 | P134: 158 | Q134: 18 | R134: 14 | S134: 0 | T134: 0 | U134: 0 | V134: 0 | W134: 12 | X134: 12 | Y134: 0 | Z134: 1 | AA134: 0.36825878 | AB134: 0.012378281 | AD134: 1 | AE134: 1.779781 | AF134: -0.94834265 | AG134: 0.31723909 | AH134: -0.002360257 | AI134: -0.31721658 | AJ134: -0.94832736 | AK134: -0.0069899334 | AL134: -0.0044557764 | AM134: -0.0058801394 | AN134: 0.99997278 | AO134: 12.630032 | AP134: 2.1639432 | AQ134: 0.87040827
A135: baseline | B135: 15 | C135: s2-s4 | D135: 15_s2-s4 | E135: 0.1 | F135: sensitivity(not paper) | G135: svd+ransac | H135: 61 | I135: 53 | J135: 61 | K135: 53 | L135: 4 | M135: 15 | N135: 248 | O135: 16 | P135: 158 | Q135: 18 | R135: 14 | S135: 0 | T135: 0 | U135: 0 | V135: 0 | W135: 12 | X135: 12 | Y135: 12 | Z135: 1 | AA135: 0.36825878 | AB135: 0.012378281 | AD135: 1 | AE135: 2.452873 | AF135: -0.94834265 | AG135: 0.31723909 | AH135: -0.002360257 | AI135: -0.31721658 | AJ135: -0.94832736 | AK135: -0.0069899334 | AL135: -0.0044557764 | AM135: -0.0058801394 | AN135: 0.99997278 | AO135: 12.630032 | AP135: 2.1639432 | AQ135: 0.87040827
A136: baseline | B136: 15 | C136: s2-s5 | D136: 15_s2-s5 | E136: 0.1 | F136: sensitivity(not paper) | G136: svd | H136: 61 | I136: 85 | J136: 61 | K136: 85 | L136: 8 | M136: 23 | N136: 528 | O136: 12 | P136: 108 | Q136: 18 | R136: 9 | S136: 0 | T136: 0 | U136: 0 | V136: 0 | W136: 3 | X136: 3 | Y136: 0 | Z136: 1 | AA136: 0.67825265 | AB136: 0.076857091 | AD136: 1 | AE136: 3.138102 | AF136: 0.51561252 | AG136: 0.85679426 | AH136: 0.0068796205 | AI136: -0.85672314 | AJ136: 0.51565837 | AK136: -0.011041088 | AL136: -0.013007475 | AM136: -0.00020100674 | AN136: 0.99991538 | AO136: -10.053338 | AP136: 11.451062 | AQ136: 0.51520806
A137: baseline | B137: 15 | C137: s2-s5 | D137: 15_s2-s5 | E137: 0.1 | F137: sensitivity(not paper) | G137: svd+ransac | H137: 61 | I137: 85 | J137: 61 | K137: 85 | L137: 8 | M137: 23 | N137: 528 | O137: 12 | P137: 108 | Q137: 18 | R137: 9 | S137: 0 | T137: 0 | U137: 0 | V137: 0 | W137: 3 | X137: 3 | Y137: 3 | Z137: 1 | AA137: 0.67825265 | AB137: 0.076857091 | AD137: 1 | AE137: 3.323813 | AF137: 0.51561252 | AG137: 0.85679426 | AH137: 0.0068796205 | AI137: -0.85672314 | AJ137: 0.51565837 | AK137: -0.011041088 | AL137: -0.013007475 | AM137: -0.00020100674 | AN137: 0.99991538 | AO137: -10.053338 | AP137: 11.451062 | AQ137: 0.51520806
A138: baseline | B138: 15 | C138: s2-s6 | D138: 15_s2-s6 | E138: 0.1 | F138: sensitivity(not paper) | G138: svd | H138: 61 | I138: 85 | J138: 61 | K138: 85 | L138: 5 | M138: 14 | N138: 462 | O138: 12 | P138: 95 | Q138: 15 | R138: 8 | S138: 0 | T138: 0 | U138: 0 | V138: 0 | W138: 8 | X138: 8 | Y138: 0 | Z138: 1 | AA138: 0.34456525 | AB138: 0.022811398 | AD138: 1 | AE138: 3.780239 | AF138: -0.81346808 | AG138: 0.58160224 | AH138: -0.0029190109 | AI138: -0.58159325 | AJ138: -0.8134726 | AK138: -0.0034084448 | AL138: -0.0043568945 | AM138: -0.001074984 | AN138: 0.99998993 | AO138: 16.631157 | AP138: 12.651993 | AQ138: 1.5339949
A139: baseline | B139: 15 | C139: s2-s6 | D139: 15_s2-s6 | E139: 0.1 | F139: sensitivity(not paper) | G139: svd+ransac | H139: 61 | I139: 85 | J139: 61 | K139: 85 | L139: 5 | M139: 14 | N139: 462 | O139: 12 | P139: 95 | Q139: 15 | R139: 8 | S139: 0 | T139: 0 | U139: 0 | V139: 0 | W139: 8 | X139: 8 | Y139: 7 | Z139: 1 | AA139: 1.0874559 | AB139: 0.091192746 | AD139: 1 | AE139: 4.45833 | AF139: -0.81316543 | AG139: 0.58182786 | AH139: -0.015437908 | AI139: -0.58192024 | AJ139: -0.81324359 | AK139: 0.0019202868 | AL139: -0.011437504 | AM139: 0.010545142 | AN139: 0.99987898 | AO139: 16.618173 | AP139: 12.657345 | AQ139: 1.4661043
A140: baseline | B140: 15 | C140: s3-s4 | D140: 15_s3-s4 | E140: 0.1 | F140: sensitivity(not paper) | G140: svd | H140: 46 | I140: 53 | J140: 46 | K140: 53 | L140: 4 | M140: 9 | N140: 188 | O140: 12 | P140: 154 | Q140: 24 | R140: 13 | S140: 0 | T140: 0 | U140: 0 | V140: 0 | W140: 10 | X140: 10 | Y140: 0 | Z140: 1 | AA140: 0.42599139 | AB140: 0.028148394 | AD140: 1 | AE140: 1.865509 | AF140: 0.99669627 | AG140: 0.08091041 | AH140: -0.0070750704 | AI140: -0.080909858 | AJ140: 0.99672136 | AK140: 0.00036472545 | AL140: 0.0070813838 | AM140: 0.00020892245 | AN140: 0.9999749 | AO140: 14.374977 | AP140: 5.8319294 | AQ140: 0.76831582
A141: baseline | B141: 15 | C141: s3-s4 | D141: 15_s3-s4 | E141: 0.1 | F141: sensitivity(not paper) | G141: svd+ransac | H141: 46 | I141: 53 | J141: 46 | K141: 53 | L141: 4 | M141: 9 | N141: 188 | O141: 12 | P141: 154 | Q141: 24 | R141: 13 | S141: 0 | T141: 0 | U141: 0 | V141: 0 | W141: 10 | X141: 10 | Y141: 10 | Z141: 1 | AA141: 0.42599139 | AB141: 0.028148394 | AD141: 1 | AE141: 2.531958 | AF141: 0.99669627 | AG141: 0.08091041 | AH141: -0.0070750704 | AI141: -0.080909858 | AJ141: 0.99672136 | AK141: 0.00036472545 | AL141: 0.0070813838 | AM141: 0.00020892245 | AN141: 0.9999749 | AO141: 14.374977 | AP141: 5.8319294 | AQ141: 0.76831582
... A155: baseline | B155: 16 | C155: s1-s3 | D155: 16_s1-s3 | E155: 0.1 | F155: sensitivity(not paper) | G155: svd+ransac | H155: 56 | I155: 47 | J155: 56 | K155: 47 | L155: 1 | M155: 8 | N155: 234 | O155: 15 | P155: 183 | Q155: 23 | R155: 16 | S155: 0 | T155: 0 | U155: 0 | V155: 0 | W155: 13 | X155: 13 | Y155: 13 | Z155: 1 | AA155: 0.64024759 | AB155: 0.02419417 | AD155: 1 | AE155: 3.007829 | AF155: 0.93382846 | AG155: 0.35765655 | AH155: -0.0067973208 | AI155: -0.35761788 | AJ155: 0.93384688 | AK155: 0.0062818247 | AL155: 0.0085943926 | AM155: -0.0034353032 | AN155: 0.99995717 | AO155: 8.3965892 | AP155: 1.3809371 | AQ155: 0.67567651
A156: baseline | B156: 16 | C156: s1-s4 | D156: 16_s1-s4 | E156: 0.1 | F156: sensitivity(not paper) | G156: svd | H156: 56 | I156: 53 | J156: 56 | K156: 53 | L156: 1 | M156: 8 | N156: 230 | O156: 7 | P156: 77 | Q156: 17 | R156: 6 | S156: 0 | T156: 0 | U156: 0 | V156: 0 | W156: 2 | X156: 2 | Y156: 0 | Z156: 0 | AD156: 0 | AE156: 1.589038 | AF156: 1 | AG156: 0 | AH156: 0 | AI156: 0 | AJ156: 1 | AK156: 0 | AL156: 0 | AM156: 0 | AN156: 1 | AO156: 0 | AP156: 0 | AQ156: 0
A157: baseline | B157: 16 | C157: s1-s4 | D157: 16_s1-s4 | E157: 0.1 | F157: sensitivity(not paper) | G157: svd+ransac | H157: 56 | I157: 53 | J157: 56 | K157: 53 | L157: 1 | M157: 8 | N157: 230 | O157: 7 | P157: 77 | Q157: 17 | R157: 6 | S157: 0 | T157: 0 | U157: 0 | V157: 0 | W157: 2 | X157: 2 | Y157: 0 | Z157: 0 | AD157: 0 | AE157: 1.588824 | AF157: 1 | AG157: 0 | AH157: 0 | AI157: 0 | AJ157: 1 | AK157: 0 | AL157: 0 | AM157: 0 | AN157: 1 | AO157: 0 | AP157: 0 | AQ157: 0
A158: baseline | B158: 16 | C158: s1-s5 | D158: 16_s1-s5 | E158: 0.1 | F158: sensitivity(not paper) | G158: svd | H158: 56 | I158: 76 | J158: 56 | K158: 76 | L158: 2 | M158: 12 | N158: 347 | O158: 10 | P158: 84 | Q158: 14 | R158: 7 | S158: 0 | T158: 0 | U158: 0 | V158: 0 | W158: 5 | X158: 5 | Y158: 0 | Z158: 1 | AA158: 0.80104894 | AB158: 0.22138307 | AD158: 1 | AE158: 2.483141 | AF158: 0.22310744 | AG158: -0.97471735 | AH158: -0.012213199 | AI158: 0.97478 | AJ158: 0.22315357 | AK158: -0.0025371461 | AL158: 0.0051984194 | AM158: -0.011339126 | AN158: 0.9999222 | AO158: -16.506609 | AP158: 20.471306 | AQ158: 0.79020118
A159: baseline | B159: 16 | C159: s1-s5 | D159: 16_s1-s5 | E159: 0.1 | F159: sensitivity(not paper) | G159: svd+ransac | H159: 56 | I159: 76 | J159: 56 | K159: 76 | L159: 2 | M159: 12 | N159: 347 | O159: 10 | P159: 84 | Q159: 14 | R159: 7 | S159: 0 | T159: 0 | U159: 0 | V159: 0 | W159: 5 | X159: 5 | Y159: 5 | Z159: 1 | AA159: 0.80104894 | AB159: 0.22138307 | AD159: 1 | AE159: 2.837204 | AF159: 0.22310744 | AG159: -0.97471735 | AH159: -0.012213199 | AI159: 0.97478 | AJ159: 0.22315357 | AK159: -0.0025371461 | AL159: 0.0051984194 | AM159: -0.011339126 | AN159: 0.9999222 | AO159: -16.506609 | AP159: 20.471306 | AQ159: 0.79020118
A160: baseline | B160: 16 | C160: s1-s6 | D160: 16_s1-s6 | E160: 0.1 | F160: sensitivity(not paper) | G160: svd | H160: 56 | I160: 90 | J160: 56 | K160: 90 | L160: 5 | M160: 9 | N160: 416 | O160: 9 | P160: 24 | Q160: 4 | R160: 2 | S160: 1 | T160: 4 | U160: 4 | V160: 1 | W160: 3 | X160: 3 | Y160: 0 | Z160: 1 | AA160: 0.42280166 | AB160: 0.026557974 | AD160: 1 | AE160: 2.801775 | AF160: 0.98961723 | AG160: 0.14352942 | AH160: 0.0075520097 | AI160: -0.14353504 | AJ160: 0.98964522 | AK160: 0.00020363777 | AL160: -0.0074445822 | AM160: -0.0012855014 | AN160: 0.99997146 | AO160: 25.184932 | AP160: 19.832463 | AQ160: 2.0895297
A161: baseline | B161: 16 | C161: s1-s6 | D161: 16_s1-s6 | E161: 0.1 | F161: sensitivity(not paper) | G161: svd+ransac | H161: 56 | I161: 90 | J161: 56 | K161: 90 | L161: 5 | M161: 9 | N161: 416 | O161: 9 | P161: 24 | Q161: 4 | R161: 2 | S161: 1 | T161: 4 | U161: 4 | V161: 1 | W161: 3 | X161: 3 | Y161: 3 | Z161: 1 | AA161: 0.42280166 | AB161: 0.026557974 | AD161: 1 | AE161: 2.973808 | AF161: 0.98961723 | AG161: 0.14352942 | AH161: 0.0075520097 | AI161: -0.14353504 | AJ161: 0.98964522 | AK161: 0.00020363777 | AL161: -0.0074445822 | AM161: -0.0012855014 | AN161: 0.99997146 | AO161: 25.184932 | AP161: 19.832463 | AQ161: 2.0895297
A162: baseline | B162: 16 | C162: s2-s3 | D162: 16_s2-s3 | E162: 0.1 | F162: sensitivity(not paper) | G162: svd | H162: 58 | I162: 47 | J162: 58 | K162: 47 | L162: 3 | M162: 12 | N162: 253 | O162: 17 | P162: 237 | Q162: 37 | R162: 20 | S162: 0 | T162: 0 | U162: 0 | V162: 0 | W162: 13 | X162: 13 | Y162: 0 | Z162: 1 | AA162: 1.4272791 | AB162: 0.12087809 | AD162: 1 | AE162: 2.10556 | AF162: -0.91936239 | AG162: 0.39317791 | AH162: -0.013561991 | AI162: -0.3933624 | AJ162: -0.91924667 | AK162: 0.015861081 | AL162: -0.0062305886 | AM162: 0.019916859 | AN162: 0.99978223 | AO162: -1.4617576 | AP162: -3.7613304 | AQ162: 0.021646495
A163: baseline | B163: 16 | C163: s2-s3 | D163: 16_s2-s3 | E163: 0.1 | F163: sensitivity(not paper) | G163: svd+ransac | H163: 58 | I163: 47 | J163: 58 | K163: 47 | L163: 3 | M163: 12 | N163: 253 | O163: 17 | P163: 237 | Q163: 37 | R163: 20 | S163: 0 | T163: 0 | U163: 0 | V163: 0 | W163: 13 | X163: 13 | Y163: 12 | Z163: 1 | AA163: 0.31239993 | AB163: 0.035279865 | AD163: 1 | AE163: 2.821357 | AF163: -0.91913998 | AG163: 0.39393093 | AH163: -0.00033762937 | AI163: -0.39393101 | AJ163: -0.91913902 | AK163: 0.0013495485 | AL163: 0.00022130057 | AM163: 0.0013734267 | AN163: 0.99999903 | AO163: -1.437651 | AP163: -3.7853945 | AQ163: 0.10752288
A164: baseline | B164: 16 | C164: s2-s4 | D164: 16_s2-s4 | E164: 0.1 | F164: sensitivity(not paper) | G164: svd | H164: 58 | I164: 53 | J164: 58 | K164: 53 | L164: 3 | M164: 12 | N164: 291 | O164: 15 | P164: 121 | Q164: 21 | R164: 10 | S164: 0 | T164: 0 | U164: 0 | V164: 0 | W164: 9 | X164: 9 | Y164: 0 | Z164: 1 | AA164: 0.71026882 | AB164: 0.057074654 | AD164: 1 | AE164: 1.722092 | AF164: -0.94832462 | AG164: 0.31727943 | AH164: -0.0037646299 | AI164: -0.31720382 | AJ164: -0.94825994 | AK164: -0.013595247 | AL164: -0.0078833398 | AM164: -0.011698552 | AN164: 0.99990049 | AO164: 12.623767 | AP164: 2.1306242 | AQ164: 0.8404439
A165: baseline | B165: 16 | C165: s2-s4 | D165: 16_s2-s4 | E165: 0.1 | F165: sensitivity(not paper) | G165: svd+ransac | H165: 58 | I165: 53 | J165: 58 | K165: 53 | L165: 3 | M165: 12 | N165: 291 | O165: 15 | P165: 121 | Q165: 21 | R165: 10 | S165: 0 | T165: 0 | U165: 0 | V165: 0 | W165: 9 | X165: 9 | Y165: 9 | Z165: 1 | AA165: 0.71026882 | AB165: 0.057074654 | AD165: 1 | AE165: 2.364384 | AF165: -0.94832462 | AG165: 0.31727943 | AH165: -0.0037646299 | AI165: -0.31720382 | AJ165: -0.94825994 | AK165: -0.013595247 | AL165: -0.0078833398 | AM165: -0.011698552 | AN165: 0.99990049 | AO165: 12.623767 | AP165: 2.1306242 | AQ165: 0.8404439
A166: baseline | B166: 16 | C166: s2-s5 | D166: 16_s2-s5 | E166: 0.1 | F166: sensitivity(not paper) | G166: svd | H166: 58 | I166: 76 | J166: 58 | K166: 76 | L166: 4 | M166: 16 | N166: 386 | O166: 12 | P166: 65 | Q166: 25 | R166: 4 | S166: 0 | T166: 0 | U166: 0 | V166: 0 | W166: 4 | X166: 4 | Y166: 0 | Z166: 1 | AA166: 0.7638037 | AB166: 0.072831341 | AD166: 1 | AE166: 2.825381 | AF166: 0.51776478 | AG166: 0.85539939 | AH166: 0.014543488 | AI166: -0.85544475 | AJ166: 0.51787255 | AK166: -0.0047234772 | AL166: -0.011572133 | AM166: -0.0099955003 | AN166: 0.99988308 | AO166: -10.040339 | AP166: 11.440423 | AQ166: 0.50704322
A167: baseline | B167: 16 | C167: s2-s5 | D167: 16_s2-s5 | E167: 0.1 | F167: sensitivity(not paper) | G167: svd+ransac | H167: 58 | I167: 76 | J167: 58 | K167: 76 | L167: 4 | M167: 16 | N167: 386 | O167: 12 | P167: 65 | Q167: 25 | R167: 4 | S167: 0 | T167: 0 | U167: 0 | V167: 0 | W167: 4 | X167: 4 | Y167: 4 | Z167: 1 | AA167: 0.7638037 | AB167: 0.072831341 | AD167: 1 | AE167: 3.16998 | AF167: 0.51776478 | AG167: 0.85539939 | AH167: 0.014543488 | AI167: -0.85544475 | AJ167: 0.51787255 | AK167: -0.0047234772 | AL167: -0.011572133 | AM167: -0.0099955003 | AN167: 0.99988308 | AO167: -10.040339 | AP167: 11.440423 | AQ167: 0.50704322
A168: baseline | B168: 16 | C168: s2-s6 | D168: 16_s2-s6 | E168: 0.1 | F168: sensitivity(not paper) | G168: svd | H168: 58 | I168: 90 | J168: 58 | K168: 90 | L168: 7 | M168: 13 | N168: 429 | O168: 15 | P168: 107 | Q168: 17 | R168: 9 | S168: 0 | T168: 0 | U168: 0 | V168: 0 | W168: 7 | X168: 7 | Y168: 0 | Z168: 1 | AA168: 0.50182474 | AB168: 0.023957333 | AD168: 1 | AE168: 3.558838 | AF168: -0.81333984 | AG168: 0.58176098 | AH168: -0.005698295 | AI168: -0.58175044 | AJ168: -0.81335968 | AK168: -0.0035296911 | AL168: -0.0066882 | AM168: 0.00044414724 | AN168: 0.99997754 | AO168: 16.623349 | AP168: 12.63306 | AQ168: 1.5489278
A169: baseline | B169: 16 | C169: s2-s6 | D169: 16_s2-s6 | E169: 0.1 | F169: sensitivity(not paper) | G169: svd+ransac | H169: 58 | I169: 90 | J169: 58 | K169: 90 | L169: 7 | M169: 13 | N169: 429 | O169: 15 | P169: 107 | Q169: 17 | R169: 9 | S169: 0 | T169: 0 | U169: 0 | V169: 0 | W169: 7 | X169: 7 | Y169: 7 | Z169: 1 | AA169: 0.50182474 | AB169: 0.023957333 | AD169: 1 | AE169: 4.181778 | AF169: -0.81333984 | AG169: 0.58176098 | AH169: -0.005698295 | AI169: -0.58175044 | AJ169: -0.81335968 | AK169: -0.0035296911 | AL169: -0.0066882 | AM169: 0.00044414724 | AN169: 0.99997754 | AO169: 16.623349 | AP169: 12.63306 | AQ169: 1.5489278
... A219: baseline | B219: 18 | C219: s1-s5 | D219: 18_s1-s5 | E219: 0.1 | F219: sensitivity(not paper) | G219: svd+ransac | H219: 56 | I219: 79 | J219: 56 | K219: 79 | L219: 5 | M219: 14 | N219: 401 | O219: 13 | P219: 93 | Q219: 13 | R219: 8 | S219: 0 | T219: 0 | U219: 0 | V219: 0 | W219: 6 | X219: 6 | Y219: 6 | Z219: 1 | AA219: 0.54117934 | AB219: 0.1327633 | AD219: 1 | AE219: 3.437762 | AF219: 0.2257174 | AG219: -0.97419207 | AH219: 0.0012101326 | AI219: 0.97413593 | AJ219: 0.22569062 | AK219: -0.011087075 | AL219: 0.010527825 | AM219: 0.0036813795 | AN219: 0.9999378 | AO219: -16.52595 | AP219: 20.517986 | AQ219: 1.1300924
A220: baseline | B220: 18 | C220: s1-s6 | D220: 18_s1-s6 | E220: 0.1 | F220: sensitivity(not paper) | G220: svd | H220: 56 | I220: 89 | J220: 56 | K220: 89 | L220: 5 | M220: 10 | N220: 383 | O220: 7 | P220: 43 | Q220: 3 | R220: 4 | S220: 0 | T220: 0 | U220: 0 | V220: 0 | W220: 1 | X220: 1 | Y220: 0 | Z220: 0 | AD220: 0 | AE220: 2.922861 | AF220: 1 | AG220: 0 | AH220: 0 | AI220: 0 | AJ220: 1 | AK220: 0 | AL220: 0 | AM220: 0 | AN220: 1 | AO220: 0 | AP220: 0 | AQ220: 0
A221: baseline | B221: 18 | C221: s1-s6 | D221: 18_s1-s6 | E221: 0.1 | F221: sensitivity(not paper) | G221: svd+ransac | H221: 56 | I221: 89 | J221: 56 | K221: 89 | L221: 5 | M221: 10 | N221: 383 | O221: 7 | P221: 43 | Q221: 3 | R221: 4 | S221: 0 | T221: 0 | U221: 0 | V221: 0 | W221: 1 | X221: 1 | Y221: 0 | Z221: 0 | AD221: 0 | AE221: 2.922742 | AF221: 1 | AG221: 0 | AH221: 0 | AI221: 0 | AJ221: 1 | AK221: 0 | AL221: 0 | AM221: 0 | AN221: 1 | AO221: 0 | AP221: 0 | AQ221: 0
A222: baseline | B222: 18 | C222: s2-s3 | D222: 18_s2-s3 | E222: 0.1 | F222: sensitivity(not paper) | G222: svd | H222: 60 | I222: 51 | J222: 60 | K222: 51 | L222: 4 | M222: 9 | N222: 278 | O222: 10 | P222: 77 | Q222: 17 | R222: 6 | S222: 0 | T222: 0 | U222: 0 | V222: 0 | W222: 5 | X222: 5 | Y222: 0 | Z222: 1 | AA222: 1.0306065 | AB222: 0.068644478 | AD222: 1 | AE222: 1.845264 | AF222: -0.92020883 | AG222: 0.39139679 | AH222: -0.0049260026 | AI222: -0.39142729 | AJ222: -0.92011476 | AK222: 0.013171844 | AL222: 0.00062292968 | AM222: 0.014049019 | AN222: 0.99990111 | AO222: -1.4650804 | AP222: -3.7764736 | AQ222: 0.072391466
A223: baseline | B223: 18 | C223: s2-s3 | D223: 18_s2-s3 | E223: 0.1 | F223: sensitivity(not paper) | G223: svd+ransac | H223: 60 | I223: 51 | J223: 60 | K223: 51 | L223: 4 | M223: 9 | N223: 278 | O223: 10 | P223: 77 | Q223: 17 | R223: 6 | S223: 0 | T223: 0 | U223: 0 | V223: 0 | W223: 5 | X223: 5 | Y223: 5 | Z223: 1 | AA223: 1.0306065 | AB223: 0.068644478 | AD223: 1 | AE223: 2.524271 | AF223: -0.92020883 | AG223: 0.39139679 | AH223: -0.0049260026 | AI223: -0.39142729 | AJ223: -0.92011476 | AK223: 0.013171844 | AL223: 0.00062292968 | AM223: 0.014049019 | AN223: 0.99990111 | AO223: -1.4650804 | AP223: -3.7764736 | AQ223: 0.072391466
A224: baseline | B224: 18 | C224: s2-s4 | D224: 18_s2-s4 | E224: 0.1 | F224: sensitivity(not paper) | G224: svd | H224: 60 | I224: 53 | J224: 60 | K224: 53 | L224: 3 | M224: 10 | N224: 269 | O224: 11 | P224: 102 | Q224: 12 | R224: 9 | S224: 0 | T224: 0 | U224: 0 | V224: 0 | W224: 9 | X224: 9 | Y224: 0 | Z224: 1 | AA224: 0.46987804 | AB224: 0.033565766 | AD224: 1 | AE224: 1.913132 | AF224: -0.9485973 | AG224: 0.31646015 | AH224: -0.0040176775 | AI224: -0.31642437 | AJ224: -0.948587 | AK224: -0.0076370856 | AL224: -0.0062279499 | AM224: -0.0059732277 | AN224: 0.99996277 | AO224: 12.64265 | AP224: 2.1724276 | AQ224: 0.85006562
A225: baseline | B225: 18 | C225: s2-s4 | D225: 18_s2-s4 | E225: 0.1 | F225: sensitivity(not paper) | G225: svd+ransac | H225: 60 | I225: 53 | J225: 60 | K225: 53 | L225: 3 | M225: 10 | N225: 269 | O225: 11 | P225: 102 | Q225: 12 | R225: 9 | S225: 0 | T225: 0 | U225: 0 | V225: 0 | W225: 9 | X225: 9 | Y225: 9 | Z225: 1 | AA225: 0.46987804 | AB225: 0.033565766 | AD225: 1 | AE225: 2.519243 | AF225: -0.9485973 | AG225: 0.31646015 | AH225: -0.0040176775 | AI225: -0.31642437 | AJ225: -0.948587 | AK225: -0.0076370856 | AL225: -0.0062279499 | AM225: -0.0059732277 | AN225: 0.99996277 | AO225: 12.64265 | AP225: 2.1724276 | AQ225: 0.85006562
A226: baseline | B226: 18 | C226: s2-s5 | D226: 18_s2-s5 | E226: 0.1 | F226: sensitivity(not paper) | G226: svd | H226: 60 | I226: 79 | J226: 60 | K226: 79 | L226: 7 | M226: 16 | N226: 427 | O226: 13 | P226: 93 | Q226: 13 | R226: 8 | S226: 0 | T226: 0 | U226: 0 | V226: 0 | W226: 3 | X226: 3 | Y226: 0 | Z226: 1 | AA226: 0.67773522 | AB226: 0.079600256 | AD226: 1 | AE226: 3.231144 | AF226: 0.51458809 | AG226: 0.85740953 | AH226: 0.0069275754 | AI226: -0.85733792 | AJ226: 0.51463466 | AK226: -0.011084186 | AL226: -0.013068857 | AM226: -0.00023548327 | AN226: 0.99991457 | AO226: -10.037797 | AP226: 11.442302 | AQ226: 0.51494013
A227: baseline | B227: 18 | C227: s2-s5 | D227: 18_s2-s5 | E227: 0.1 | F227: sensitivity(not paper) | G227: svd+ransac | H227: 60 | I227: 79 | J227: 60 | K227: 79 | L227: 7 | M227: 16 | N227: 427 | O227: 13 | P227: 93 | Q227: 13 | R227: 8 | S227: 0 | T227: 0 | U227: 0 | V227: 0 | W227: 3 | X227: 3 | Y227: 3 | Z227: 1 | AA227: 0.67773522 | AB227: 0.079600256 | AD227: 1 | AE227: 3.416532 | AF227: 0.51458809 | AG227: 0.85740953 | AH227: 0.0069275754 | AI227: -0.85733792 | AJ227: 0.51463466 | AK227: -0.011084186 | AL227: -0.013068857 | AM227: -0.00023548327 | AN227: 0.99991457 | AO227: -10.037797 | AP227: 11.442302 | AQ227: 0.51494013
A228: baseline | B228: 18 | C228: s2-s6 | D228: 18_s2-s6 | E228: 0.1 | F228: sensitivity(not paper) | G228: svd | H228: 60 | I228: 89 | J228: 60 | K228: 89 | L228: 7 | M228: 12 | N228: 371 | O228: 13 | P228: 126 | Q228: 26 | R228: 10 | S228: 0 | T228: 0 | U228: 0 | V228: 0 | W228: 10 | X228: 10 | Y228: 0 | Z228: 1 | AA228: 0.41626355 | AB228: 0.059709805 | AD228: 1 | AE228: 3.884333 | AF228: -0.81300475 | AG228: 0.5822426 | AH228: -0.004101714 | AI228: -0.58224375 | AJ228: -0.81301362 | AK228: -0.0010327052 | AL228: -0.0039360343 | AM228: 0.0015486031 | AN228: 0.99999105 | AO228: 16.633244 | AP228: 12.630307 | AQ228: 1.4970689
A229: baseline | B229: 18 | C229: s2-s6 | D229: 18_s2-s6 | E229: 0.1 | F229: sensitivity(not paper) | G229: svd+ransac | H229: 60 | I229: 89 | J229: 60 | K229: 89 | L229: 7 | M229: 12 | N229: 371 | O229: 13 | P229: 126 | Q229: 26 | R229: 10 | S229: 0 | T229: 0 | U229: 0 | V229: 0 | W229: 10 | X229: 10 | Y229: 9 | Z229: 1 | AA229: 0.76131985 | AB229: 0.067512421 | AD229: 1 | AE229: 4.594209 | AF229: -0.81299531 | AG229: 0.58218569 | AH229: -0.0099224071 | AI229: -0.58221852 | AJ229: -0.81303217 | AK229: 0.00052672512 | AL229: -0.0077605844 | AM229: 0.0062052343 | AN229: 0.99995063 | AO229: 16.631138 | AP229: 12.635023 | AQ229: 1.4881234
A230: baseline | B230: 18 | C230: s3-s4 | D230: 18_s3-s4 | E230: 0.1 | F230: sensitivity(not paper) | G230: svd | H230: 51 | I230: 53 | J230: 51 | K230: 53 | L230: 1 | M230: 5 | N230: 208 | O230: 10 | P230: 104 | Q230: 4 | R230: 10 | S230: 0 | T230: 0 | U230: 0 | V230: 0 | W230: 8 | X230: 8 | Y230: 0 | Z230: 1 | AA230: 0.58792118 | AB230: 0.025559832 | AD230: 1 | AE230: 1.790392 | AF230: 0.99673566 | AG230: 0.08019314 | AH230: -0.0093320627 | AI230: -0.080162302 | AJ230: 0.9967752 | AK230: 0.0036334984 | AL230: 0.0095933504 | AM230: -0.0028735577 | AN230: 0.99994985 | AO230: 14.365216 | AP230: 5.8466289 | AQ230: 0.7289996
A231: baseline | B231: 18 | C231: s3-s4 | D231: 18_s3-s4 | E231: 0.1 | F231: sensitivity(not paper) | G231: svd+ransac | H231: 51 | I231: 53 | J231: 51 | K231: 53 | L231: 1 | M231: 5 | N231: 208 | O231: 10 | P231: 104 | Q231: 4 | R231: 10 | S231: 0 | T231: 0 | U231: 0 | V231: 0 | W231: 8 | X231: 8 | Y231: 8 | Z231: 1 | AA231: 0.58792118 | AB231: 0.025559832 | AD231: 1 | AE231: 2.407203 | AF231: 0.99673566 | AG231: 0.08019314 | AH231: -0.0093320627 | AI231: -0.080162302 | AJ231: 0.9967752 | AK231: 0.0036334984 | AL231: 0.0095933504 | AM231: -0.0028735577 | AN231: 0.99994985 | AO231: 14.365216 | AP231: 5.8466289 | AQ231: 0.7289996
A232: baseline | B232: 18 | C232: s3-s5 | D232: 18_s3-s5 | E232: 0.1 | F232: sensitivity(not paper) | G232: svd | H232: 51 | I232: 79 | J232: 51 | K232: 79 | L232: 5 | M232: 11 | N232: 337 | O232: 13 | P232: 134 | Q232: 24 | R232: 11 | S232: 0 | T232: 0 | U232: 0 | V232: 0 | W232: 10 | X232: 10 | Y232: 0 | Z232: 1 | AA232: 0.54356294 | AB232: 0.11772807 | AD232: 1 | AE232: 2.522029 | AF232: -0.13543074 | AG232: -0.9907426 | AH232: -0.0093605178 | AI232: 0.99078112 | AJ232: -0.13539189 | AK232: -0.0046690555 | AL232: 0.003358494 | AM232: -0.009906558 | AN232: 0.99994529 | AO232: -14.000588 | AP232: 12.405877 | AQ232: 0.1902281
A233: baseline | B233: 18 | C233: s3-s5 | D233: 18_s3-s5 | E233: 0.1 | F233: sensitivity(not paper) | G233: svd+ransac | H233: 51 | I233: 79 | J233: 51 | K233: 79 | L233: 5 | M233: 11 | N233: 337 | O233: 13 | P233: 134 | Q233: 24 | R233: 11 | S233: 0 | T233: 0 | U233: 0 | V233: 0 | W233: 10 | X233: 10 | Y233: 10 | Z233: 1 | AA233: 0.54356294 | AB233: 0.11772807 | AD233: 1 | AE233: 3.125563 | AF233: -0.13543074 | AG233: -0.9907426 | AH233: -0.0093605178 | AI233: 0.99078112 | AJ233: -0.13539189 | AK233: -0.0046690555 | AL233: 0.003358494 | AM233: -0.009906558 | AN233: 0.99994529 | AO233: -14.000588 | AP233: 12.405877 | AQ233: 0.1902281
...

Sheet 舊seed失敗診斷
A1: seed | B1: pair | C1: official | D1: n_src | E1: n_tgt | F1: gt_proximity_mutual_trees | G1: gt_proximity_pairs | H1: true_gate_pass | I1: true_dc3 | J1: true_retained_candidates | K1: accepted_pairs | L1: true_accepted_pairs | M1: true_top3_evidence_pairs | N1: best_score | O1: used_triangle | P1: matched_xy_minor_spread_m | Q1: matched_gt_xyz_median_m | R1: mutual_gt_z_median_m | S1: diagnosis
A2: 11 | B2: s1-s6 | C2: 0 | D2: 55 | E2: 80 | F2: 13 | G2: 18 | H2: 8 | I2: 6 | J2: 6 | K2: 5 | L2: 5 | M2: 13 | N2: 59 | O2: 0 | P2: 9.5996618 | Q2: 0.29130787 | R2: 0.17467739 | S2: transform_error_with_five_matches
A3: 12 | B3: s1-s6 | C3: 0 | D3: 54 | E3: 82 | F3: 12 | G3: 16 | H3: 6 | I3: 4 | J3: 4 | K3: 0 | L3: 0 | M3: 11 | N3: 34 | O3: 1 | R3: 0.14216076 | S3: too_few_matches
A4: 14 | B4: s1-s5 | C4: 0 | D4: 53 | E4: 89 | F4: 19 | G4: 25 | H4: 9 | I4: 9 | J4: 7 | K4: 1 | L4: 1 | M4: 15 | N4: 43 | O4: 0 | Q4: 0.1895936 | R4: 0.10977794 | S4: too_few_matches
A5: 15 | B5: s1-s5 | C5: 0 | D5: 54 | E5: 85 | F5: 17 | G5: 21 | H5: 4 | I5: 4 | J5: 4 | K5: 2 | L5: 2 | M5: 18 | N5: 49 | O5: 0 | P5: 2.1566911e-16 | Q5: 0.05369367 | R5: 0.096223813 | S5: too_few_matches
A6: 16 | B6: s1-s4 | C6: 0 | D6: 56 | E6: 53 | F6: 17 | G6: 19 | H6: 6 | I6: 5 | J6: 5 | K6: 2 | L6: 2 | M6: 19 | N6: 77 | O6: 0 | P6: 3.0948925e-16 | Q6: 0.039358183 | R6: 0.083745055 | S6: too_few_matches
A7: 18 | B7: s1-s6 | C7: 0 | D7: 56 | E7: 89 | F7: 12 | G7: 14 | H7: 5 | I7: 5 | J7: 5 | K7: 1 | L7: 1 | M7: 13 | N7: 43 | O7: 0 | Q7: 0.17001729 | R7: 0.1045381 | S7: too_few_matches
A8: 20 | B8: s1-s6 | C8: 0 | D8: 51 | E8: 87 | F8: 12 | G8: 17 | H8: 5 | I8: 3 | J8: 3 | K8: 0 | L8: 0 | M8: 11 | N8: 23 | O8: 1 | R8: 0.1521472 | S8: too_few_matches
A9: 14 | B9: s4-s5 | C9: 1 | D9: 59 | E9: 89 | F9: 32 | G9: 45 | H9: 8 | I9: 6 | J9: 6 | K9: 2 | L9: 2 | M9: 27 | N9: 58 | O9: 0 | P9: 7.3543468e-17 | Q9: 0.15606652 | R9: 0.024632361 | S9: too_few_matches

Sheet 補救參數與凍結
A1: 項目 | B1: 值
A2: base_commit | B2: b8e47c75f7b5928c6dc4137359001576aca86ee8
A3: diagnosis_seeds | B3: [11, 12, 13, 14, 15, 16, 17, 18, 19, 20]
A4: reserved_validation_seeds | B4: [21, 22, 23, 24, 25, 26, 27, 28, 29, 30]
A5: primary_baseline | B5: step/ctol0.20/verticality0.90; descriptor threshold0.10 and svd+ransac
A6: primary_success | B6: rotation<2deg AND translation<0.5m; no ICP or 4DOF
A7: scope | B7: same ETH forest; new seeds do not establish cross-forest generalization
A8: paper_comparability | B8: paper does not specify success threshold or unambiguously identify ETH pair list; report all15 and official10 separately
A9: ground_truth | B9: diagnosis and evaluation only; inference may never use it
A10: candidate_recovery | B10: [{"name": "triangle_scarce", "mode": "triangles", "trigger": 3}, {"name": "evidence_scarce", "mode": "evidence", "trigger": 3}, {"name": "evidence_weak", "mode": "evidence", "trigger": 6}]
A11: recovery_constants.top_candidates | B11: 3
A12: recovery_constants.max_evidence_pairs | B12: 60
A13: recovery_constants.minimum_3d_support | B13: 6
A14: recovery_constants.full_3d_inlier_m | B14: 0.3
A15: recovery_constants.pairwise_horizontal_length_tolerance_m | B15: 0.2
A16: recovery_constants.geometry | B16: enumerate bounded evidence triples; full6DOF Kabsch; no iterative nearest-neighbour refinement or GT inference
A17: selection | B17: maximum successes of svd+ransac on all150 old-seed cases; ties prefer earlier simpler candidate; use baseline if no improvement; then freeze once before extracting reserved seeds21-30
A18: frozen.method.name | B18: evidence_weak
A19: frozen.method.mode | B19: evidence
A20: frozen.method.trigger | B20: 6
A21: frozen.discovery_cases | B21: 150
A22: frozen.discovery_success | B22: 150
A23: frozen.discovery_seeds | B23: [11, 12, 13, 14, 15, 16, 17, 18, 19, 20]
A24: frozen.validation_seeds | B24: [21, 22, 23, 24, 25, 26, 27, 28, 29, 30]
A25: frozen.inference_sha256.src/cn_recovery.cpp | B25: 2d496347627b077ddccd409d91f4fbe8f5c186044be91f3fe990328bb183a428
A26: frozen.inference_sha256.include/cm/cn_recovery.hpp | B26: db38c3000ae7f1605672d368b19ee0d710e0157495114c9552613895a52d3424
A27: frozen.inference_sha256.src/cn_matching.cpp | B27: 5abe78ce4afd0d90909bed40e76ff746247c8246488031d92e925f88734ae122
A28: frozen.inference_sha256.include/cm/cn_matching.hpp | B28: 16097744e3b0fdd95d34dcd33823eb1f94cc31af8e97560b14603ea7f886c561
A29: frozen.inference_sha256.src/cn_descriptor.cpp | B29: e5d9e1854ec573eebe117252f74c959299f63cd00842b28dede668388082c755
A30: frozen.inference_sha256.src/registration.cpp | B30: 9a9f33d15f20ff8191baf3544dbac20af0926c5897bd280803ccaf931c690970
A31: frozen.inference_sha256.apps/cm_register.cpp | B31: 4b1f915a1889003c22882a601a315bc8371080e9740d2652989d5b5fa4fb2f9d
A32: frozen.inference_sha256.config/default.ini | B32: bd94251c5eaca7c81b46826b517b2feaaf35deb5ff4a4299756c2c2a6651bb35
A33: frozen.inference_sha256.build/cm_register | B33: c1ecafd8d0c138e8b162b7acfd4f8683766fa407ef5f587d93f691dfded22878
A34: frozen.inference_sha256.build/cm_extract_batch | B34: b121477be1467800f6b3b5673f45d58959dfa895db882c2d2ad779975e73c1aa
A35: frozen.frozen_at_utc | B35: 2026-10-25T08:14:47.725369+00:00

Sheet 新提取摘要
A1: scan | B1: seeds | C1: mean_trees | D1: min_trees | E1: max_trees
A2: s1 | B2: 10 | C2: 56.7 | D2: 54 | E2: 61
A3: s2 | B3: 10 | C3: 60.4 | D3: 57 | E3: 65
A4: s3 | B4: 10 | C4: 48.5 | D4: 45 | E4: 53
A5: s4 | B5: 10 | C5: 53.8 | D5: 49 | E5: 58
A6: s5 | B6: 10 | C6: 83.3 | D6: 79 | E6: 88
A7: s6 | B7: 10 | C7: 88.6 | D7: 84 | E7: 92

Sheet 新提取逐次
A1: 站點 | B1: seed | C1: 偵測樹數 | D1: 輸出檔案
A2: s1 | B2: 21 | C2: 54 | D2: results/eth_trees/failure_followup_20261025/runs/validation_extraction/s1/step_seed21_trees.csv
A3: s1 | B3: 22 | C3: 56 | D3: results/eth_trees/failure_followup_20261025/runs/validation_extraction/s1/step_seed22_trees.csv
A4: s1 | B4: 23 | C4: 59 | D4: results/eth_trees/failure_followup_20261025/runs/validation_extraction/s1/step_seed23_trees.csv
A5: s1 | B5: 24 | C5: 58 | D5: results/eth_trees/failure_followup_20261025/runs/validation_extraction/s1/step_seed24_trees.csv
A6: s1 | B6: 25 | C6: 55 | D6: results/eth_trees/failure_followup_20261025/runs/validation_extraction/s1/step_seed25_trees.csv
A7: s1 | B7: 26 | C7: 56 | D7: results/eth_trees/failure_followup_20261025/runs/validation_extraction/s1/step_seed26_trees.csv
A8: s1 | B8: 27 | C8: 57 | D8: results/eth_trees/failure_followup_20261025/runs/validation_extraction/s1/step_seed27_trees.csv
A9: s1 | B9: 28 | C9: 61 | D9: results/eth_trees/failure_followup_20261025/runs/validation_extraction/s1/step_seed28_trees.csv
A10: s1 | B10: 29 | C10: 56 | D10: results/eth_trees/failure_followup_20261025/runs/validation_extraction/s1/step_seed29_trees.csv
A11: s1 | B11: 30 | C11: 55 | D11: results/eth_trees/failure_followup_20261025/runs/validation_extraction/s1/step_seed30_trees.csv
A12: s2 | B12: 21 | C12: 60 | D12: results/eth_trees/failure_followup_20261025/runs/validation_extraction/s2/step_seed21_trees.csv
A13: s2 | B13: 22 | C13: 61 | D13: results/eth_trees/failure_followup_20261025/runs/validation_extraction/s2/step_seed22_trees.csv
... A61: s6 | B61: 30 | C61: 88 | D61: results/eth_trees/failure_followup_20261025/runs/validation_extraction/s6/step_seed30_trees.csv

Sheet 新核驗紀錄
A1: 項目 | B1: 值
A2: audit_validation.previous_rows_checked | B2: 300
A3: audit_validation.instrumentation_changes_transforms_or_matches | B3: =FALSE() -> FALSE
A4: audit_validation.failed_cases | B4: 8
A5: audit_validation.fewer_than_three_matches | B5: 7
A6: audit_validation.gt_use | B6: diagnosis only; nearby cross-scan stems are optimistic proxies, not annotated tree truth
A7: gt_independence.perturbation_translation_m | B7: [100, 100, 100]
A8: gt_independence.checks | B8: [{"seed": 14, "pair": "s4-s5", "estimated_transform_unchanged": true, "recovery_support_unchanged": true}, {"seed": 11, "pair": "s1-s6", "estimated_transform_unchanged": true, "recovery_support_unchanged": true}]
A9: validation.validation_rows | B9: 600
A10: validation.primary_cases_per_method | B10: 150
A11: validation.validation_extractions_checked | B11: 60
A12: validation.extraction_settings_unchanged_except_seed | B12: =TRUE() -> TRUE
A13: validation.full_source_cloud_ep | B13: =TRUE() -> TRUE
A14: validation.success_threshold_unchanged | B14: =TRUE() -> TRUE
A15: validation.inference_sha256_unchanged_since_freeze | B15: =TRUE() -> TRUE
A16: validation.cpp_tests | B16: 81
A17: validation.workbook_sha256 | B17: 9077cc62f6574696460e43e70f8b9edf2704d72c76de94885c4a72ad5d2a76b5
A18: workbook_validation.sheets | B18: 3
A19: workbook_validation.primary_cases_checked | B19: 150
A20: workbook_validation.pair_summaries_checked | B20: 15
A21: workbook_validation.no_error_cells | B21: =TRUE() -> TRUE
A22: workbook_validation.workbook_sha256 | B22: 9077cc62f6574696460e43e70f8b9edf2704d72c76de94885c4a72ad5d2a76b5
A23: workbook_validation.bytes | B23: 17096
A24: 新驗證CSV列數 | B24: 600
A25: 舊候選CSV列數 | B25: 1200
A26: 原始欄位單位 | B26: *_deg為度；*_m為公尺；time_ms為毫秒；*_ok、success、used_triangle、official為0/1旗標。
A27: GT欄位 | B27: n_correct_matches及失敗診斷的gt_*僅供評分；補救API不接收GT。

Sheet 說明
A1: 項目 | B1: 內容
A2: 已完成配準資料集數 | B2: 1
A3: 已完成配準資料集 | B3: ETH-Trees
A4: 跨資料集配準狀態 | B4: 尚未完成：其他原始站點與配準真值待取得
A5: 外部樹木提取驗證 | B5: Liang2018 / TreeTool處理後六樣區、三設定、seed11–20；見外部提取工作表
A6: 本輪ETH的seed | B6: 11–20；篩選使用舊seed1–5，6–10另列
A7: 成功定義 | B7: 旋轉誤差 < 2° 且平移誤差 < 0.5 m
A8: 兩站方法 | B8: 每次只用兩站；控制組5 cm＋SVD，候選為固定10 cm＋配準RANSAC
A9: 多站方法 | B9: 最大生成樹使用同場景全部站；與獨立兩站任務分開解讀
A10: e_p定義 | B10: source全部點的平均變換差；表內中位數只對成功案例
A11: 新資料策略 | B11: 使用ETH固定參數直接套用，不先針對新資料重調
A12: ETH建議 | B12: 獨立兩站優先10cm＋配準RANSAC：142/150 (94.7%)；control SVD為118/150 (78.7%)
A13: 多站路徑建議 | B13: 六站最大生成樹150/150；需取得全部站點，不與獨立兩站作相同條件宣稱
A14: 資料缺漏 | B14: 未下載／未執行列明確標示；不是0%成功率
... A18: 後續優先順序 | B18: 取得原始分站資料與配準真值，驗證固定10cm＋配準RANSAC；提取先檢查漏樹原因、感測器原點與標註範圍。

Sheet 逐對結果
A1: 資料集 | B1: 場景 | C1: 任務 | D1: 方法代碼 | E1: solver | F1: seed | G1: pair | H1: 官方配對 | I1: 求得變換 | J1: 成功 | K1: 旋轉誤差° | L1: 平移誤差m | M1: e_p m | N1: CN匹配數 | O1: GT正確匹配數(僅評分) | P1: RANSAC inliers | Q1: 多站路徑 | R1: 匹配＋求解ms | S1: 擷取設定 | T1: 結果來源
A2: ETH-Trees | B2: Trees | C2: 兩站 | D2: fresh_control | E2: svd | F2: 11 | G2: s1-s2 | H2: 1 | I2: 1 | J2: 1 | K2: 0.54773544 | L2: 0.080279404 | M2: 0.087026289 | N2: 6 | O2: 6 | P2: 0 | R2: 1.713854 | S2: control | T2: results/eth_trees/tuning_20261025/runs/fresh_rows.csv
A3: ETH-Trees | B3: Trees | C3: 兩站 | D3: fresh_control | E3: svd+ransac | F3: 11 | G3: s1-s2 | H3: 1 | I3: 1 | J3: 1 | K3: 0.54773544 | L3: 0.080279404 | M3: 0.087026289 | N3: 6 | O3: 6 | P3: 6 | R3: 6.131956 | S3: control | T3: results/eth_trees/tuning_20261025/runs/fresh_rows.csv
A4: ETH-Trees | B4: Trees | C4: 兩站 | D4: fresh_control | E4: svd | F4: 11 | G4: s1-s3 | H4: 1 | I4: 1 | J4: 1 | K4: 1.7622011 | L4: 0.27435017 | M4: 0.28907962 | N4: 9 | O4: 9 | P4: 0 | R4: 1.415102 | S4: control | T4: results/eth_trees/tuning_20261025/runs/fresh_rows.csv
A5: ETH-Trees | B5: Trees | C5: 兩站 | D5: fresh_control | E5: svd+ransac | F5: 11 | G5: s1-s3 | H5: 1 | I5: 1 | J5: 1 | K5: 1.2683517 | L5: 0.10658032 | M5: 0.1281766 | N5: 9 | O5: 9 | P5: 8 | R5: 1.925898 | S5: control | T5: results/eth_trees/tuning_20261025/runs/fresh_rows.csv
A6: ETH-Trees | B6: Trees | C6: 兩站 | D6: fresh_control | E6: svd | F6: 11 | G6: s1-s4 | H6: 0 | I6: 1 | J6: 1 | K6: 0.99967114 | L6: 0.20461008 | M6: 0.21323552 | N6: 6 | O6: 6 | P6: 0 | R6: 5.426543 | S6: control | T6: results/eth_trees/tuning_20261025/runs/fresh_rows.csv
A7: ETH-Trees | B7: Trees | C7: 兩站 | D7: fresh_control | E7: svd+ransac | F7: 11 | G7: s1-s4 | H7: 0 | I7: 1 | J7: 1 | K7: 0.99967114 | L7: 0.20461008 | M7: 0.21323552 | N7: 6 | O7: 6 | P7: 6 | R7: 5.859021 | S7: control | T7: results/eth_trees/tuning_20261025/runs/fresh_rows.csv
A8: ETH-Trees | B8: Trees | C8: 兩站 | D8: fresh_control | E8: svd | F8: 11 | G8: s1-s5 | H8: 0 | I8: 1 | J8: 0 | K8: 2.0161573 | L8: 0.5794676 | M8: 0.58740625 | N8: 6 | O8: 6 | P8: 0 | R8: 2.41501 | S8: control | T8: results/eth_trees/tuning_20261025/runs/fresh_rows.csv
A9: ETH-Trees | B9: Trees | C9: 兩站 | D9: fresh_control | E9: svd+ransac | F9: 11 | G9: s1-s5 | H9: 0 | I9: 1 | J9: 1 | K9: 0.52907802 | L9: 0.10110078 | M9: 0.10449931 | N9: 6 | O9: 6 | P9: 5 | R9: 6.990876 | S9: control | T9: results/eth_trees/tuning_20261025/runs/fresh_rows.csv
A10: ETH-Trees | B10: Trees | C10: 兩站 | D10: fresh_control | E10: svd | F10: 11 | G10: s1-s6 | H10: 0 | I10: 1 | J10: 0 | K10: 8.5544613 | L10: 3.6936636 | M10: 3.6760071 | N10: 3 | O10: 3 | P10: 0 | R10: 2.437844 | S10: control | T10: results/eth_trees/tuning_20261025/runs/fresh_rows.csv
A11: ETH-Trees | B11: Trees | C11: 兩站 | D11: fresh_control | E11: svd+ransac | F11: 11 | G11: s1-s6 | H11: 0 | I11: 1 | J11: 0 | K11: 8.5544613 | L11: 3.6936636 | M11: 3.6760071 | N11: 3 | O11: 3 | P11: 3 | R11: 2.618301 | S11: control | T11: results/eth_trees/tuning_20261025/runs/fresh_rows.csv
A12: ETH-Trees | B12: Trees | C12: 兩站 | D12: fresh_control | E12: svd | F12: 12 | G12: s1-s2 | H12: 1 | I12: 1 | J12: 1 | K12: 0.43836989 | L12: 0.062225384 | M12: 0.067612733 | N12: 6 | O12: 6 | P12: 0 | R12: 1.57599 | S12: control | T12: results/eth_trees/tuning_20261025/runs/fresh_rows.csv
A13: ETH-Trees | B13: Trees | C13: 兩站 | D13: fresh_control | E13: svd+ransac | F13: 12 | G13: s1-s2 | H13: 1 | I13: 1 | J13: 1 | K13: 0.43836989 | L13: 0.062225384 | M13: 0.067612733 | N13: 6 | O13: 6 | P13: 6 | R13: 1.952296 | S13: control | T13: results/eth_trees/tuning_20261025/runs/fresh_rows.csv
... A29: ETH-Trees | B29: Trees | C29: 兩站 | D29: fresh_control | E29: svd+ransac | F29: 13 | G29: s1-s5 | H29: 0 | I29: 1 | J29: 1 | K29: 0.48208598 | L29: 0.10782001 | M29: 0.11181077 | N29: 5 | O29: 5 | P29: 5 | R29: 6.569632 | S29: control | T29: results/eth_trees/tuning_20261025/runs/fresh_rows.csv
A30: ETH-Trees | B30: Trees | C30: 兩站 | D30: fresh_control | E30: svd | F30: 13 | G30: s1-s6 | H30: 0 | I30: 0 | J30: 0 | N30: 0 | O30: 0 | P30: 0 | R30: 2.129048 | S30: control | T30: results/eth_trees/tuning_20261025/runs/fresh_rows.csv
A31: ETH-Trees | B31: Trees | C31: 兩站 | D31: fresh_control | E31: svd+ransac | F31: 13 | G31: s1-s6 | H31: 0 | I31: 0 | J31: 0 | N31: 0 | O31: 0 | P31: 0 | R31: 2.128918 | S31: control | T31: results/eth_trees/tuning_20261025/runs/fresh_rows.csv
A32: ETH-Trees | B32: Trees | C32: 兩站 | D32: fresh_control | E32: svd | F32: 14 | G32: s1-s2 | H32: 1 | I32: 0 | J32: 0 | N32: 2 | O32: 2 | P32: 0 | R32: 5.402709 | S32: control | T32: results/eth_trees/tuning_20261025/runs/fresh_rows.csv
A33: ETH-Trees | B33: Trees | C33: 兩站 | D33: fresh_control | E33: svd+ransac | F33: 14 | G33: s1-s2 | H33: 1 | I33: 0 | J33: 0 | N33: 2 | O33: 2 | P33: 0 | R33: 5.402749 | S33: control | T33: results/eth_trees/tuning_20261025/runs/fresh_rows.csv
A34: ETH-Trees | B34: Trees | C34: 兩站 | D34: fresh_control | E34: svd | F34: 14 | G34: s1-s3 | H34: 1 | I34: 1 | J34: 1 | K34: 1.1381519 | L34: 0.12730976 | M34: 0.14290071 | N34: 9 | O34: 9 | P34: 0 | R34: 1.25142 | S34: control | T34: results/eth_trees/tuning_20261025/runs/fresh_rows.csv
A35: ETH-Trees | B35: Trees | C35: 兩站 | D35: fresh_control | E35: svd+ransac | F35: 14 | G35: s1-s3 | H35: 1 | I35: 1 | J35: 1 | K35: 1.1381519 | L35: 0.12730976 | M35: 0.14290071 | N35: 9 | O35: 9 | P35: 9 | R35: 1.789976 | S35: control | T35: results/eth_trees/tuning_20261025/runs/fresh_rows.csv
A36: ETH-Trees | B36: Trees | C36: 兩站 | D36: fresh_control | E36: svd | F36: 14 | G36: s1-s4 | H36: 0 | I36: 0 | J36: 0 | N36: 2 | O36: 2 | P36: 0 | R36: 1.52806 | S36: control | T36: results/eth_trees/tuning_20261025/runs/fresh_rows.csv
A37: ETH-Trees | B37: Trees | C37: 兩站 | D37: fresh_control | E37: svd+ransac | F37: 14 | G37: s1-s4 | H37: 0 | I37: 0 | J37: 0 | N37: 2 | O37: 2 | P37: 0 | R37: 1.527999 | S37: control | T37: results/eth_trees/tuning_20261025/runs/fresh_rows.csv
A38: ETH-Trees | B38: Trees | C38: 兩站 | D38: fresh_control | E38: svd | F38: 14 | G38: s1-s5 | H38: 0 | I38: 1 | J38: 1 | K38: 0.82723443 | L38: 0.23565572 | M38: 0.24105911 | N38: 3 | O38: 3 | P38: 0 | R38: 6.3309 | S38: control | T38: results/eth_trees/tuning_20261025/runs/fresh_rows.csv
A39: ETH-Trees | B39: Trees | C39: 兩站 | D39: fresh_control | E39: svd+ransac | F39: 14 | G39: s1-s5 | H39: 0 | I39: 1 | J39: 1 | K39: 0.82723443 | L39: 0.23565572 | M39: 0.24105911 | N39: 3 | O39: 3 | P39: 3 | R39: 6.50681 | S39: control | T39: results/eth_trees/tuning_20261025/runs/fresh_rows.csv
A40: ETH-Trees | B40: Trees | C40: 兩站 | D40: fresh_control | E40: svd | F40: 14 | G40: s1-s6 | H40: 0 | I40: 1 | J40: 0 | K40: 3.9642737 | L40: 0.21201757 | M40: 0.31424586 | N40: 4 | O40: 4 | P40: 0 | R40: 2.591262 | S40: control | T40: results/eth_trees/tuning_20261025/runs/fresh_rows.csv
A41: ETH-Trees | B41: Trees | C41: 兩站 | D41: fresh_control | E41: svd+ransac | F41: 14 | G41: s1-s6 | H41: 0 | I41: 1 | J41: 1 | K41: 1.8186896 | L41: 0.13551499 | M41: 0.17730392 | N41: 4 | O41: 4 | P41: 3 | R41: 2.896703 | S41: control | T41: results/eth_trees/tuning_20261025/runs/fresh_rows.csv
A42: ETH-Trees | B42: Trees | C42: 兩站 | D42: fresh_control | E42: svd | F42: 15 | G42: s1-s2 | H42: 1 | I42: 1 | J42: 1 | K42: 0.47692242 | L42: 0.10941369 | M42: 0.1185239 | N42: 5 | O42: 5 | P42: 0 | R42: 5.481524 | S42: control | T42: results/eth_trees/tuning_20261025/runs/fresh_rows.csv
A43: ETH-Trees | B43: Trees | C43: 兩站 | D43: fresh_control | E43: svd+ransac | F43: 15 | G43: s1-s2 | H43: 1 | I43: 1 | J43: 1 | K43: 0.47692242 | L43: 0.10941369 | M43: 0.1185239 | N43: 5 | O43: 5 | P43: 5 | R43: 5.847985 | S43: control | T43: results/eth_trees/tuning_20261025/runs/fresh_rows.csv
A44: ETH-Trees | B44: Trees | C44: 兩站 | D44: fresh_control | E44: svd | F44: 15 | G44: s1-s3 | H44: 1 | I44: 1 | J44: 1 | K44: 0.36357182 | L44: 0.03498049 | M44: 0.040713536 | N44: 10 | O44: 10 | P44: 0 | R44: 1.435792 | S44: control | T44: results/eth_trees/tuning_20261025/runs/fresh_rows.csv
A45: ETH-Trees | B45: Trees | C45: 兩站 | D45: fresh_control | E45: svd+ransac | F45: 15 | G45: s1-s3 | H45: 1 | I45: 1 | J45: 1 | K45: 0.36357182 | L45: 0.03498049 | M45: 0.040713536 | N45: 10 | O45: 10 | P45: 10 | R45: 2.022249 | S45: control | T45: results/eth_trees/tuning_20261025/runs/fresh_rows.csv
A46: ETH-Trees | B46: Trees | C46: 兩站 | D46: fresh_control | E46: svd | F46: 15 | G46: s1-s4 | H46: 0 | I46: 0 | J46: 0 | N46: 1 | O46: 1 | P46: 0 | R46: 1.260484 | S46: control | T46: results/eth_trees/tuning_20261025/runs/fresh_rows.csv
A47: ETH-Trees | B47: Trees | C47: 兩站 | D47: fresh_control | E47: svd+ransac | F47: 15 | G47: s1-s4 | H47: 0 | I47: 0 | J47: 0 | N47: 1 | O47: 1 | P47: 0 | R47: 1.260634 | S47: control | T47: results/eth_trees/tuning_20261025/runs/fresh_rows.csv
A48: ETH-Trees | B48: Trees | C48: 兩站 | D48: fresh_control | E48: svd | F48: 15 | G48: s1-s5 | H48: 0 | I48: 1 | J48: 1 | K48: 0.85802265 | L48: 0.31298172 | M48: 0.3151043 | N48: 5 | O48: 5 | P48: 0 | R48: 2.165771 | S48: control | T48: results/eth_trees/tuning_20261025/runs/fresh_rows.csv
A49: ETH-Trees | B49: Trees | C49: 兩站 | D49: fresh_control | E49: svd+ransac | F49: 15 | G49: s1-s5 | H49: 0 | I49: 1 | J49: 1 | K49: 0.85802265 | L49: 0.31298172 | M49: 0.3151043 | N49: 5 | O49: 5 | P49: 5 | R49: 2.560925 | S49: control | T49: results/eth_trees/tuning_20261025/runs/fresh_rows.csv
A50: ETH-Trees | B50: Trees | C50: 兩站 | D50: fresh_control | E50: svd | F50: 15 | G50: s1-s6 | H50: 0 | I50: 1 | J50: 1 | K50: 1.3779078 | L50: 0.091204314 | M50: 0.1241737 | N50: 6 | O50: 6 | P50: 0 | R50: 2.235886 | S50: control | T50: results/eth_trees/tuning_20261025/runs/fresh_rows.csv
A51: ETH-Trees | B51: Trees | C51: 兩站 | D51: fresh_control | E51: svd+ransac | F51: 15 | G51: s1-s6 | H51: 0 | I51: 1 | J51: 1 | K51: 1.3779078 | L51: 0.091204314 | M51: 0.1241737 | N51: 6 | O51: 6 | P51: 6 | R51: 2.663769 | S51: control | T51: results/eth_trees/tuning_20261025/runs/fresh_rows.csv
A52: ETH-Trees | B52: Trees | C52: 兩站 | D52: fresh_control | E52: svd | F52: 16 | G52: s1-s2 | H52: 1 | I52: 1 | J52: 1 | K52: 0.36539857 | L52: 0.062431004 | M52: 0.065425177 | N52: 8 | O52: 8 | P52: 0 | R52: 1.471125 | S52: control | T52: results/eth_trees/tuning_20261025/runs/fresh_rows.csv
A53: ETH-Trees | B53: Trees | C53: 兩站 | D53: fresh_control | E53: svd+ransac | F53: 16 | G53: s1-s2 | H53: 1 | I53: 1 | J53: 1 | K53: 0.36539857 | L53: 0.062431004 | M53: 0.065425177 | N53: 8 | O53: 8 | P53: 8 | R53: 27.193963 | S53: control | T53: results/eth_trees/tuning_20261025/runs/fresh_rows.csv
A54: ETH-Trees | B54: Trees | C54: 兩站 | D54: fresh_control | E54: svd | F54: 16 | G54: s1-s3 | H54: 1 | I54: 1 | J54: 1 | K54: 0.71665337 | L54: 0.051892073 | M54: 0.065147149 | N54: 10 | O54: 10 | P54: 0 | R54: 1.220675 | S54: control | T54: results/eth_trees/tuning_20261025/runs/fresh_rows.csv
A55: ETH-Trees | B55: Trees | C55: 兩站 | D55: fresh_control | E55: svd+ransac | F55: 16 | G55: s1-s3 | H55: 1 | I55: 1 | J55: 1 | K55: 0.71665337 | L55: 0.051892073 | M55: 0.065147149 | N55: 10 | O55: 10 | P55: 10 | R55: 1.818559 | S55: control | T55: results/eth_trees/tuning_20261025/runs/fresh_rows.csv
A56: ETH-Trees | B56: Trees | C56: 兩站 | D56: fresh_control | E56: svd | F56: 16 | G56: s1-s4 | H56: 0 | I56: 1 | J56: 1 | K56: 0.84587349 | L56: 0.032086616 | M56: 0.067722014 | N56: 5 | O56: 5 | P56: 0 | R56: 1.426449 | S56: control | T56: results/eth_trees/tuning_20261025/runs/fresh_rows.csv
A57: ETH-Trees | B57: Trees | C57: 兩站 | D57: fresh_control | E57: svd+ransac | F57: 16 | G57: s1-s4 | H57: 0 | I57: 1 | J57: 1 | K57: 0.84587349 | L57: 0.032086616 | M57: 0.067722014 | N57: 5 | O57: 5 | P57: 5 | R57: 1.735746 | S57: control | T57: results/eth_trees/tuning_20261025/runs/fresh_rows.csv
A58: ETH-Trees | B58: Trees | C58: 兩站 | D58: fresh_control | E58: svd | F58: 16 | G58: s1-s5 | H58: 0 | I58: 1 | J58: 1 | K58: 0.52826649 | L58: 0.096083161 | M58: 0.10197871 | N58: 9 | O58: 9 | P58: 0 | R58: 6.261687 | S58: control | T58: results/eth_trees/tuning_20261025/runs/fresh_rows.csv
A59: ETH-Trees | B59: Trees | C59: 兩站 | D59: fresh_control | E59: svd+ransac | F59: 16 | G59: s1-s5 | H59: 0 | I59: 1 | J59: 1 | K59: 0.52826649 | L59: 0.096083161 | M59: 0.10197871 | N59: 9 | O59: 9 | P59: 9 | R59: 6.802136 | S59: control | T59: results/eth_trees/tuning_20261025/runs/fresh_rows.csv
A60: ETH-Trees | B60: Trees | C60: 兩站 | D60: fresh_control | E60: svd | F60: 16 | G60: s1-s6 | H60: 0 | I60: 0 | J60: 0 | N60: 0 | O60: 0 | P60: 0 | R60: 6.489945 | S60: control | T60: results/eth_trees/tuning_20261025/runs/fresh_rows.csv
A61: ETH-Trees | B61: Trees | C61: 兩站 | D61: fresh_control | E61: svd+ransac | F61: 16 | G61: s1-s6 | H61: 0 | I61: 0 | J61: 0 | N61: 0 | O61: 0 | P61: 0 | R61: 6.489515 | S61: control | T61: results/eth_trees/tuning_20261025/runs/fresh_rows.csv
A62: ETH-Trees | B62: Trees | C62: 兩站 | D62: fresh_control | E62: svd | F62: 17 | G62: s1-s2 | H62: 1 | I62: 1 | J62: 1 | K62: 0.64960826 | L62: 0.15988396 | M62: 0.16625347 | N62: 4 | O62: 4 | P62: 0 | R62: 1.59679 | S62: control | T62: results/eth_trees/tuning_20261025/runs/fresh_rows.csv
A63: ETH-Trees | B63: Trees | C63: 兩站 | D63: fresh_control | E63: svd+ransac | F63: 17 | G63: s1-s2 | H63: 1 | I63: 1 | J63: 1 | K63: 0.64960826 | L63: 0.15988396 | M63: 0.16625347 | N63: 4 | O63: 4 | P63: 4 | R63: 5.935295 | S63: control | T63: results/eth_trees/tuning_20261025/runs/fresh_rows.csv
A64: ETH-Trees | B64: Trees | C64: 兩站 | D64: fresh_control | E64: svd | F64: 17 | G64: s1-s3 | H64: 1 | I64: 1 | J64: 1 | K64: 0.77900289 | L64: 0.047544813 | M64: 0.063577526 | N64: 6 | O64: 6 | P64: 0 | R64: 1.271811 | S64: control | T64: results/eth_trees/tuning_20261025/runs/fresh_rows.csv
A65: ETH-Trees | B65: Trees | C65: 兩站 | D65: fresh_control | E65: svd+ransac | F65: 17 | G65: s1-s3 | H65: 1 | I65: 1 | J65: 1 | K65: 0.77900289 | L65: 0.047544813 | M65: 0.063577526 | N65: 6 | O65: 6 | P65: 6 | R65: 1.706574 | S65: control | T65: results/eth_trees/tuning_20261025/runs/fresh_rows.csv
A66: ETH-Trees | B66: Trees | C66: 兩站 | D66: fresh_control | E66: svd | F66: 17 | G66: s1-s4 | H66: 0 | I66: 1 | J66: 1 | K66: 1.2531121 | L66: 0.29892933 | M66: 0.30505607 | N66: 4 | O66: 4 | P66: 0 | R66: 1.426079 | S66: control | T66: results/eth_trees/tuning_20261025/runs/fresh_rows.csv
A67: ETH-Trees | B67: Trees | C67: 兩站 | D67: fresh_control | E67: svd+ransac | F67: 17 | G67: s1-s4 | H67: 0 | I67: 1 | J67: 1 | K67: 1.2531121 | L67: 0.29892933 | M67: 0.30505607 | N67: 4 | O67: 4 | P67: 4 | R67: 1.694646 | S67: control | T67: results/eth_trees/tuning_20261025/runs/fresh_rows.csv
A68: ETH-Trees | B68: Trees | C68: 兩站 | D68: fresh_control | E68: svd | F68: 17 | G68: s1-s5 | H68: 0 | I68: 0 | J68: 0 | N68: 2 | O68: 2 | P68: 0 | R68: 2.802803 | S68: control | T68: results/eth_trees/tuning_20261025/runs/fresh_rows.csv
A69: ETH-Trees | B69: Trees | C69: 兩站 | D69: fresh_control | E69: svd+ransac | F69: 17 | G69: s1-s5 | H69: 0 | I69: 0 | J69: 0 | N69: 2 | O69: 2 | P69: 0 | R69: 2.802933 | S69: control | T69: results/eth_trees/tuning_20261025/runs/fresh_rows.csv
A70: ETH-Trees | B70: Trees | C70: 兩站 | D70: fresh_control | E70: svd | F70: 17 | G70: s1-s6 | H70: 0 | I70: 1 | J70: 1 | K70: 1.007956 | L70: 0.10296787 | M70: 0.12143408 | N70: 6 | O70: 6 | P70: 0 | R70: 2.476171 | S70: control | T70: results/eth_trees/tuning_20261025/runs/fresh_rows.csv
A71: ETH-Trees | B71: Trees | C71: 兩站 | D71: fresh_control | E71: svd+ransac | F71: 17 | G71: s1-s6 | H71: 0 | I71: 1 | J71: 1 | K71: 1.007956 | L71: 0.10296787 | M71: 0.12143408 | N71: 6 | O71: 6 | P71: 6 | R71: 6.965588 | S71: control | T71: results/eth_trees/tuning_20261025/runs/fresh_rows.csv
A72: ETH-Trees | B72: Trees | C72: 兩站 | D72: fresh_control | E72: svd | F72: 18 | G72: s1-s2 | H72: 1 | I72: 1 | J72: 1 | K72: 0.54679421 | L72: 0.062018948 | M72: 0.069395 | N72: 8 | O72: 8 | P72: 0 | R72: 5.572597 | S72: control | T72: results/eth_trees/tuning_20261025/runs/fresh_rows.csv
A73: ETH-Trees | B73: Trees | C73: 兩站 | D73: fresh_control | E73: svd+ransac | F73: 18 | G73: s1-s2 | H73: 1 | I73: 1 | J73: 1 | K73: 0.54679421 | L73: 0.062018948 | M73: 0.069395 | N73: 8 | O73: 8 | P73: 8 | R73: 6.082261 | S73: control | T73: results/eth_trees/tuning_20261025/runs/fresh_rows.csv
A74: ETH-Trees | B74: Trees | C74: 兩站 | D74: fresh_control | E74: svd | F74: 18 | G74: s1-s3 | H74: 1 | I74: 1 | J74: 1 | K74: 0.65902942 | L74: 0.033441074 | M74: 0.049134109 | N74: 7 | O74: 7 | P74: 0 | R74: 5.570976 | S74: control | T74: results/eth_trees/tuning_20261025/runs/fresh_rows.csv
A75: ETH-Trees | B75: Trees | C75: 兩站 | D75: fresh_control | E75: svd+ransac | F75: 18 | G75: s1-s3 | H75: 1 | I75: 1 | J75: 1 | K75: 0.65902942 | L75: 0.033441074 | M75: 0.049134109 | N75: 7 | O75: 7 | P75: 7 | R75: 6.061902 | S75: control | T75: results/eth_trees/tuning_20261025/runs/fresh_rows.csv
A76: ETH-Trees | B76: Trees | C76: 兩站 | D76: fresh_control | E76: svd | F76: 18 | G76: s1-s4 | H76: 0 | I76: 1 | J76: 1 | K76: 0.80412046 | L76: 0.14082076 | M76: 0.14927738 | N76: 8 | O76: 8 | P76: 0 | R76: 1.404796 | S76: control | T76: results/eth_trees/tuning_20261025/runs/fresh_rows.csv
A77: ETH-Trees | B77: Trees | C77: 兩站 | D77: fresh_control | E77: svd+ransac | F77: 18 | G77: s1-s4 | H77: 0 | I77: 1 | J77: 1 | K77: 0.80412046 | L77: 0.14082076 | M77: 0.14927738 | N77: 8 | O77: 8 | P77: 8 | R77: 1.927799 | S77: control | T77: results/eth_trees/tuning_20261025/runs/fresh_rows.csv
A78: ETH-Trees | B78: Trees | C78: 兩站 | D78: fresh_control | E78: svd | F78: 18 | G78: s1-s5 | H78: 0 | I78: 1 | J78: 1 | K78: 0.6153326 | L78: 0.18103229 | M78: 0.18261746 | N78: 3 | O78: 3 | P78: 0 | R78: 34.715012 | S78: control | T78: results/eth_trees/tuning_20261025/runs/fresh_rows.csv
A79: ETH-Trees | B79: Trees | C79: 兩站 | D79: fresh_control | E79: svd+ransac | F79: 18 | G79: s1-s5 | H79: 0 | I79: 1 | J79: 1 | K79: 0.6153326 | L79: 0.18103229 | M79: 0.18261746 | N79: 3 | O79: 3 | P79: 3 | R79: 34.902169 | S79: control | T79: results/eth_trees/tuning_20261025/runs/fresh_rows.csv
A80: ETH-Trees | B80: Trees | C80: 兩站 | D80: fresh_control | E80: svd | F80: 18 | G80: s1-s6 | H80: 0 | I80: 1 | J80: 1 | K80: 0.32670568 | L80: 0.10327898 | M80: 0.10409469 | N80: 5 | O80: 5 | P80: 0 | R80: 2.398326 | S80: control | T80: results/eth_trees/tuning_20261025/runs/fresh_rows.csv
A81: ETH-Trees | B81: Trees | C81: 兩站 | D81: fresh_control | E81: svd+ransac | F81: 18 | G81: s1-s6 | H81: 0 | I81: 1 | J81: 1 | K81: 0.32670568 | L81: 0.10327898 | M81: 0.10409469 | N81: 5 | O81: 5 | P81: 5 | R81: 2.733141 | S81: control | T81: results/eth_trees/tuning_20261025/runs/fresh_rows.csv
... A89: ETH-Trees | B89: Trees | C89: 兩站 | D89: fresh_control | E89: svd+ransac | F89: 19 | G89: s1-s5 | H89: 0 | I89: 1 | J89: 1 | K89: 0.86457588 | L89: 0.094137532 | M89: 0.11137747 | N89: 8 | O89: 8 | P89: 8 | R89: 6.977096 | S89: control | T89: results/eth_trees/tuning_20261025/runs/fresh_rows.csv
A90: ETH-Trees | B90: Trees | C90: 兩站 | D90: fresh_control | E90: svd | F90: 19 | G90: s1-s6 | H90: 0 | I90: 0 | J90: 0 | N90: 0 | O90: 0 | P90: 0 | R90: 6.406852 | S90: control | T90: results/eth_trees/tuning_20261025/runs/fresh_rows.csv
A91: ETH-Trees | B91: Trees | C91: 兩站 | D91: fresh_control | E91: svd+ransac | F91: 19 | G91: s1-s6 | H91: 0 | I91: 0 | J91: 0 | N91: 0 | O91: 0 | P91: 0 | R91: 6.406993 | S91: control | T91: results/eth_trees/tuning_20261025/runs/fresh_rows.csv
A92: ETH-Trees | B92: Trees | C92: 兩站 | D92: fresh_control | E92: svd | F92: 20 | G92: s1-s2 | H92: 1 | I92: 1 | J92: 1 | K92: 0.39309336 | L92: 0.061127718 | M92: 0.064925012 | N92: 11 | O92: 11 | P92: 0 | R92: 1.309045 | S92: control | T92: results/eth_trees/tuning_20261025/runs/fresh_rows.csv
A93: ETH-Trees | B93: Trees | C93: 兩站 | D93: fresh_control | E93: svd+ransac | F93: 20 | G93: s1-s2 | H93: 1 | I93: 1 | J93: 1 | K93: 0.39309336 | L93: 0.061127718 | M93: 0.064925012 | N93: 11 | O93: 11 | P93: 11 | R93: 1.864987 | S93: control | T93: results/eth_trees/tuning_20261025/runs/fresh_rows.csv
A94: ETH-Trees | B94: Trees | C94: 兩站 | D94: fresh_control | E94: svd | F94: 20 | G94: s1-s3 | H94: 1 | I94: 1 | J94: 1 | K94: 0.2461336 | L94: 0.11468942 | M94: 0.1170023 | N94: 10 | O94: 10 | P94: 0 | R94: 5.237864 | S94: control | T94: results/eth_trees/tuning_20261025/runs/fresh_rows.csv
A95: ETH-Trees | B95: Trees | C95: 兩站 | D95: fresh_control | E95: svd+ransac | F95: 20 | G95: s1-s3 | H95: 1 | I95: 1 | J95: 1 | K95: 0.2461336 | L95: 0.11468942 | M95: 0.1170023 | N95: 10 | O95: 10 | P95: 10 | R95: 5.804992 | S95: control | T95: results/eth_trees/tuning_20261025/runs/fresh_rows.csv
A96: ETH-Trees | B96: Trees | C96: 兩站 | D96: fresh_control | E96: svd | F96: 20 | G96: s1-s4 | H96: 0 | I96: 1 | J96: 1 | K96: 0.66117904 | L96: 0.043953307 | M96: 0.068221355 | N96: 5 | O96: 5 | P96: 0 | R96: 5.333565 | S96: control | T96: results/eth_trees/tuning_20261025/runs/fresh_rows.csv
A97: ETH-Trees | B97: Trees | C97: 兩站 | D97: fresh_control | E97: svd+ransac | F97: 20 | G97: s1-s4 | H97: 0 | I97: 1 | J97: 1 | K97: 0.66117904 | L97: 0.043953307 | M97: 0.068221355 | N97: 5 | O97: 5 | P97: 5 | R97: 5.759525 | S97: control | T97: results/eth_trees/tuning_20261025/runs/fresh_rows.csv
A98: ETH-Trees | B98: Trees | C98: 兩站 | D98: fresh_control | E98: svd | F98: 20 | G98: s1-s5 | H98: 0 | I98: 0 | J98: 0 | N98: 1 | O98: 1 | P98: 0 | R98: 6.489654 | S98: control | T98: results/eth_trees/tuning_20261025/runs/fresh_rows.csv
A99: ETH-Trees | B99: Trees | C99: 兩站 | D99: fresh_control | E99: svd+ransac | F99: 20 | G99: s1-s5 | H99: 0 | I99: 0 | J99: 0 | N99: 1 | O99: 1 | P99: 0 | R99: 6.489153 | S99: control | T99: results/eth_trees/tuning_20261025/runs/fresh_rows.csv
A100: ETH-Trees | B100: Trees | C100: 兩站 | D100: fresh_control | E100: svd | F100: 20 | G100: s1-s6 | H100: 0 | I100: 1 | J100: 1 | K100: 1.1407581 | L100: 0.11348781 | M100: 0.12957915 | N100: 3 | O100: 3 | P100: 0 | R100: 2.174104 | S100: control | T100: results/eth_trees/tuning_20261025/runs/fresh_rows.csv
A101: ETH-Trees | B101: Trees | C101: 兩站 | D101: fresh_control | E101: svd+ransac | F101: 20 | G101: s1-s6 | H101: 0 | I101: 1 | J101: 1 | K101: 1.1407581 | L101: 0.11348781 | M101: 0.12957915 | N101: 3 | O101: 3 | P101: 3 | R101: 2.36748 | S101: control | T101: results/eth_trees/tuning_20261025/runs/fresh_rows.csv
A102: ETH-Trees | B102: Trees | C102: 兩站 | D102: fresh_control | E102: svd | F102: 11 | G102: s2-s3 | H102: 1 | I102: 1 | J102: 0 | K102: 2.5611943 | L102: 0.22244398 | M102: 0.26768059 | N102: 14 | O102: 14 | P102: 0 | R102: 7.34638 | S102: control | T102: results/eth_trees/tuning_20261025/runs/fresh_rows.csv
A103: ETH-Trees | B103: Trees | C103: 兩站 | D103: fresh_control | E103: svd+ransac | F103: 11 | G103: s2-s3 | H103: 1 | I103: 1 | J103: 1 | K103: 0.85508032 | L103: 0.06276263 | M103: 0.080985304 | N103: 14 | O103: 14 | P103: 12 | R103: 12.116673 | S103: control | T103: results/eth_trees/tuning_20261025/runs/fresh_rows.csv
A104: ETH-Trees | B104: Trees | C104: 兩站 | D104: fresh_control | E104: svd | F104: 11 | G104: s2-s4 | H104: 1 | I104: 1 | J104: 1 | K104: 0.57605277 | L104: 0.030814763 | M104: 0.054413551 | N104: 3 | O104: 3 | P104: 0 | R104: 5.419112 | S104: control | T104: results/eth_trees/tuning_20261025/runs/fresh_rows.csv
A105: ETH-Trees | B105: Trees | C105: 兩站 | D105: fresh_control | E105: svd+ransac | F105: 11 | G105: s2-s4 | H105: 1 | I105: 1 | J105: 1 | K105: 0.57605277 | L105: 0.030814763 | M105: 0.054413551 | N105: 3 | O105: 3 | P105: 3 | R105: 5.598888 | S105: control | T105: results/eth_trees/tuning_20261025/runs/fresh_rows.csv
A106: ETH-Trees | B106: Trees | C106: 兩站 | D106: fresh_control | E106: svd | F106: 11 | G106: s2-s5 | H106: 1 | I106: 1 | J106: 1 | K106: 0.34933013 | L106: 0.048897518 | M106: 0.054248088 | N106: 5 | O106: 5 | P106: 0 | R106: 6.372452 | S106: control | T106: results/eth_trees/tuning_20261025/runs/fresh_rows.csv
A107: ETH-Trees | B107: Trees | C107: 兩站 | D107: fresh_control | E107: svd+ransac | F107: 11 | G107: s2-s5 | H107: 1 | I107: 1 | J107: 1 | K107: 0.34933013 | L107: 0.048897518 | M107: 0.054248088 | N107: 5 | O107: 5 | P107: 5 | R107: 6.67591 | S107: control | T107: results/eth_trees/tuning_20261025/runs/fresh_rows.csv
A108: ETH-Trees | B108: Trees | C108: 兩站 | D108: fresh_control | E108: svd | F108: 11 | G108: s2-s6 | H108: 0 | I108: 1 | J108: 1 | K108: 0.99006642 | L108: 0.3823563 | M108: 0.38973429 | N108: 7 | O108: 7 | P108: 0 | R108: 2.316084 | S108: control | T108: results/eth_trees/tuning_20261025/runs/fresh_rows.csv
A109: ETH-Trees | B109: Trees | C109: 兩站 | D109: fresh_control | E109: svd+ransac | F109: 11 | G109: s2-s6 | H109: 0 | I109: 1 | J109: 1 | K109: 0.60348528 | L109: 0.25106514 | M109: 0.25423392 | N109: 7 | O109: 7 | P109: 4 | R109: 2.796544 | S109: control | T109: results/eth_trees/tuning_20261025/runs/fresh_rows.csv
A110: ETH-Trees | B110: Trees | C110: 兩站 | D110: fresh_control | E110: svd | F110: 12 | G110: s2-s3 | H110: 1 | I110: 1 | J110: 1 | K110: 0.51269534 | L110: 0.059457291 | M110: 0.068508293 | N110: 11 | O110: 11 | P110: 0 | R110: 1.320553 | S110: control | T110: results/eth_trees/tuning_20261025/runs/fresh_rows.csv
A111: ETH-Trees | B111: Trees | C111: 兩站 | D111: fresh_control | E111: svd+ransac | F111: 12 | G111: s2-s3 | H111: 1 | I111: 1 | J111: 1 | K111: 0.51269534 | L111: 0.059457291 | M111: 0.068508293 | N111: 11 | O111: 11 | P111: 11 | R111: 5.920873 | S111: control | T111: results/eth_trees/tuning_20261025/runs/fresh_rows.csv
... A115: ETH-Trees | B115: Trees | C115: 兩站 | D115: fresh_control | E115: svd+ransac | F115: 12 | G115: s2-s5 | H115: 1 | I115: 1 | J115: 1 | K115: 0.44961144 | L115: 0.017428921 | M115: 0.038328481 | N115: 8 | O115: 8 | P115: 8 | R115: 3.606983 | S115: control | T115: results/eth_trees/tuning_20261025/runs/fresh_rows.csv
A116: ETH-Trees | B116: Trees | C116: 兩站 | D116: fresh_control | E116: svd | F116: 12 | G116: s2-s6 | H116: 0 | I116: 0 | J116: 0 | N116: 1 | O116: 1 | P116: 0 | R116: 6.47961 | S116: control | T116: results/eth_trees/tuning_20261025/runs/fresh_rows.csv
A117: ETH-Trees | B117: Trees | C117: 兩站 | D117: fresh_control | E117: svd+ransac | F117: 12 | G117: s2-s6 | H117: 0 | I117: 0 | J117: 0 | N117: 1 | O117: 1 | P117: 0 | R117: 6.47946 | S117: control | T117: results/eth_trees/tuning_20261025/runs/fresh_rows.csv
A118: ETH-Trees | B118: Trees | C118: 兩站 | D118: fresh_control | E118: svd | F118: 13 | G118: s2-s3 | H118: 1 | I118: 1 | J118: 1 | K118: 0.21014184 | L118: 0.0060745296 | M118: 0.015881842 | N118: 7 | O118: 7 | P118: 0 | R118: 5.468765 | S118: control | T118: results/eth_trees/tuning_20261025/runs/fresh_rows.csv
A119: ETH-Trees | B119: Trees | C119: 兩站 | D119: fresh_control | E119: svd+ransac | F119: 13 | G119: s2-s3 | H119: 1 | I119: 1 | J119: 1 | K119: 0.21014184 | L119: 0.0060745296 | M119: 0.015881842 | N119: 7 | O119: 7 | P119: 7 | R119: 5.960401 | S119: control | T119: results/eth_trees/tuning_20261025/runs/fresh_rows.csv
A120: ETH-Trees | B120: Trees | C120: 兩站 | D120: fresh_control | E120: svd | F120: 13 | G120: s2-s4 | H120: 1 | I120: 1 | J120: 1 | K120: 0.70515461 | L120: 0.040599628 | M120: 0.061366068 | N120: 8 | O120: 8 | P120: 0 | R120: 1.598543 | S120: control | T120: results/eth_trees/tuning_20261025/runs/fresh_rows.csv
A121: ETH-Trees | B121: Trees | C121: 兩站 | D121: fresh_control | E121: svd+ransac | F121: 13 | G121: s2-s4 | H121: 1 | I121: 1 | J121: 1 | K121: 0.70515461 | L121: 0.040599628 | M121: 0.061366068 | N121: 8 | O121: 8 | P121: 8 | R121: 2.101787 | S121: control | T121: results/eth_trees/tuning_20261025/runs/fresh_rows.csv
A122: ETH-Trees | B122: Trees | C122: 兩站 | D122: fresh_control | E122: svd | F122: 13 | G122: s2-s5 | H122: 1 | I122: 1 | J122: 0 | K122: 2.9454153 | L122: 0.58826279 | M122: 0.62956347 | N122: 3 | O122: 3 | P122: 0 | R122: 2.392467 | S122: control | T122: results/eth_trees/tuning_20261025/runs/fresh_rows.csv
A123: ETH-Trees | B123: Trees | C123: 兩站 | D123: fresh_control | E123: svd+ransac | F123: 13 | G123: s2-s5 | H123: 1 | I123: 1 | J123: 0 | K123: 2.9454153 | L123: 0.58826279 | M123: 0.62956347 | N123: 3 | O123: 3 | P123: 3 | R123: 2.612843 | S123: control | T123: results/eth_trees/tuning_20261025/runs/fresh_rows.csv
A124: ETH-Trees | B124: Trees | C124: 兩站 | D124: fresh_control | E124: svd | F124: 13 | G124: s2-s6 | H124: 0 | I124: 1 | J124: 0 | K124: 1.2266674 | L124: 0.6822901 | M124: 0.6843286 | N124: 4 | O124: 4 | P124: 0 | R124: 2.217117 | S124: control | T124: results/eth_trees/tuning_20261025/runs/fresh_rows.csv
A125: ETH-Trees | B125: Trees | C125: 兩站 | D125: fresh_control | E125: svd+ransac | F125: 13 | G125: s2-s6 | H125: 0 | I125: 1 | J125: 0 | K125: 8.1820082 | L125: 1.7295577 | M125: 1.7623496 | N125: 4 | O125: 4 | P125: 3 | R125: 2.500316 | S125: control | T125: results/eth_trees/tuning_20261025/runs/fresh_rows.csv
...

Sheet 估計變換
A1: 資料集 | B1: 方法代碼 | C1: solver | D1: seed | E1: source | F1: target | G1: 求得變換 | H1: r00 | I1: r01 | J1: r02 | K1: r10 | L1: r11 | M1: r12 | N1: r20 | O1: r21 | P1: r22 | Q1: t0 | R1: t1 | S1: t2
A2: ETH-Trees | B2: fresh_control | C2: svd | D2: 11 | E2: s1 | F2: s2 | G2: 1 | H2: -0.71809643 | I2: -0.69587985 | J2: 0.0094205368 | K2: 0.69585934 | L2: -0.71815434 | M2: -0.0058411735 | N2: 0.010830154 | O2: 0.0023608427 | P2: 0.99993857 | Q2: -11.080821 | R2: -0.86532821 | S2: 0.61850745
A3: ETH-Trees | B3: fresh_control | C3: svd+ransac | D3: 11 | E3: s1 | F3: s2 | G3: 1 | H3: -0.71809643 | I3: -0.69587985 | J3: 0.0094205368 | K3: 0.69585934 | L3: -0.71815434 | M3: -0.0058411735 | N3: 0.010830154 | O3: 0.0023608427 | P3: 0.99993857 | Q3: -11.080821 | R3: -0.86532821 | S3: 0.61850745
A4: ETH-Trees | B4: fresh_control | C4: svd | D4: 11 | E4: s1 | F4: s3 | G4: 1 | H4: 0.93337108 | I4: 0.35801394 | J4: -0.025386019 | K4: -0.35776368 | L4: 0.93370793 | M4: 0.01395171 | N4: 0.028698034 | O4: -0.0039399265 | P4: 0.99958036 | Q4: 8.3258764 | R4: 1.3955839 | S4: 0.92679116
A5: ETH-Trees | B5: fresh_control | C5: svd+ransac | D5: 11 | E5: s1 | F5: s3 | G5: 1 | H5: 0.93355627 | I5: 0.35819461 | J5: -0.01301212 | K5: -0.35799487 | L5: 0.93359611 | M5: 0.015426743 | N5: 0.017673841 | O5: -0.0097434606 | P5: 0.99979633 | Q5: 8.3670479 | R5: 1.3946954 | S5: 0.75988866
A6: ETH-Trees | B6: fresh_control | C6: svd | D6: 11 | E6: s1 | F6: s4 | G6: 1 | H6: 0.90264076 | I6: 0.43014218 | J6: -0.014743613 | K6: -0.43028024 | L6: 0.90266117 | M6: -0.0078571637 | N6: 0.0099287892 | O6: 0.013436081 | P6: 0.99986044 | Q6: 22.822959 | R6: 6.5478754 | S6: 1.6022451
A7: ETH-Trees | B7: fresh_control | C7: svd+ransac | D7: 11 | E7: s1 | F7: s4 | G7: 1 | H7: 0.90264076 | I7: 0.43014218 | J7: -0.014743613 | K7: -0.43028024 | L7: 0.90266117 | M7: -0.0078571637 | N7: 0.0099287892 | O7: 0.013436081 | P7: 0.99986044 | Q7: 22.822959 | R7: 6.5478754 | S7: 1.6022451
A8: ETH-Trees | B8: fresh_control | C8: svd | D8: 11 | E8: s1 | F8: s5 | G8: 1 | H8: 0.22340877 | I8: -0.97460739 | J8: 0.015131158 | K8: 0.97427478 | L8: 0.22280701 | M8: -0.033848102 | N8: 0.029617283 | O8: 0.022303868 | P8: 0.99931244 | Q8: -16.532613 | R8: 20.417667 | S8: 1.5662435
A9: ETH-Trees | B9: fresh_control | C9: svd+ransac | D9: 11 | E9: s1 | F9: s5 | G9: 1 | H9: 0.22574444 | I9: -0.97418654 | J9: -0.0002028874 | K9: 0.97412973 | L9: 0.22573351 | M9: -0.010753751 | N9: 0.010521958 | O9: 0.0022299609 | P9: 0.99994216 | Q9: -16.526495 | R9: 20.514996 | S9: 1.0965589
A10: ETH-Trees | B10: fresh_control | C10: svd | D10: 11 | E10: s1 | F10: s6 | G10: 1 | H10: 0.97485781 | I10: 0.16627193 | J10: 0.14834387 | K10: -0.16669896 | L10: 0.98596073 | M10: -0.0096385291 | N10: -0.14786385 | O10: -0.015332573 | P10: 0.98888887 | Q10: 25.677231 | R10: 19.32466 | S10: -1.5353695
A11: ETH-Trees | B11: fresh_control | C11: svd+ransac | D11: 11 | E11: s1 | F11: s6 | G11: 1 | H11: 0.97485781 | I11: 0.16627193 | J11: 0.14834387 | K11: -0.16669896 | L11: 0.98596073 | M11: -0.0096385291 | N11: -0.14786385 | O11: -0.015332573 | P11: 0.98888887 | Q11: 25.677231 | R11: 19.32466 | S11: -1.5353695
A12: ETH-Trees | B12: fresh_control | C12: svd | D12: 12 | E12: s1 | F12: s2 | G12: 1 | H12: -0.71844562 | I12: -0.69554387 | J12: 0.0073901934 | K12: 0.6955214 | L12: -0.71848286 | M12: -0.0056894167 | N12: 0.0092669662 | O12: 0.0010525012 | P12: 0.99995651 | Q12: -11.087378 | R12: -0.8736621 | S12: 0.60204628
A13: ETH-Trees | B13: fresh_control | C13: svd+ransac | D13: 12 | E13: s1 | F13: s2 | G13: 1 | H13: -0.71844562 | I13: -0.69554387 | J13: 0.0073901934 | K13: 0.6955214 | L13: -0.71848286 | M13: -0.0056894167 | N13: 0.0092669662 | O13: 0.0010525012 | P13: 0.99995651 | Q13: -11.087378 | R13: -0.8736621 | S13: 0.60204628
... A29: ETH-Trees | B29: fresh_control | C29: svd+ransac | D29: 13 | E29: s1 | F29: s5 | G29: 1 | H29: 0.22739118 | I29: -0.97380156 | J29: 0.0019401214 | K29: 0.97375896 | L29: 0.22736127 | M29: -0.010017202 | N29: 0.0093136583 | O29: 0.004167034 | P29: 0.99994794 | Q29: -16.503814 | R29: 20.549695 | S29: 1.1078242
A30: ETH-Trees | B30: fresh_control | C30: svd | D30: 13 | E30: s1 | F30: s6 | G30: 0
A31: ETH-Trees | B31: fresh_control | C31: svd+ransac | D31: 13 | E31: s1 | F31: s6 | G31: 0
A32: ETH-Trees | B32: fresh_control | C32: svd | D32: 14 | E32: s1 | F32: s2 | G32: 0
A33: ETH-Trees | B33: fresh_control | C33: svd+ransac | D33: 14 | E33: s1 | F33: s2 | G33: 0
A34: ETH-Trees | B34: fresh_control | C34: svd | D34: 14 | E34: s1 | F34: s3 | G34: 1 | H34: 0.93339472 | I34: 0.35860254 | J34: -0.013360767 | K34: -0.35846026 | L34: 0.93346879 | M34: 0.011927343 | N34: 0.016749034 | O34: -0.0063436155 | P34: 0.9998396 | Q34: 8.3745377 | R34: 1.381641 | S34: 0.78869758
A35: ETH-Trees | B35: fresh_control | C35: svd+ransac | D35: 14 | E35: s1 | F35: s3 | G35: 1 | H35: 0.93339472 | I35: 0.35860254 | J35: -0.013360767 | K35: -0.35846026 | L35: 0.93346879 | M35: 0.011927343 | N35: 0.016749034 | O35: -0.0063436155 | P35: 0.9998396 | Q35: 8.3745377 | R35: 1.381641 | S35: 0.78869758
A36: ETH-Trees | B36: fresh_control | C36: svd | D36: 14 | E36: s1 | F36: s4 | G36: 0
A37: ETH-Trees | B37: fresh_control | C37: svd+ransac | D37: 14 | E37: s1 | F37: s4 | G37: 0
A38: ETH-Trees | B38: fresh_control | C38: svd | D38: 14 | E38: s1 | F38: s5 | G38: 1 | H38: 0.22629018 | I38: -0.9739546 | J38: 0.014324869 | K38: 0.97404968 | L38: 0.22619584 | M38: -0.0079158845 | N38: 0.0044694862 | O38: 0.015744421 | P38: 0.99986606 | Q38: -16.492219 | R38: 20.502457 | S38: 1.232499
A39: ETH-Trees | B39: fresh_control | C39: svd+ransac | D39: 14 | E39: s1 | F39: s5 | G39: 1 | H39: 0.22629018 | I39: -0.9739546 | J39: 0.014324869 | K39: 0.97404968 | L39: 0.22619584 | M39: -0.0079158845 | N39: 0.0044694862 | O39: 0.015744421 | P39: 0.99986606 | Q39: -16.492219 | R39: 20.502457 | S39: 1.232499
A40: ETH-Trees | B40: fresh_control | C40: svd | D40: 14 | E40: s1 | F40: s6 | G40: 1 | H40: 0.98690711 | I40: 0.15330573 | J40: -0.050116909 | K40: -0.15113655 | L40: 0.98750828 | M40: 0.04455482 | N40: 0.056321372 | O40: -0.036396972 | P40: 0.99774905 | Q40: 25.088068 | R40: 19.888485 | S40: 2.2753003
A41: ETH-Trees | B41: fresh_control | C41: svd+ransac | D41: 14 | E41: s1 | F41: s6 | G41: 1 | H41: 0.98815176 | I41: 0.15240517 | J41: -0.018132019 | K41: -0.15197385 | L41: 0.98811271 | M41: 0.023178002 | N41: 0.021448926 | O41: -0.020147791 | P41: 0.99956691 | Q41: 25.150246 | R41: 19.858751 | S41: 2.2178402
A42: ETH-Trees | B42: fresh_control | C42: svd | D42: 15 | E42: s1 | F42: s2 | G42: 1 | H42: -0.71628813 | I42: -0.69780353 | J42: -0.0012454805 | K42: 0.69778182 | L42: -0.71624913 | M42: -0.0093656958 | N42: 0.0056433413 | O42: -0.0075776104 | P42: 0.99995537 | Q42: -11.101492 | R42: -0.81372992 | S42: 0.45029086
A43: ETH-Trees | B43: fresh_control | C43: svd+ransac | D43: 15 | E43: s1 | F43: s2 | G43: 1 | H43: -0.71628813 | I43: -0.69780353 | J43: -0.0012454805 | K43: 0.69778182 | L43: -0.71624913 | M43: -0.0093656958 | N43: 0.0056433413 | O43: -0.0075776104 | P43: 0.99995537 | Q43: -11.101492 | R43: -0.81372992 | S43: 0.45029086
A44: ETH-Trees | B44: fresh_control | C44: svd | D44: 15 | E44: s1 | F44: s3 | G44: 1 | H44: 0.93455653 | I44: 0.35578446 | J44: -0.0046374427 | K44: -0.35578598 | L44: 0.93456731 | M44: 0.00052059559 | N44: 0.0045192222 | O44: 0.0011634111 | P44: 0.99998911 | Q44: 8.3914071 | R44: 1.3878388 | S44: 0.68365974
A45: ETH-Trees | B45: fresh_control | C45: svd+ransac | D45: 15 | E45: s1 | F45: s3 | G45: 1 | H45: 0.93455653 | I45: 0.35578446 | J45: -0.0046374427 | K45: -0.35578598 | L45: 0.93456731 | M45: 0.00052059559 | N45: 0.0045192222 | O45: 0.0011634111 | P45: 0.99998911 | Q45: 8.3914071 | R45: 1.3878388 | S45: 0.68365974
A46: ETH-Trees | B46: fresh_control | C46: svd | D46: 15 | E46: s1 | F46: s4 | G46: 0
A47: ETH-Trees | B47: fresh_control | C47: svd+ransac | D47: 15 | E47: s1 | F47: s4 | G47: 0
A48: ETH-Trees | B48: fresh_control | C48: svd | D48: 15 | E48: s1 | F48: s5 | G48: 1 | H48: 0.22299296 | I48: -0.97478682 | J48: 0.0080494698 | K48: 0.97474142 | L48: 0.22286249 | M48: -0.014542197 | N48: 0.012381617 | O48: 0.011088959 | P48: 0.99986186 | Q48: -16.563046 | R48: 20.463895 | S48: 1.2989194
A49: ETH-Trees | B49: fresh_control | C49: svd+ransac | D49: 15 | E49: s1 | F49: s5 | G49: 1 | H49: 0.22299296 | I49: -0.97478682 | J49: 0.0080494698 | K49: 0.97474142 | L49: 0.22286249 | M49: -0.014542197 | N49: 0.012381617 | O49: 0.011088959 | P49: 0.99986186 | Q49: -16.563046 | R49: 20.463895 | S49: 1.2989194
A50: ETH-Trees | B50: fresh_control | C50: svd | D50: 15 | E50: s1 | F50: s6 | G50: 1 | H50: 0.98880565 | I50: 0.1478958 | J50: -0.019753873 | K50: -0.14771633 | L50: 0.98897652 | M50: 0.01026311 | N50: 0.021053987 | O50: -0.0072302518 | P50: 0.9997522 | Q50: 25.13007 | R50: 19.822542 | S50: 2.1739949
A51: ETH-Trees | B51: fresh_control | C51: svd+ransac | D51: 15 | E51: s1 | F51: s6 | G51: 1 | H51: 0.98880565 | I51: 0.1478958 | J51: -0.019753873 | K51: -0.14771633 | L51: 0.98897652 | M51: 0.01026311 | N51: 0.021053987 | O51: -0.0072302518 | P51: 0.9997522 | Q51: 25.13007 | R51: 19.822542 | S51: 2.1739949
A52: ETH-Trees | B52: fresh_control | C52: svd | D52: 16 | E52: s1 | F52: s2 | G52: 1 | H52: -0.7181442 | I52: -0.6958688 | J52: 0.0059595791 | K52: 0.69584682 | L52: -0.71816891 | M52: -0.0055340312 | N52: 0.0081309441 | O52: 0.00017272177 | P52: 0.99996693 | Q52: -11.073243 | R52: -0.87428087 | S52: 0.59690736
A53: ETH-Trees | B53: fresh_control | C53: svd+ransac | D53: 16 | E53: s1 | F53: s2 | G53: 1 | H53: -0.7181442 | I53: -0.6958688 | J53: 0.0059595791 | K53: 0.69584682 | L53: -0.71816891 | M53: -0.0055340312 | N53: 0.0081309441 | O53: 0.00017272177 | P53: 0.99996693 | Q53: -11.073243 | R53: -0.87428087 | S53: 0.59690736
A54: ETH-Trees | B54: fresh_control | C54: svd | D54: 16 | E54: s1 | F54: s3 | G54: 1 | H54: 0.93424634 | I54: 0.35651402 | J54: -0.0090296834 | K54: -0.35647507 | L54: 0.93428768 | M54: 0.0056623033 | N54: 0.010455012 | O54: -0.0020711291 | P54: 0.9999432 | Q54: 8.3886131 | R54: 1.3959354 | S54: 0.70248018
